search URL:,https://patents.google.com/?assignee=Univ+Birmingham&after=filing:20100101&language=ENGLISH
id,title,assignee,inventor/author,priority date,filing/creation date,publication date,grant date,result link,representative figure link
US-9879985-B2,Simultaneous multiple view surface geometry acquisition using structured light and mirrors ,The University Of Birmingham Edgbaston,"Hector Richard Abraham Basevi, James Andrew Guggenheim, Hamid Dehghani, Iain Bruce Styles",2012-12-12,2013-12-09,2018-01-30,2018-01-30,https://patents.google.com/patent/US9879985B2/en,https://patentimages.storage.googleapis.com/27/db/74/90a5d8130a4f1e/US09879985-20180130-D00000.png
AU-2020202434-A1,Target peptides for immunotherapy and diagnostics ,"The University Of Birmingham, University Of Virginia Patent Foundation","Mark Cobbold, Kara L. Cummings, Victor H. Engelhard, Doland F. Hunt, Stacey A. Malaker, Rebecca C. Obeng, Jeffrey Shabanowitz, Angela Zarling",2012-08-31,2020-04-07,2020-04-30,,https://patents.google.com/patent/AU2020202434A1/en,
US-10829817-B2,Therapeutic targets for Alzheimer's disease ,The University Of Birmingham,Zsuzsanna Nagy,2012-07-11,2018-03-15,2020-11-10,2020-11-10,https://patents.google.com/patent/US10829817B2/en,https://patentimages.storage.googleapis.com/8c/6c/98/f225d2ba24560e/US10829817-20201110-D00001.png
US-2019270779-A1,Re-Directed Immunotherapy ,The University Of Birmingham,"Mark Cobbold, David Millar",2011-03-17,2019-03-27,2019-09-05,,https://patents.google.com/patent/US20190270779A1/en,https://patentimages.storage.googleapis.com/a3/98/81/2a0c6c349cfe81/US20190270779A1-20190905-D00001.png
EP-2646584-B1,Magnet recycling ,The University of Birmingham,"Ivor Rex Harris, John Speight, Allan Walton",2010-12-02,2011-12-02,2018-09-26,2018-09-26,https://patents.google.com/patent/EP2646584B1/en,https://patentimages.storage.googleapis.com/a9/df/ee/477a20de1c0c7b/imgf0001.png
US-2018105599-A1,Immunotherapeutic molecules and uses ,The University Of Birmingham,"Mark Cobbold, David Millar",2012-02-28,2017-09-19,2018-04-19,,https://patents.google.com/patent/US20180105599A1/en,https://patentimages.storage.googleapis.com/5d/cf/8b/23c4823686f752/US20180105599A1-20180419-D00000.png
US-9492532-B2,Nucleic acids encoding mosaic HIV-1 gag proteins ,"Duke University, U. Of Alabama At Birmingham Research Foundation, Beth Israel Deaconess Medical Center, Los Alamos National Security, Llc","Bette T. Korber, Simon Perkins, Tanmoy Bhattacharya, William M. Fischer, James Theiler, Norman Letvin, Barton F. Haynes, Beatrice H. Hahn, Karina Yusim, Carla Kuiken",2005-08-23,2015-04-17,2016-11-15,2016-11-15,https://patents.google.com/patent/US9492532B2/en,https://patentimages.storage.googleapis.com/28/cd/24/4e867d3e686fe1/US09492532-20161115-D00001.png
US-2021060101-A1,Tropic cell based virotherapy for the treatment of cancer ,"City Of Hope, University Of Chicago, University Of Alabama At Birmingham","Karen S. Aboody, Alexander J. ANNALA, David CURIEL, Maciej LESNIAK",2013-03-13,2020-07-13,2021-03-04,,https://patents.google.com/patent/US20210060101A1/en,https://patentimages.storage.googleapis.com/48/23/d0/0ad7769cf67322/US20210060101A1-20210304-D00001.png
US-9844589-B2,Modified human immunodeficiency virus type 1 (HIV-1) group M consensus envelope glycoproteins capable of inducing broadly reactive T- and B-cell responses ,"Duke University, The University Of Alabama Birmingham Research Foundation, Los Alamos National Security, Llc","Barton F. Haynes, Feng Gao, Bette T. Korber, Beatrice H. Hahn, George M. Shaw, Denise Kothe, Ying Ying Li, Julie Decker, Hua-Xin Liao",2003-09-17,2011-08-23,2017-12-19,2017-12-19,https://patents.google.com/patent/US9844589B2/en,https://patentimages.storage.googleapis.com/88/ef/cf/532a48404852e4/US09844589-20171219-D00000.png
US-11165330-B2,Elimination of commutation failure of LCC HVDC system ,The University Of Birmingham,"Xiao-Ping Zhang, Ying Xue",2017-07-13,2018-07-05,2021-11-02,2021-11-02,https://patents.google.com/patent/US11165330B2/en,https://patentimages.storage.googleapis.com/bc/35/12/42f76e269c6d6a/US11165330-20211102-D00000.png
US-9517243-B2,Beta-mannosylceramide and stimulation of NKT cell anti-tumor immunity ,"The United States Of America, As Represented By The Secretary, Department Of Health And Human Services, The University Of Birmingham Of Edgbaston","Jay A. Berzofsky, Jessica J. O'Konek, Masaki Terabe, Petr A. Illarionov, Gurdyal S. Besra",2010-03-12,2015-10-09,2016-12-13,2016-12-13,https://patents.google.com/patent/US9517243B2/en,https://patentimages.storage.googleapis.com/6a/29/a6/1c23ad2918e6e7/US09517243-20161213-D00001.png
US-9821053-B2,Human Immunodeficiency Virus type 1 group M consensus and mosaic envelope glycoproteins ,"Duke University, Los Alamos National Security, Llc, The Uab Research Foundation, Beth Israel Deaconess Medical Center","Bette T. Korber, William Fischer, Hua-Xin Liao, Barton F. Haynes, Norman Letvin, Beatrice H. Hahn",2005-08-23,2015-04-17,2017-11-21,2017-11-21,https://patents.google.com/patent/US9821053B2/en,https://patentimages.storage.googleapis.com/d1/bf/f2/388ca49b820204/US09821053-20171121-D00001.png
US-8188313-B2,Analogs of alpha galactosylceramide and uses thereof ,"The University Of Birmingham, Chancellor Masters And Scholars Of The University Of Oxford, Ludwig Institute For Cancer Research","Vincenzo Cerundolo, Richard Schmidt, Gopal Reddy, Rengarajan Balamurugan, Gerd Ritter, Gurdyal Besra, Mariolina Salio, Jonathan Silk",2005-10-25,2011-09-13,2012-05-29,2012-05-29,https://patents.google.com/patent/US8188313B2/en,https://patentimages.storage.googleapis.com/85/a8/e2/b36d9753a4123c/US08188313-20120529-D00001.png
US-2021154279-A1,Target peptides for colorectal cancer therapy and diagnostics ,"University Of Virginia Patent Foundation, The University Of Birmingham","Donald F. Hunt, Jeffrey Shabanowitz, Jennifer G. Abelin, Mark Cobbold, Sarah Penny",2012-09-05,2020-06-15,2021-05-27,,https://patents.google.com/patent/US20210154279A1/en,https://patentimages.storage.googleapis.com/e0/d9/4d/7f64112c66aeee/US20210154279A1-20210527-D00001.png
US-11414705-B2,Salivary biomarkers of brain injury ,The University Of Birmingham,"Antonio Belli, Valentina Di Pietro",2016-03-08,2019-12-31,2022-08-16,2022-08-16,https://patents.google.com/patent/US11414705B2/en,https://patentimages.storage.googleapis.com/79/9f/b1/1aedc8fa310b05/US11414705-20220816-D00001.png
EP-2917961-B1,Reconfigurable mimo antenna for vehicles ,The University Of Birmingham,"Zhen Hua HU, Peter Hall, Peter Gardner",2012-11-09,2013-10-31,2016-04-27,2016-04-27,https://patents.google.com/patent/EP2917961B1/en,https://patentimages.storage.googleapis.com/05/f1/83/a1494838462598/imgf0001.png
EP-2786479-B1,Power converter ,The University of Birmingham,"Xiao-Ping Zhang, Zhou Li",2011-11-30,2012-11-29,2020-09-23,2020-09-23,https://patents.google.com/patent/EP2786479B1/en,https://patentimages.storage.googleapis.com/23/6c/4e/226727544ce259/imgf0001.png
US-10850082-B2,Microfluidic devices and fabrication ,"Newsouth Innovations Pty Limited, The University Of Birmingham","Zahra Faraji Rad, Robert Ernest Nordon, Graham James Davies, Carl John Anthony, Philip Prewett",2014-09-03,2015-09-03,2020-12-01,2020-12-01,https://patents.google.com/patent/US10850082B2/en,https://patentimages.storage.googleapis.com/01/dd/88/7f4a0492947672/US10850082-20201201-D00000.png
US-2013307742-A1,Balanced antenna system ,The University Of Birmingham,"Zhen Hua Sampson Hu, Peter Hall",2010-11-29,2011-11-11,2013-11-21,,https://patents.google.com/patent/US20130307742A1/en,https://patentimages.storage.googleapis.com/e2/80/fb/f004d738136f61/US20130307742A1-20131121-D00000.png
US-2020038544-A1,Dressing ,University Of Birmingham,"Liam Grover, Ann Logan, Felicity DE COGAN, Gurpreet CHOUHAN",2015-01-12,2019-08-14,2020-02-06,,https://patents.google.com/patent/US20200038544A1/en,https://patentimages.storage.googleapis.com/9c/53/fe/1d1410360ca1bf/US20200038544A1-20200206-D00001.png
US-11566075-B2,Antibodies and related molecules and uses thereof ,"Cancer Research Technology Limited, The University Of Birmingham","Roy Bicknell, Steven Lee",2016-03-15,2017-03-14,2023-01-31,2023-01-31,https://patents.google.com/patent/US11566075B2/en,https://patentimages.storage.googleapis.com/9e/5b/7f/57c89cc673be64/US11566075-20230131-D00005.png
EP-3292626-B1,Elimination of commutation failure by hybrid hvdc system ,The University of Birmingham,"Xiao-Ping Zhang, Ying XUE",2015-05-05,2016-04-11,2022-08-03,2022-08-03,https://patents.google.com/patent/EP3292626B1/en,https://patentimages.storage.googleapis.com/97/41/4d/32c356a249ed3e/imgf0001.png
US-11303088-B2,Optical frequency manipulation ,The University Of Birmingham,"Yu-Hung Lien, Michael Holynski, Lingxiao Zhu, Kai BONGS",2017-07-27,2018-07-27,2022-04-12,2022-04-12,https://patents.google.com/patent/US11303088B2/en,https://patentimages.storage.googleapis.com/70/5c/9c/21e1068abbe316/US11303088-20220412-D00000.png
EP-2785683-A1,Inkt cell modulators and methods of using the same ,"The Chancellor, Masters and Scholars of The University of Oxford, The University of Birmingham","Vincenzo Cerundolo, Gurdyal Besra, Cox LIAM",2011-11-30,2012-11-30,2014-10-08,,https://patents.google.com/patent/EP2785683A1/en,
CN-108884167-A,Chimeric antigen receptor ,"癌症研究技术有限公司, 伯明翰大学, 细胞治疗飞跃有限责任公司","R.比克内尔, S.李, N.芒特, M.夏普",2016-03-15,2017-03-14,2018-11-23,,https://patents.google.com/patent/CN108884167A/en,
CN-111886156-A,Vehicle charging ,伯明翰大学,"丁玉龙, 赵彦琦, 曹惠, 聂彬剑",2018-02-21,2019-02-21,2020-11-03,,https://patents.google.com/patent/CN111886156A/en,https://patentimages.storage.googleapis.com/78/ff/58/65c00014709d29/HDA0002692857470000041.png
US-2022387567-A1,Compositions and methods for treating diseases and disorders associated with aberrant regulation of proteins ,"University Of Virginia Patent Foundation, The University Of Birmingham, The General Hospital Corporation","Donald F. Hunt, Jeffrey Shabanowitz, Keira MAHONEY, Jennifer G. Abelin, Mohammad Ovais Azizzanjani, Paisley Trantham Myers, Stacy Alyse Malaker, Andrew Norris, Jennifer Hitchcock, Xi Peng, Negin Ghafourian, Mark Cobbold, Sarah Penny, Nico Buettner, James M. Heather",2019-03-21,2020-03-23,2022-12-08,,https://patents.google.com/patent/US20220387567A1/en,https://patentimages.storage.googleapis.com/f6/fe/8b/c1c6c3ecce0c7a/US20220387567A1-20221208-D00000.png
AU-2021286403-A1,Target peptides for cancer therapy and diagnostics ,"The University Of Birmingham, University Of Virginia Patent Foundation","Nico BUTTNER, Mark Cobbold, Donald F. Hunt, Stacy Alyse Malaker, Sarah PENNY, Jeffrey Shabanowitz, Paisley TRANTHAM MYERS",2016-05-05,2021-12-17,2022-01-20,,https://patents.google.com/patent/AU2021286403A1/en,
WO-2015034519-A1,Target peptides for immunotherapy and diagnostics ,"University Of Virginia Patent Foundation, The University Of Birmingham","Donald F. Hunt, Jeffrey Shabanowitz, Stacy A. MALAKER, Victor H. Engelhard, Angela Zarling, Kara L. CUMMINGS, Rebecca C. OBENG, Mark Cobbold",2013-09-03,2013-09-06,2015-03-12,,https://patents.google.com/patent/WO2015034519A1/en,
HK-1256615-A1,Identification of class i mhc associated glycopeptides as targets for cancer immuno-therapy ,"Univ Virginia Patent Foundation, Univ Birmingham","Donald F Hunt, Jeffrey Shabanowitz, Stacy A Malaker, Mark Cobbold, Sarah Penny",2015-08-07,2018-12-10,2019-09-27,,https://patents.google.com/patent/HK1256615A1/en,
US-9775367-B2,Low fat chocolate ,The University Of Birmingham,"Ian Timothy Norton, Philip William Cox, Benjamin Jean Didier Le Reverend, Jennifer Elizabeth Norton",2009-06-15,2010-06-15,2017-10-03,2017-10-03,https://patents.google.com/patent/US9775367B2/en,https://patentimages.storage.googleapis.com/8b/85/1f/b6e8ccc4242d1b/US09775367-20171003-D00000.png
US-11154550-B2,Treatment for neurodegeneration ,The University Of Birmingham,"Zsuzsanna Nagy, Timothy Barrett",2012-09-27,2013-09-27,2021-10-26,2021-10-26,https://patents.google.com/patent/US11154550B2/en,https://patentimages.storage.googleapis.com/c5/2e/9e/00d3abf49b4355/US11154550-20211026-D00001.png
US-2020371096-A1,Molecular sensor preparations and uses thereof ,The University Of Birmingham,Paula Mendes,2014-02-04,2020-08-07,2020-11-26,,https://patents.google.com/patent/US20200371096A1/en,https://patentimages.storage.googleapis.com/3f/c2/6d/ec2dff183bb533/US20200371096A1-20201126-D00001.png
US-2018071388-A1,Use of vap-1 inhibitors for treating fibrotic conditions ,"Biotie Therapies Corp., The University Of Birmingham","Christopher Weston, Lee Charles Claridge, David Adams, David Smith, Nina WESTERLUND (DECEASED), Marjo Pihlavisto, Thua ÖSTERMAN (DECEASED)",2009-09-08,2017-09-21,2018-03-15,,https://patents.google.com/patent/US20180071388A1/en,https://patentimages.storage.googleapis.com/73/a6/1b/879d3338390ce2/US20180071388A1-20180315-D00001.png
US-2013263699-A1,Magnet Recycling ,The University Of Birmingham,"Ivor Rex Harris, Andrew Williams, Allan Walton, John D. Speight",2010-12-02,2013-05-31,2013-10-10,,https://patents.google.com/patent/US20130263699A1/en,https://patentimages.storage.googleapis.com/96/bd/bb/aa0d650a055742/US20130263699A1-20131010-D00000.png
GB-201101201-D0,Magnet recovery method ,Univ Birmingham,,2011-01-24,2011-01-24,2011-03-09,,https://patents.google.com/patent/GB201101201D0/en,
EP-2502116-A2,Photoresist composition ,The University of Birmingham,"Alex Robinson, Richard Palmer, Jon Andrew Preece",2009-11-18,2010-11-18,2012-09-26,,https://patents.google.com/patent/EP2502116A2/en,
EP-3487879-A2,Inhibitors of the mmrn2 interaction with clec14a and/or cd93 ,The University of Birmingham,"Roy Bicknell, Kabir Ali KHAN",2016-07-25,2017-07-24,2019-05-29,,https://patents.google.com/patent/EP3487879A2/en,
US-2015010703-A1,Spin on Hard-Mask Material ,The University Of Birmingham,"Andreas Frommhold, Alex Robinson, Jedsada Manyam",2012-02-10,2013-01-31,2015-01-08,,https://patents.google.com/patent/US20150010703A1/en,https://patentimages.storage.googleapis.com/73/b1/b2/755b662e09f782/US20150010703A1-20150108-D00000.png
EP-3987170-A1,Fast frequency support from wind turbine systems ,The University of Birmingham,"Xiao-Ping Zhang, Ying XUE, Xianxian Zhao",2019-06-21,2020-06-10,2022-04-27,,https://patents.google.com/patent/EP3987170A1/en,
EP-3123253-A2,Controlled atom source ,The University Of Birmingham,"Ole KOCK, Yeshpal SINGH, Kai BONGS, Wei He",2014-03-24,2015-03-24,2017-02-01,,https://patents.google.com/patent/EP3123253A2/en,
CN-112135823-A,Luminescent compounds ,伯明翰大学,"亚历克斯·罗宾逊, 乔恩·普里斯, 格雷戈里·奥卡拉汉, 卡罗利斯·维兹比卡斯, 欧文·琼斯, 丹尼斯·赵, 迈克尔·巴特林, 萨里纳·松德",2018-03-21,2019-03-21,2020-12-25,,https://patents.google.com/patent/CN112135823A/en,https://patentimages.storage.googleapis.com/6f/a9/aa/52b6dda500d56e/HDA0002785114030000051.png
US-2014194466-A1,Perhexiline for use in the treatment of hypertrophic cardiomyopathy (hcm) ,The University Of Birmingham,"Houman Ashrafian, Michael Paul Frenneaux",2009-05-13,2014-02-21,2014-07-10,,https://patents.google.com/patent/US20140194466A1/en,https://patentimages.storage.googleapis.com/c8/66/58/3d3431c9d8dd71/US20140194466A1-20140710-D00001.png
CN-104756314-A,Reconfigurable antenna ,伯明翰大学,"胡振华, 彼得·哈尔",2012-07-31,2013-07-12,2015-07-01,,https://patents.google.com/patent/CN104756314A/en,
CN-112368198-A,Vehicle power management system and method ,伯明翰大学,"徐宏明, 周泉",2018-06-29,2019-06-20,2021-02-12,,https://patents.google.com/patent/CN112368198A/en,https://patentimages.storage.googleapis.com/27/7b/6d/fe21767ea93e88/HDA0002860895280000011.png
CA-2756179-A1,Platinum group metal recovery from powdery waste ,"The University Of Birmingham, Angela Janet Murray",Angela Janet Murray,2009-03-27,2010-03-25,2010-09-30,,https://patents.google.com/patent/CA2756179A1/en,
US-2015102969-A1,Reconfigurable antenna ,The University Of Birmingham,"Peter Chun Teck Song, Peter Hall, James Robert Kelly",2009-10-21,2014-10-30,2015-04-16,,https://patents.google.com/patent/US20150102969A1/en,https://patentimages.storage.googleapis.com/83/9a/b9/64437be7e953a2/US20150102969A1-20150416-D00000.png
GB-201407934-D0,Formulation ,Univ Birmingham,,2014-05-06,2014-05-06,2014-06-18,,https://patents.google.com/patent/GB201407934D0/en,
GB-201309156-D0,Grasp modelling ,Univ Birmingham,,2013-05-21,2013-05-21,2013-07-03,,https://patents.google.com/patent/GB201309156D0/en,
EP-3724695-A1,Gravity gradiometer ,The University of Birmingham,"Andrew Lamb, Geoff DE VILLIERS, Michael HOLYNSKI, Kai BONGS",2017-12-15,2018-12-14,2020-10-21,,https://patents.google.com/patent/EP3724695A1/en,
EP-3016969-A1,Immunotherapy ,The University Of Birmingham,"Mark Cobbold, David Millar",2013-07-05,2014-07-04,2016-05-11,,https://patents.google.com/patent/EP3016969A1/en,
GB-201112839-D0,Multi-output antenna ,Univ Birmingham,,2011-07-26,2011-07-26,2011-09-07,,https://patents.google.com/patent/GB201112839D0/en,
AU-2016215604-B2,Targeting moiety peptide epitope complexes having a plurality of T-cell epitopes ,The University Of Birmingham,"Mark Cobbold, David Millar",2015-02-02,2016-02-01,2020-08-13,2020-08-13,https://patents.google.com/patent/AU2016215604B2/en,
GB-201608885-D0,Treatment ,Univ Birmingham,,2016-05-20,2016-05-20,2016-07-06,,https://patents.google.com/patent/GB201608885D0/en,
US-2022362145-A1,Therapeutic hydrogel compositions ,The University Of Birmingham,"Liam Grover, Anthony METCALFE, Richard Williams, Richard Moakes",2018-12-07,2019-12-09,2022-11-17,,https://patents.google.com/patent/US20220362145A1/en,https://patentimages.storage.googleapis.com/b1/26/59/88b54f879a0d7b/US20220362145A1-20221117-D00000.png
CN-104302583-A,Reactor for substrate oxidation ,伯明翰大学,布沙拉·阿杜利,2012-02-23,2013-02-19,2015-01-21,,https://patents.google.com/patent/CN104302583A/en,
GB-201608060-D0,Method of culturing T cells ,Univ Birmingham,,2016-05-09,2016-05-09,2016-06-22,,https://patents.google.com/patent/GB201608060D0/en,
WO-2010086587-A1,Multifunctional antenna ,The University Of Birmingham,"Peter Hall, Farid Ghanem",2009-01-29,2010-01-21,2010-08-05,,https://patents.google.com/patent/WO2010086587A1/en,
HK-1204868-A1,Animal feed supplement and assay method ,Univ Birmingham,"Rosemary Waring, John Hunter",2012-03-14,2015-06-19,2015-12-11,,https://patents.google.com/patent/HK1204868A1/en,
JP-2021013031-A,Magnet manufacturing ,"ザ ユニバーシティ オブ バーミンガム, Univ Birmingham, ザ  ユニバーシティ  オブ  バーミンガム","レックス ハリス，アイヴァー, Rex Harris Ivor, レックス ハリス，アイヴァー, ウォルトン，アラン, Walton Allan, ピーター ブルックス，オリバー, Peter Brooks Oliver, ピーター ブルックス，オリバー",2015-07-01,2020-10-01,2021-02-04,,https://patents.google.com/patent/JP2021013031A/en,
US-2022308069-A1,Markers for atrial fibrillation (af) ,University Of Birmingham,"Larissa Fabritz, Paulus Kirchhof",2014-07-23,2021-12-07,2022-09-29,,https://patents.google.com/patent/US20220308069A1/en,https://patentimages.storage.googleapis.com/a5/52/d0/b0b4837c3eb4c2/US20220308069A1-20220929-D00001.png
WO-2011077073-A1,Double emulsions ,The University Of Birmingham,"Fotis Spyropoulis, Ian Timothy Norton, Sarah Frasch-Melnik",2009-12-24,2010-12-15,2011-06-30,,https://patents.google.com/patent/WO2011077073A1/en,
WO-2017037408-A1,Method for antigen detection ,The University Of Birmingham,"Zoe PIKREMENOU, Mark Trehane Drayson",2015-09-04,2016-09-05,2017-03-09,,https://patents.google.com/patent/WO2017037408A1/en,
US-2014295550-A1,Hla peptide therapy ,The University Of Birmingham,"Simon Ball, Bernard Maillere",2006-05-09,2014-02-19,2014-10-02,,https://patents.google.com/patent/US20140295550A1/en,https://patentimages.storage.googleapis.com/b0/88/8b/7e6a8257480954/US20140295550A1-20141002-D00001.png
US-2015376701-A1,Biomarkers of autoimmune and/or chronic diseases associated with joint inflammation ,The University Of Birmingham,"Dagmar Scheel-Toellner, Lorraine Yeo, Karim Raza, Andrew Filer, Christopher Buckley",2013-01-31,2014-01-30,2015-12-31,,https://patents.google.com/patent/US20150376701A1/en,https://patentimages.storage.googleapis.com/f5/3a/a3/eadd712651c873/US20150376701A1-20151231-D00001.png
GB-2535515-A,Metasurface for control of light propogation ,"Univ Birmingham, Univ Paderborn","Zhang Shuang, Zheng Guoxing, Zentgraf Thomas, Muhlenbernd Holger",2015-02-19,2015-02-19,2016-08-24,,https://patents.google.com/patent/GB2535515A/en,
CN-112154143-A,Luminescent compounds ,伯明翰大学,"亚历克斯·罗宾逊, 乔恩·普里斯, 格雷戈里·奥卡拉汉, 卡罗利斯·维兹比卡斯, 欧文·琼斯, 丹尼斯·赵, 迈克尔·巴特林, 萨里纳·松德",2018-03-21,2019-03-21,2020-12-29,,https://patents.google.com/patent/CN112154143A/en,https://patentimages.storage.googleapis.com/24/90/6d/012b0bfcf3e061/HDA0002785120070000012.png
AU-2013319980-B2,Agents and methods ,The University Of Birmingham,"Mark Cobbold, David Millar",2012-09-18,2013-09-17,2017-02-09,2017-02-09,https://patents.google.com/patent/AU2013319980B2/en,
EP-2481103-A1,Ultrasound transducer array ,"University Of Dundee, University Of Birmingham (GB), The Institute of Cancer Research","Sandy Cochran, Christine Demore, Luis Garcia-Gancedo, Timothy Button, Jeff Bamber",2009-09-21,2010-09-21,2012-08-01,,https://patents.google.com/patent/EP2481103A1/en,
EP-2870269-B1,Method for Producing Long-Lasting Antibacterial Metallic Surfaces ,The University of Birmingham,"Hanshan Dong, Xiaoying Li, Yangchun DONG, Linhai TIAN",2012-07-05,2013-07-02,2020-09-02,2020-09-02,https://patents.google.com/patent/EP2870269B1/en,https://patentimages.storage.googleapis.com/14/e6/fd/932f7aff74a0a5/imgf0001.png
WO-2021181116-A1,Method of manufacturing a medical device ,"Johnson Matthey Public Limited Company, The University Of Birmingham","Moataz ATTALLAH, Parastoo JAMSHIDI, Hugh Hamilton",2020-03-12,2021-03-12,2021-09-16,,https://patents.google.com/patent/WO2021181116A1/en,
US-2020253540-A1,Method for Predicting Pain Sensitivity ,"University Of Baltimore, Maryland, The University Of Birmingham","David A. Seminowicz, Andrew J. Furman, Ali Mazaheri",2017-11-02,2020-05-01,2020-08-13,,https://patents.google.com/patent/US20200253540A1/en,https://patentimages.storage.googleapis.com/f0/eb/22/2afc0254b5be8f/US20200253540A1-20200813-D00000.png
WO-2014191718-A1,Nuclear battery ,University Of Birmingham,"Michael Ward, David CHENELER",2013-05-29,2014-05-16,2014-12-04,,https://patents.google.com/patent/WO2014191718A1/en,
US-10138261-B2,Ferrocenyl compounds ,The University Of Birmingham Edgbaston,"Chris Tselepis, James Tucker, Huy Van Nguyen, Nikolas John Hodges, Youcef Mehellou",2013-12-20,2014-12-19,2018-11-27,2018-11-27,https://patents.google.com/patent/US10138261B2/en,https://patentimages.storage.googleapis.com/da/57/ef/a5d487eb2bc554/US10138261-20181127-D00001.png
US-9943598-B2,Nanoparticles with attached DNA repair inhibitors and nuclear localisation signal elements ,The University Of Birmingham Edgbaston,Boris Kysela,2012-05-29,2013-05-28,2018-04-17,2018-04-17,https://patents.google.com/patent/US9943598B2/en,https://patentimages.storage.googleapis.com/b8/bd/34/aff20b7f38ed92/US09943598-20180417-D00000.png
WO-2016135509-A1,Ventilator system ,"University Hospitals Birmingham Nhs, The University Of Birmingham","Michael Parkes, Stuart Green, Thomas CLUTTON-BROCK",2015-02-27,2016-02-26,2016-09-01,,https://patents.google.com/patent/WO2016135509A1/en,
EP-3590184-A1,Elimination of commutation failure of lcc hvdc system ,The University of Birmingham,"Xiao-Ping Zhang, Ying XUE",2017-03-03,2018-03-01,2020-01-08,,https://patents.google.com/patent/EP3590184A1/en,
IL-230441-A0,Diagnosis of alzheimer's disease ,"Univ Birmingham, Zsuzsanna Nagy",,2011-07-15,2014-01-13,2014-03-31,,https://patents.google.com/patent/IL230441A0/en,
GB-202018397-D0,Improving congnitive function ,"Univ Birmingham, Univ Dalhousie",,2020-11-23,2020-11-23,2021-01-06,,https://patents.google.com/patent/GB202018397D0/en,
CN-108753012-A,A kind of environmentally friendly microcapsules and preparation method thereof containing antifouling property ,"广州高澜节能技术股份有限公司, 伯明翰大学, 华南理工大学","卢志敏, 张晓彤, 胡剑峰, 文玉良, 张志兵, 瞿金清",2018-01-04,2018-01-04,2018-11-06,,https://patents.google.com/patent/CN108753012A/en,
EP-2828658-A1,Methods of identifying hit-antibodies and pf4 antagonists and cell lines for use therein ,"The Trustees Of The University Of Pennsylvania, The University Of Birmingham","Steve P. Watson, Bruce SACHAIS, Douglas B. Cines",2012-03-23,2013-03-15,2015-01-28,,https://patents.google.com/patent/EP2828658A1/en,
CA-3175049-A1,Novel nutrients to enhance load-induced muscle hypertrophy ,"The Regents Of The University Of California, Keith Baar, Andrew PHILP, Simon SCHENK, The University Of Birmingham","Keith Baar, Andrew PHILP, Simon SCHENK",2020-03-10,2021-01-15,2021-04-15,,https://patents.google.com/patent/CA3175049A1/en,
EP-3818064-A1,Phosphoantigen prodrug compounds ,"University College Cardiff Consultants, Ltd., University of Birmingham","Youcef MEHELLOU, Benjamin WILLCOX",2018-07-04,2019-07-03,2021-05-12,,https://patents.google.com/patent/EP3818064A1/en,
WO-2019038555-A3,Tat expression system ,"The University Of Birmingham, The University Of Kent","Douglas Browning, Colin Robinson",2017-08-25,2018-08-23,2019-04-04,,https://patents.google.com/patent/WO2019038555A3/en,
WO-2020212692-A1,Hafnium and zirconium diboride containing ceramics ,The University Of Birmingham,"Jon Binner, William HILLMAN",2019-04-15,2020-04-14,2020-10-22,,https://patents.google.com/patent/WO2020212692A1/en,
EP-2401420-A1,Thermal barrier coatings ,The University of Birmingham,"Mary Taylor, Hugh Evans, Simon Gray, John Nicholls",2009-02-25,2010-02-24,2012-01-04,,https://patents.google.com/patent/EP2401420A1/en,
GB-201509641-D0,Composition ,Univ Birmingham,,2015-06-03,2015-06-03,2015-07-15,,https://patents.google.com/patent/GB201509641D0/en,
GB-201203409-D0,Gas diffusion electrode ,Univ Birmingham,,2012-02-28,2012-02-28,2012-04-11,,https://patents.google.com/patent/GB201203409D0/en,
EP-2575824-A2,Methods for the treatment and prevention of inflammatory diseases ,"Children's Medical Center Corporation, University Of Birmingham (GB)","Dale T. Umetsu, Rosemarie H. Dekruyff, Ya-Jen Chang, Petr Illarionov",2010-05-24,2011-05-24,2013-04-10,,https://patents.google.com/patent/EP2575824A2/en,
EP-2452199-A1,Solubilisation of membrane proteins ,The University of Birmingham,"Timothy Dafforn, Michael Overduin, Timothy Knowles",2009-07-08,2010-07-08,2012-05-16,,https://patents.google.com/patent/EP2452199A1/en,
EP-2396658-A1,Assay for detection of adrenal tumour ,The University of Birmingham,"Wiebke Arlt, Paul Michael Stewart",2009-02-16,2010-02-16,2011-12-21,,https://patents.google.com/patent/EP2396658A1/en,
GB-201320992-D0,Complex and uses thereof ,Univ Birmingham,,2013-11-28,2013-11-28,2014-01-15,,https://patents.google.com/patent/GB201320992D0/en,
EP-2726187-A1,Coated nanoparticles ,The University of Birmingham,"Zoe PIKRAMENOU, Nicola Rogers",2011-07-01,2012-06-28,2014-05-07,,https://patents.google.com/patent/EP2726187A1/en,
EP-3788598-A1,Automated oocyte detection and orientation ,The University of Birmingham,"Mozafar SAADAT, Amir Mohammad HAJIYAVAND",2018-04-30,2019-04-30,2021-03-10,,https://patents.google.com/patent/EP3788598A1/en,
US-2018200340-A1,Wound Treatment ,The University Of Birmingham,"Liam Grover, Ann Logan, Felicity Jane DE COGAN, Gurpreet CHOUHAN",2015-07-17,2016-07-18,2018-07-19,,https://patents.google.com/patent/US20180200340A1/en,https://patentimages.storage.googleapis.com/80/a0/d9/e9236015c41535/US20180200340A1-20180719-D00000.png
EP-2707494-A1,Extraction from cells ,The University of Birmingham,"Timothy Dafforn, Owen Robert TYRYNIS-THOMAS",2011-05-09,2012-05-09,2014-03-19,,https://patents.google.com/patent/EP2707494A1/en,
GB-201104447-D0,Comestible product ,Univ Birmingham,,2011-03-16,2011-03-16,2011-04-27,,https://patents.google.com/patent/GB201104447D0/en,
GB-201102913-D0,Novel therapeutic ,Univ Birmingham,,2011-02-18,2011-02-18,2011-04-06,,https://patents.google.com/patent/GB201102913D0/en,
EP-2493481-A1,Anti-cancer composition comprising alginate ,The University of Birmingham,"Chris Tselepis, Tariq Iqbal, Owen James SANSOM",2009-10-26,2010-10-26,2012-09-05,,https://patents.google.com/patent/EP2493481A1/en,
US-11213607-B2,Cell purification and delivery using shear thinning gel ,The University Of Birmingham,"Liam Grover, Paula Mendes, Richard Williams",2015-12-10,2016-12-09,2022-01-04,2022-01-04,https://patents.google.com/patent/US11213607B2/en,https://patentimages.storage.googleapis.com/11/68/54/55f9ff1eb501c2/US11213607-20220104-D00001.png
GB-201515244-D0,Treatment of inflammatory disease or condition ,Univ Birmingham,,2015-08-27,2015-08-27,2015-10-14,,https://patents.google.com/patent/GB201515244D0/en,
US-2013231257-A1,Biomarker ,The University Of Birmingham,"George Edward RAINGER, Gerard Bernard Nash, Andrew Walter BRADBURY, Donald John ADAM, Mohamed Farouk Aly Abdelhamid",2010-05-12,2011-05-12,2013-09-05,,https://patents.google.com/patent/US20130231257A1/en,https://patentimages.storage.googleapis.com/82/52/9a/49ac20e68716b4/US20130231257A1-20130905-D00001.png
US-2013052323-A1,Low Fat Bakery Product ,The University Of Birmingham,"Ian Timothy Norton, Jennifer Elizabeth Norton",2010-04-26,2012-10-25,2013-02-28,,https://patents.google.com/patent/US20130052323A1/en,https://patentimages.storage.googleapis.com/b6/96/6f/0e75d5eb2922bd/US20130052323A1-20130228-D00000.png
US-9839671-B2,Peptide and uses therefor ,The University Of Birmingham,"George Edward RAINGER, Parth Narendran, Helen McGettrick, Myriam Chimen",2012-01-13,2016-11-17,2017-12-12,2017-12-12,https://patents.google.com/patent/US9839671B2/en,https://patentimages.storage.googleapis.com/11/a7/09/2f440879912545/US09839671-20171212-D00001.png
US-11262351-B2,Apparatus and method for improved molecular detection ,The University Of Birmingham,"Timothy Dafforn, Matthew Hicks",2015-09-18,2016-09-16,2022-03-01,2022-03-01,https://patents.google.com/patent/US11262351B2/en,https://patentimages.storage.googleapis.com/b0/05/ce/dbb3da3d3531b1/US11262351-20220301-D00000.png
US-2016061812-A1,Diagnosis and Treatment of Arthritic Conditions ,The University Of Birmingham,"Stephen Peter Young, Karim Raza, Sabrina Reenu Raizada",2013-03-15,2013-05-01,2016-03-03,,https://patents.google.com/patent/US20160061812A1/en,https://patentimages.storage.googleapis.com/d6/76/61/953c64c593b6bf/US20160061812A1-20160303-D00001.png
US-2015301041-A1,Assay method ,The University Of Birmingham,"George Edward RAINGER, Parth Narendran, Helen McGettrict, Myriam Chimen",2012-11-22,2013-11-21,2015-10-22,,https://patents.google.com/patent/US20150301041A1/en,https://patentimages.storage.googleapis.com/1e/b9/3a/3d993fa93d7d3b/US20150301041A1-20151022-D00000.png
EP-2739565-B1,Method for producing particulate clusters ,The University Of Birmingham,Richard Palmer,2011-08-01,2012-07-31,2019-03-27,2019-03-27,https://patents.google.com/patent/EP2739565B1/en,https://patentimages.storage.googleapis.com/a3/9f/64/fc5415582cc0ad/imgf0001.png
EP-2920110-A1,Production of boron carbide powder ,The University Of Birmingham,"Isaac Tsz Hong Chang, Constantin Lucian FALTICEANU",2012-11-19,2013-11-11,2015-09-23,,https://patents.google.com/patent/EP2920110A1/en,
US-10501495-B2,Antimicrobial surface ,"The University Of Birmingham, The Secretary Of State For Defence Of The United Kingdom Of Great Britain And Northern Ireland","Artemis STAMBOULIS, Felicity Jane DE COGAN, Robert Scott, Anna Frances Acushia Peacock",2014-02-25,2015-02-25,2019-12-10,2019-12-10,https://patents.google.com/patent/US10501495B2/en,https://patentimages.storage.googleapis.com/be/f7/62/9ca9f2b61b26ac/US10501495-20191210-D00001.png
CN-105637730-A,Power system control ,伯明翰大学,"张小平, 杨翾",2013-08-15,2014-08-08,2016-06-01,,https://patents.google.com/patent/CN105637730A/en,
US-2016045553-A1,Cell delivery ,The University Of Birmingham,"Liam Grover, Fotios SPYROPOULOS, Jennifer PAXTON",2013-03-13,2014-03-10,2016-02-18,,https://patents.google.com/patent/US20160045553A1/en,https://patentimages.storage.googleapis.com/32/ff/91/4b7e4381ba2a73/US20160045553A1-20160218-D00001.png
GB-201107672-D0,Ink ,Univ Birmingham,,2011-05-09,2011-05-09,2011-06-22,,https://patents.google.com/patent/GB201107672D0/en,
US-2021102215-A1,Treatment and prevention of viral infection ,The University Of Birmingham,"Xiaodong Zhuang, Jane Alison McKeating",2016-09-05,2020-12-17,2021-04-08,,https://patents.google.com/patent/US20210102215A1/en,https://patentimages.storage.googleapis.com/f9/eb/d1/48d0712b0ad27e/US20210102215A1-20210408-D00000.png
EP-2926195-B1,Optical absorber ,The University Of Birmingham,"Andrey KAPLAN, Dimitri CHEKULAEV",2012-11-29,2013-11-11,2019-05-22,2019-05-22,https://patents.google.com/patent/EP2926195B1/en,https://patentimages.storage.googleapis.com/09/28/29/c37f90e75bbbd4/imgf0001.png
US-2016339079-A1,Transmucosal and transepithelial drug delivery system ,University Of Birmingham,"Artemis STAMBOULIS, Ann Logan, Felicity Jane DE COGAN, Robert Scott, Anna Frances Acushla Peacock, Lisa Jayne HILL",2014-01-28,2015-01-28,2016-11-24,,https://patents.google.com/patent/US20160339079A1/en,https://patentimages.storage.googleapis.com/f4/3c/14/9284927fd5239c/US20160339079A1-20161124-D00001.png
US-2016249670-A1,Inhibition of microbial and cellular growth in substances ,The University Of Birmingham,"Narinder SINGH BAINES, Gary Anthony LEEKE",2013-10-09,2014-10-07,2016-09-01,,https://patents.google.com/patent/US20160249670A1/en,https://patentimages.storage.googleapis.com/14/e5/00/5df6d3ea53f714/US20160249670A1-20160901-D00000.png
GB-201000638-D0,Improved catalyst ,Univ Birmingham,,2010-01-15,2010-01-15,2010-03-03,,https://patents.google.com/patent/GB201000638D0/en,
US-2020332349-A1,Sensor ,The University Of Birmingham,"James Tucker, Zoe Pikramenou, Andrew BEGGS, Zsusa NAGY, Purbani CHAKRABARTI",2017-09-01,2018-08-09,2020-10-22,,https://patents.google.com/patent/US20200332349A1/en,https://patentimages.storage.googleapis.com/05/67/4a/8861b322abcc41/US20200332349A1-20201022-D00000.png
EP-2560505-A1,Comestible product ,The University Of Birmingham,"Fotis Spyropoulos, Abigail Belinda Norton, Ian Timothy Norton",2010-04-21,2011-04-19,2013-02-27,,https://patents.google.com/patent/EP2560505A1/en,
GB-201720770-D0,Fibre-optic mode scambler ,Univ Birmingham,,2017-12-13,2017-12-13,2018-01-24,,https://patents.google.com/patent/GB201720770D0/en,
GB-201807000-D0,Intracytoplasmic sperm injection ,Univ Birmingham,,2018-04-30,2018-04-30,2018-06-13,,https://patents.google.com/patent/GB201807000D0/en,
EP-2454382-B1,Screening method ,The University of Birmingham,Zsuzsanna Nagy,2009-07-16,2010-07-16,2017-07-05,2017-07-05,https://patents.google.com/patent/EP2454382B1/en,https://patentimages.storage.googleapis.com/87/cb/20/d792914e580d74/imgf0001.png
US-2019055639-A1,Functionalized surface ,The University Of Birmingham,Felicity Jane DE COGAN,2015-07-09,2016-07-11,2019-02-21,,https://patents.google.com/patent/US20190055639A1/en,https://patentimages.storage.googleapis.com/09/01/3d/c2f6e7ceb912e9/US20190055639A1-20190221-D00000.png
EP-3120149-B1,Atrial fibrillation therapy ,The University Of Birmingham,"Paulus KIRCHHOF, Larissa FABRITZ, Fahima SYEDA",2014-03-20,2015-03-20,2019-09-11,2019-09-11,https://patents.google.com/patent/EP3120149B1/en,https://patentimages.storage.googleapis.com/ee/20/74/c187b15633f896/imgf0001.png
GB-201404973-D0,Ceramic clay ,Univ Birmingham,,2014-03-20,2014-03-20,2014-05-07,,https://patents.google.com/patent/GB201404973D0/en,
US-2022161687-A1,Energy system control ,The University Of Birmingham,"Yousif AL-SAGHEER, Robert STEINBERGER-WILKENS",2019-03-21,2020-03-17,2022-05-26,,https://patents.google.com/patent/US20220161687A1/en,https://patentimages.storage.googleapis.com/39/55/45/89d7bbf011e4bd/US20220161687A1-20220526-D00000.png
EP-3149197-B1,Improved molecular detection method ,The University Of Birmingham,"Timothy Dafforn, Matthew Hicks",2014-05-28,2015-05-28,2020-02-19,2020-02-19,https://patents.google.com/patent/EP3149197B1/en,https://patentimages.storage.googleapis.com/9d/8b/d7/8b27b533ef538d/imgf0001.png
US-10989651-B2,Molecular detection system ,The University Of Birmingham,"Timothy Dafforn, Matthew Hicks",2014-05-28,2015-05-28,2021-04-27,2021-04-27,https://patents.google.com/patent/US10989651B2/en,https://patentimages.storage.googleapis.com/9c/f1/00/f27e8303103b78/US10989651-20210427-D00000.png
US-2022112285-A1,"Antigen binding molecules and epitopes, and uses thereof ",The University Of Birmingham,"Peter Yotis SENIS, Alexandra MAZHARIAN, Timo VÖGTLE",2019-02-26,2020-02-26,2022-04-14,,https://patents.google.com/patent/US20220112285A1/en,https://patentimages.storage.googleapis.com/d8/91/93/c948d13570069b/US20220112285A1-20220414-D00001.png
EP-3821044-B1,Aluminium purification ,The University of Birmingham,Biao CAI,2018-07-12,2019-07-12,2021-12-15,2021-12-15,https://patents.google.com/patent/EP3821044B1/en,https://patentimages.storage.googleapis.com/b9/47/97/513647b7300a26/imgf0001.png
US-2022023206-A1,Ocular hydrogel compositions ,The University Of Birmingham,"Liam Grover, Anthony METCALFE, Richard Williams, Richard Moakes",2018-12-07,2019-12-09,2022-01-27,,https://patents.google.com/patent/US20220023206A1/en,https://patentimages.storage.googleapis.com/cb/98/ca/c2553fbb62cb31/US20220023206A1-20220127-D00000.png
EP-2675898-A1,Protein secretion ,The University of Birmingham,"Yanina Romanovna SEVASTSYANOVICH, Denisse LEYTON, Ian Robert HENDERSON",2011-02-16,2012-02-16,2013-12-25,,https://patents.google.com/patent/EP2675898A1/en,
EP-3841066-B1,Desalination system and method ,The University of Birmingham,Philip Andrew Davies,2018-08-23,2019-05-01,2023-01-25,2023-01-25,https://patents.google.com/patent/EP3841066B1/en,https://patentimages.storage.googleapis.com/2c/73/0a/63c4fe0b5115b0/imgf0001.png
GB-201701182-D0,Surface enhanced raman scattering apparatus and method ,Univ Birmingham,,2017-01-24,2017-01-24,2017-03-08,,https://patents.google.com/patent/GB201701182D0/en,
US-2017356915-A1,Bladder cancer prognosis ,The University Of Birmingham,"Douglas George WARD, Richard Trevor BRYAN",2014-11-28,2015-11-27,2017-12-14,,https://patents.google.com/patent/US20170356915A1/en,https://patentimages.storage.googleapis.com/0c/b9/68/16add22af84870/US20170356915A1-20171214-D00000.png
US-2021121880-A1,Microfluidics system ,The University Of Birmingham,"Mozafar Saadat, Arran James Richard Hughes, Amir Mohammad Hajiyavand",2018-04-30,2019-04-30,2021-04-29,,https://patents.google.com/patent/US20210121880A1/en,https://patentimages.storage.googleapis.com/c8/76/20/ae35736ae1fda1/US20210121880A1-20210429-D00000.png
GB-201820411-D0,Electrospinning ,Univ Birmingham,,2018-12-14,2018-12-14,2019-01-30,,https://patents.google.com/patent/GB201820411D0/en,
US-2019244733-A1,Processing of NdFeB Magnetic Material ,The University Of Birmingham,"Allan Walton, Neil Rowson, Enrique Herraiz Lalana",2016-08-25,2017-08-25,2019-08-08,,https://patents.google.com/patent/US20190244733A1/en,https://patentimages.storage.googleapis.com/8f/a6/26/b9e623f8bd5821/US20190244733A1-20190808-D00000.png
GB-201107068-D0,Prebiotic agent ,Univ Birmingham,,2011-04-26,2011-04-26,2011-06-08,,https://patents.google.com/patent/GB201107068D0/en,
GB-201906987-D0,tunable materials ,Univ Birmingham,,2019-05-17,2019-05-17,2019-07-03,,https://patents.google.com/patent/GB201906987D0/en,
US-2017232073-A1,Elevated intracranial pressure treatment ,The University Of Birmingham,Alex Sinclair,2014-09-03,2015-08-25,2017-08-17,,https://patents.google.com/patent/US20170232073A1/en,https://patentimages.storage.googleapis.com/a1/98/af/213b76bcf4d8e0/US20170232073A1-20170817-D00001.png
US-2016152704-A1,Cadherin 15 agonists ,The University Of Birmingham,"Myriam Chimen, Helen McGettrick, Parth Narendran, George Edward RAINGER",2013-07-04,2014-07-04,2016-06-02,,https://patents.google.com/patent/US20160152704A1/en,https://patentimages.storage.googleapis.com/97/f3/fd/62de8a2160bc9a/US20160152704A1-20160602-D00001.png
GB-202019059-D0,Target rna detection ,Univ Birmingham,,2020-12-03,2020-12-03,2021-01-20,,https://patents.google.com/patent/GB202019059D0/en,
GB-2533011-A,Novel diagnostic and therapeutic method ,"Babraham Inst, Univ Birmingham","Wakelam Michael, Rudge Simon, Mckeating Jane, Farquhar Michelle, Wilson Garrick, Reynolds Gary, Meredith Luke",2014-06-17,2015-06-17,2016-06-08,,https://patents.google.com/patent/GB2533011A/en,
EP-2425256-A1,Method for diagnosing and treating muscular dystrophy ,The University of Birmingham,"Janet Smith, Deborah Merrick",2009-04-30,2010-04-30,2012-03-07,,https://patents.google.com/patent/EP2425256A1/en,
GB-201104556-D0,Biomarkers ,Univ Birmingham,,2011-03-18,2011-03-18,2011-05-04,,https://patents.google.com/patent/GB201104556D0/en,
GB-201104950-D0,Immune assay ,Univ Birmingham,,2011-03-24,2011-03-24,2011-05-11,,https://patents.google.com/patent/GB201104950D0/en,
EP-2802342-B1,Peptide and uses thereof ,The University Of Birmingham,"George Edward Rainger, Parth NARENDRAN, Helen MCGETTRICK, Myriam CHIMEN",2012-01-13,2013-01-14,2018-05-02,2018-05-02,https://patents.google.com/patent/EP2802342B1/en,https://patentimages.storage.googleapis.com/da/c2/a2/2e4a06e614f879/imgf0001.png
CN-105550796-A,Method for automatically generating power grid program candidate line set ,"中国电力科学研究院, 国家电网公司, 江苏省电力公司, 伯明翰大学","曾平良, 周勤勇, 吴志, 杨京齐, 张小平, 代倩",2015-12-04,2015-12-04,2016-05-04,,https://patents.google.com/patent/CN105550796A/en,
CN-105528674-A,Grid planning method based on stochastic dual dynamic theory ,"中国电力科学研究院, 国家电网公司, 江苏省电力公司, 伯明翰大学","曾平良, 周勤勇, 吴志, 杨京齐, 张小平, 代倩",2015-12-04,2015-12-04,2016-04-27,,https://patents.google.com/patent/CN105528674A/en,
WO-2019145731-A1,Microcapsules ,The University Of Birmingham,"Zhibing Zhang, Cong SUI, Jon Preece",2018-01-25,2019-01-25,2019-08-01,,https://patents.google.com/patent/WO2019145731A1/en,
WO-2018046876-A1,Treatment of chronic inflammatory disease ,The University Of Birmingham,"Abhishek Chauhan, Patricia Frances LALOR, Stephen Paul Watson",2016-09-06,2016-09-06,2018-03-15,,https://patents.google.com/patent/WO2018046876A1/en,
WO-2011061514-A1,Improved measurement of angular motion ,The University Of Birmingham,"Clive Christopher Speake, Stuart Mark Aston, Fabiàn Erasmo PEÑA ARELLANO",2009-11-23,2010-11-23,2011-05-26,,https://patents.google.com/patent/WO2011061514A1/en,
WO-2015136255-A1,Combined inhibition of caspase-2 and caspase-6 in neuroprotection and axon regeneration ,The University Of Birmingham,"Zubair Ahmed, Ann Logan, Martin Berry",2014-03-11,2015-03-09,2015-09-17,,https://patents.google.com/patent/WO2015136255A1/en,
WO-2017199008-A1,Emulsion ,The University Of Birmingham,"Abigail Belinda Norton, Liam Grover, Fotios SPYROPOULOS",2016-05-16,2017-05-15,2017-11-23,,https://patents.google.com/patent/WO2017199008A1/en,
WO-2018115871-A1,Composition and method for bone production ,The University Of Birmingham,"Liam GROVE, Sophie Cox, Owen Davies, Richard Williams",2016-12-20,2017-12-20,2018-06-28,,https://patents.google.com/patent/WO2018115871A1/en,
ZA-201101786-B,Non-typhoidal salmonella vaccines ,Univ Birmingham,Adam Cunningham,2008-09-09,2011-03-08,2012-05-30,,https://patents.google.com/patent/ZA201101786B/en,
US-2014149937-A1,Visual meal creator ,University Of Birmingham,"Adrian Holliday, Andrew Blannin",2012-11-26,2013-11-25,2014-05-29,,https://patents.google.com/patent/US20140149937A1/en,https://patentimages.storage.googleapis.com/75/bc/49/bb6e0a0b73c168/US20140149937A1-20140529-D00000.png
WO-2018185502-A1,Low-sugar chocolate ,The University Of Birmingham,"Ian Norton, Jennifer NORTON",2017-04-07,2018-04-09,2018-10-11,,https://patents.google.com/patent/WO2018185502A1/en,
AU-2017200429-A1,Consensus/Ancestral Immunogens ,"Duke University, Triad National Security, Llc, University Of Alabama At Birmingham Research Foundation","Julie Decker, Feng Gao, Beatrice H. Hahn, Barton F. Haynes, Bette T. Korber, Denise Kothe, Ying Ying Li, Hua-Xin Liao, George M. Shaw",2003-09-17,2017-01-20,2017-02-16,,https://patents.google.com/patent/AU2017200429A1/en,
US-D864639-S,Chair ,Birmingham City University,"Richard John Snell, David Edwin Rowe",2017-07-28,2017-07-28,2019-10-29,2019-10-29,https://patents.google.com/patent/USD864639S1/en,https://patentimages.storage.googleapis.com/09/62/16/fd6acc859a8cf5/USD0864639-20191029-D00000.png
GB-2550613-A,Garment ,Birmingham City Univ,"Ming Jade, McIntyre Helen, Griffiths Sheila",2016-05-25,2016-05-25,2017-11-29,,https://patents.google.com/patent/GB2550613A/en,
WO-2019055609-A1,Biomarkers and methods for assessing myocardial infarction and serious infection risk in rheumatoid arthritis patients ,"University Of Alabama At Birmingham, Crescendo Bioscience, Inc.","Jeff Curtis, Kerri FORD",2017-09-14,2018-09-13,2019-03-21,,https://patents.google.com/patent/WO2019055609A1/en,
WO-2022171680-A1,"Biomarkers for diagnosis and treatment of endocrine hypertension, and methods of identification thereof ","Inserm (Institut National De La Sante Et De La Recherche Medicale), Universite De Paris, University Of Dundee, Technical University Of Dresden, Ludwig‐Maximilians‐Universität München, University Of Birmingham","Maria‐Christina ZENNARO, Emily JEFFERSON, Parminder Singh Reel, Smartie REEL, Graeme EISENHOFER, Martin Reincke, Félix BEUSCHLEIN, Angela Elizabeth TAYLOR, Arlt WIEBKE, Katharina LANG, Alessandro PRETE",2021-02-09,2022-02-09,2022-08-18,,https://patents.google.com/patent/WO2022171680A1/en,
EP-4127238-A1,"Methods, compositions and kits for hla typing ","The University of Birmingham, University Hospital Birmingham NHS Foundation Trust","Thomas George NIETO, Joanne Dawn STOCKTON, Andrew David BEGGS",2020-03-27,2021-03-26,2023-02-08,,https://patents.google.com/patent/EP4127238A1/en,
US-2023079501-A1,Methods and systems for measuring intraocular pressure using soundwaves ,"Khalifa University of Science and Technology, The University Of Birmingham","Haider Butt, Khamis ESSA, Matt SOANES, Nader VAHDATI",2021-09-15,2021-09-15,2023-03-16,,https://patents.google.com/patent/US20230079501A1/en,https://patentimages.storage.googleapis.com/ac/6d/42/3f54f7f90952bf/US20230079501A1-20230316-D00005.png
EP-3390471-A1,Aqueous synthesis and in-situ rapid screening of amphiphilic polymers ,"Universidade De Santiago De Compostela, The University of Birmingham","Javier MONTENEGRO GARCÍA, Francisco FERNÁNDEZ-TRILLO",2015-12-17,2016-12-14,2018-10-24,,https://patents.google.com/patent/EP3390471A1/en,
GB-202216376-D0,Toxicity marker ,"Univ Oxford Innovation Ltd, Univ Birmingham",,2022-11-03,2022-11-03,2022-12-21,,https://patents.google.com/patent/GB202216376D0/en,
US-11143815-B1,Fiber optic integrated-light diffusers for sensing applications ,"Khalifa University of Science and Technology, The University Of Birmingham","Haider Butt, Mohamed ELSHERIF",2020-04-14,2020-04-14,2021-10-12,2021-10-12,https://patents.google.com/patent/US11143815B1/en,https://patentimages.storage.googleapis.com/9a/bc/de/6719cd79e08d58/US11143815-20211012-D00000.png
GB-202001183-D0,Electrode separation ,"Univ Birmingham, Univ Leicester",,2020-01-28,2020-01-28,2020-03-11,,https://patents.google.com/patent/GB202001183D0/en,
US-2022265791-A1,Target peptides for cancer therapy and diagnostics ,"University Of Virginia Patent Foundation, The University Of Birmingham, The General Hospital Corporation","Donald F. Hunt, Jeffrey Shabanowitz, Keira MAHONEY, Jennifer G. Abelin, Mohammad Ovais Azizzanjani, Paisley Trantham Myers, Stacy Alyse Malaker, Andrew Norris, Jennifer Hitchcock, Xi Peng, Negin Ghafourian, Mark Cobbold, Sarah Penny, Nico Buettner, James M. Heather",2019-07-21,2020-07-21,2022-08-25,,https://patents.google.com/patent/US20220265791A1/en,
GB-202202916-D0,Enzymes and uses thereof ,"Univ Newcastle, Univ Birmingham",,2022-03-02,2022-03-02,2022-04-13,,https://patents.google.com/patent/GB202202916D0/en,
CN-217093514-U,Thermochemical adsorption reactor ,"北京市热力集团有限责任公司, 北京科技大学, 伯明翰大学","李仲博, 汉京晓, 童莉葛, 丁玉龙, 王立, 钳峰, 杨慧, 王成成, 聂彬剑, 张童童, 张叶龙",2022-03-23,2022-03-23,2022-08-02,2022-08-02,https://patents.google.com/patent/CN217093514U/en,https://patentimages.storage.googleapis.com/b2/9c/71/f43604f36cf7dc/HDA0003561402680000011.png
US-10620119-B2,Graphene foam based optical sensor for oil exploration and spills detection ,"King Fahd University Of Petroleum And Minerals, University Of Birmingham","Safyan A Khan, Haider Butt, Manzar Sohail",2017-06-15,2017-06-15,2020-04-14,2020-04-14,https://patents.google.com/patent/US10620119B2/en,https://patentimages.storage.googleapis.com/07/36/cc/761df8ac8fad6f/US10620119-20200414-D00000.png
JP-2021017419-A,X-ray contrast agent and radiography ,"公立大学法人大阪, Univ Public Corp Osaka, ザ ユニバーシティ オブ バーミンガム, Univ Birmingham, ザ  ユニバーシティ  オブ  バーミンガム","靖明 徳留, Yasuaki Tokutome, 靖明 徳留, 高橋　雅英, Masahide Takahashi, 雅英 高橋, プーロガサンダランピライ ガウシアン, Progasandaranply Gaussian, プーロガサンダランピライ ガウシアン",2019-07-22,2019-07-22,2021-02-15,,https://patents.google.com/patent/JP2021017419A/en,
WO-2022090747-A1,Single point variant detection ,"The University Of Birmingham, Wigner Research Centre For Physics, The University Of Pécs","John S. FOSSEY, Miklos VERES, Huy Van Nguyen, Roman HOLOMB, James H. R. TUCKER, Attila SIK, Ferenc Muller",2020-11-02,2021-11-02,2022-05-05,,https://patents.google.com/patent/WO2022090747A1/en,
WO-2022101632-A1,"Tough, reprocessable elastomers and methods of making and using same ","Duke University, University Of Birmingham","Matthew L BECKER, Andrew P Dove, Connor STUBBS, Josh WORCH, Hannah PRYDDERCH",2020-11-13,2021-11-11,2022-05-19,,https://patents.google.com/patent/WO2022101632A1/en,
WO-2023026055-A1,Assay for predicting risk of capecitabine-induced toxicity in a subject ,"Oxford University Innovation Limited, The University Of Birmingham","Claire PALLES, Ik SHIN CHIN",2021-08-27,2022-08-26,2023-03-02,,https://patents.google.com/patent/WO2023026055A1/en,
GB-201019102-D0,Receptor antagonism for neural repair ,Univ Birmingham,,2010-11-11,2010-11-11,2010-12-29,,https://patents.google.com/patent/GB201019102D0/en,
GB-202210967-D0,Tolerogenic peptides i ,Univ Birmingham,,2022-07-27,2022-07-27,2022-09-07,,https://patents.google.com/patent/GB202210967D0/en,
GB-202118876-D0,Identifying liquid rheological properties from acoustic signals ,Univ Birmingham,,2019-06-28,2020-06-26,2022-02-09,,https://patents.google.com/patent/GB202118876D0/en,
GB-201913594-D0,Epigenetic profiling method ,Univ Birmingham,,2019-09-20,2019-09-20,2019-11-06,,https://patents.google.com/patent/GB201913594D0/en,
GB-201913598-D0,Labelling of biomolecules ,Univ Birmingham,,2019-09-20,2019-09-20,2019-11-06,,https://patents.google.com/patent/GB201913598D0/en,
GB-201910896-D0,Curable monomers and compositions ,Univ Birmingham,,2019-07-31,2019-07-31,2019-09-11,,https://patents.google.com/patent/GB201910896D0/en,
GB-201910895-D0,Curable monomers and compositions ,Univ Birmingham,,2019-07-31,2019-07-31,2019-09-11,,https://patents.google.com/patent/GB201910895D0/en,
GB-201914514-D0,Treatment of osteopenia and/or osteoporosis ,Univ Birmingham,,2019-10-08,2019-10-08,2019-11-20,,https://patents.google.com/patent/GB201914514D0/en,
GB-201914765-D0,Inhibitors of clec14a for use in the treatment of clear cell renal cell carcinoma ,Univ Birmingham,,2019-10-11,2019-10-11,2019-11-27,,https://patents.google.com/patent/GB201914765D0/en,
GB-201918129-D0,Using daphnia for bioremediation ,Univ Birmingham,,2019-12-10,2019-12-10,2020-01-22,,https://patents.google.com/patent/GB201918129D0/en,
GB-202001692-D0,Tissue regeneration patch ,"King S College London, Univ Birmingham",,2020-02-07,2020-02-07,2020-03-25,,https://patents.google.com/patent/GB202001692D0/en,
GB-202006577-D0,Diagnostic method ,Univ Birmingham,,2020-05-04,2020-05-04,2020-06-17,,https://patents.google.com/patent/GB202006577D0/en,
GB-202007050-D0,Peptide agonist ,Univ Birmingham,,2020-05-13,2020-05-13,2020-06-24,,https://patents.google.com/patent/GB202007050D0/en,
GB-202008017-D0,Ratiometric sensing ,Univ Birmingham,,2020-05-28,2020-05-28,2020-07-15,,https://patents.google.com/patent/GB202008017D0/en,
GB-202008615-D0,Biodegradeable polymers ,Univ Birmingham,,2020-06-08,2020-06-08,2020-07-22,,https://patents.google.com/patent/GB202008615D0/en,
US-2016136287-A1,Conjugated vaccine ,The University Of Birmingham,"Kai-Michael Toellner, Roy Bicknell",2014-10-27,2015-10-27,2016-05-19,,https://patents.google.com/patent/US20160136287A1/en,https://patentimages.storage.googleapis.com/e4/95/e6/71288ac37eea81/US20160136287A1-20160519-D00001.png
GB-202009582-D0,Electric railway ,Univ Birmingham,,2020-06-23,2020-06-23,2020-08-05,,https://patents.google.com/patent/GB202009582D0/en,
GB-202015310-D0,Supramolecular molecules ,Univ Birmingham,,2020-09-28,2020-09-28,2020-11-11,,https://patents.google.com/patent/GB202015310D0/en,
GB-202016708-D0,Uses of chk2 inhibitors ,Univ Birmingham,,2020-10-21,2020-10-21,2020-12-02,,https://patents.google.com/patent/GB202016708D0/en,
GB-202016710-D0,Treatment of eye conditions ,Univ Birmingham,,2020-10-21,2020-10-21,2020-12-02,,https://patents.google.com/patent/GB202016710D0/en,
GB-202016742-D0,Magnetometer ,Univ Birmingham,,2020-10-22,2020-10-22,2020-12-09,,https://patents.google.com/patent/GB202016742D0/en,
GB-2598086-A,Frequency control of orthogonal polarisation modes in an optical cavity ,Univ Birmingham,"Bongs Kai, Holynski Michael, Nourshargh Rustin",2020-08-03,2020-08-03,2022-02-23,,https://patents.google.com/patent/GB2598086A/en,
GB-201511645-D0,Prognosis markers for gliomas ,Univ Birmingham,,2015-07-02,2015-07-02,2015-08-19,,https://patents.google.com/patent/GB201511645D0/en,
GB-201504874-D0,Measurement of iron oxide particle concentration ,Univ Birmingham,,2015-03-23,2015-03-23,2015-05-06,,https://patents.google.com/patent/GB201504874D0/en,
GB-201501612-D0,Assay ,Univ Birmingham,,2015-01-30,2015-01-30,2015-03-18,,https://patents.google.com/patent/GB201501612D0/en,
GB-201421900-D0,Vasculature Targeting ,Univ Birmingham,,2014-12-09,2014-12-09,2015-01-21,,https://patents.google.com/patent/GB201421900D0/en,
GB-201420069-D0,T cell recognised peptide epitopes ,Univ Birmingham The And Stichting Het Nl Kanker Inst,,2014-11-11,2014-11-11,2014-12-24,,https://patents.google.com/patent/GB201420069D0/en,
GB-201413395-D0,Cell separation methods ,Univ Birmingham,,2014-07-29,2014-07-29,2014-09-10,,https://patents.google.com/patent/GB201413395D0/en,
GB-201411826-D0,Aluminium alloy and method ,Univ Birmingham,,2014-07-02,2014-07-02,2014-08-13,,https://patents.google.com/patent/GB201411826D0/en,
GB-2526767-A,Combined inhibition of caspase-2 and caspase-6 in neuroprotection and axon regeneration ,Univ Birmingham,"Zubair Ahmed, Ann Logan, Martin Berry",2014-03-11,2014-03-11,2015-12-09,,https://patents.google.com/patent/GB2526767A/en,
GB-201320421-D0,Conjugated vaccine ,Univ Birmingham,,2013-11-19,2013-11-19,2014-01-01,,https://patents.google.com/patent/GB201320421D0/en,
GB-201316445-D0,Ferrocene sensor ,Univ Birmingham,,2013-09-16,2013-09-16,2013-10-30,,https://patents.google.com/patent/GB201316445D0/en,
EP-3632420-A1,Treatment of fibrosis ,The University Of Birmingham,"David Abraham, Virginia CALDER, Sarah DALE",2014-05-02,2015-05-01,2020-04-08,,https://patents.google.com/patent/EP3632420A1/en,https://patentimages.storage.googleapis.com/65/3c/2a/d69fbf8d064467/imgf0001.png
EP-3607323-A1,Stimuli-responsive surfaces ,The University Of Birmingham,Paula MENDES,2017-04-07,2018-04-09,2020-02-12,,https://patents.google.com/patent/EP3607323A1/en,
EP-3510508-A1,Method of disease characterisation ,The University of Birmingham,"Kerstin BUNTE, Wiebke Arlt, Peter TINO",2016-09-09,2017-09-07,2019-07-17,,https://patents.google.com/patent/EP3510508A1/en,
EP-3325968-A1,Inhibitory immunoglobulins ,The University of Birmingham,"Ian Robert HENDERSON, Timothy Wells",2015-07-20,2016-07-20,2018-05-30,,https://patents.google.com/patent/EP3325968A1/en,
GB-201310282-D0,Biomarkers ,Univ Birmingham,,2013-06-10,2013-06-10,2013-07-24,,https://patents.google.com/patent/GB201310282D0/en,
GB-201915315-D0,Position measurement using squeezed light ,Univ Birmingham,,2019-10-23,2019-10-23,2019-12-04,,https://patents.google.com/patent/GB201915315D0/en,
GB-201305219-D0,Ceramic clay ,Univ Birmingham,,2013-03-21,2013-03-21,2013-05-01,,https://patents.google.com/patent/GB201305219D0/en,
EP-2482262-A1,Marking composition ,"Redweb Technologies Limited, The University of Birmingham","John Fox, Christopher Taylor",2011-01-27,2012-01-27,2012-08-01,,https://patents.google.com/patent/EP2482262A1/en,
GB-202016771-D0,Sprayable antiviral formulation ,Univ Birmingham,,2020-10-22,2020-10-22,2020-12-09,,https://patents.google.com/patent/GB202016771D0/en,
GB-202017465-D0,Device ,Univ Birmingham,,2020-11-04,2020-11-04,2020-12-16,,https://patents.google.com/patent/GB202017465D0/en,
GB-202017512-D0,Desalination system and method ,Univ Birmingham,,2020-11-05,2020-11-05,2020-12-23,,https://patents.google.com/patent/GB202017512D0/en,
GB-202017911-D0,Supramolecular molecules ,Univ Birmingham,,2020-11-13,2020-11-13,2020-12-30,,https://patents.google.com/patent/GB202017911D0/en,
GB-202020602-D0,Nanobody ,Univ Birmingham,,2020-12-24,2020-12-24,2021-02-10,,https://patents.google.com/patent/GB202020602D0/en,
GB-202101142-D0,Resin composition ,Univ Birmingham,,2021-01-28,2021-01-28,2021-03-17,,https://patents.google.com/patent/GB202101142D0/en,
GB-201205626-D0,Biological reagent ,Univ Birmingham,,2012-03-29,2012-03-29,2012-05-16,,https://patents.google.com/patent/GB201205626D0/en,
GB-202102374-D0,Control of forced oscillations ,Univ Birmingham,,2021-02-19,2021-02-19,2021-04-07,,https://patents.google.com/patent/GB202102374D0/en,
GB-202104219-D0,Analyte capture ,Univ Birmingham,,2021-03-25,2021-03-25,2021-05-12,,https://patents.google.com/patent/GB202104219D0/en,
GB-202108590-D0,Battery recycling ,Univ Birmingham,,2021-06-16,2021-06-16,2021-07-28,,https://patents.google.com/patent/GB202108590D0/en,
GB-202109846-D0,Diagnosis of latent tuberculosis ,Univ Birmingham,,2021-07-08,2021-07-08,2021-08-25,,https://patents.google.com/patent/GB202109846D0/en,
GB-202110970-D0,Protein interaction inhibitors ,Univ Birmingham,,2021-07-29,2021-07-29,2021-09-15,,https://patents.google.com/patent/GB202110970D0/en,
GB-202111043-D0,Protein interaction inhibitors ,Univ Birmingham,,2021-07-30,2021-07-30,2021-09-15,,https://patents.google.com/patent/GB202111043D0/en,
GB-202111264-D0,Synthesis of heterocycles ,Univ Birmingham,,2021-08-04,2021-08-04,2021-09-15,,https://patents.google.com/patent/GB202111264D0/en,
GB-202113794-D0,Cofactor analogues ,Univ Birmingham,,2021-09-27,2021-09-27,2021-11-10,,https://patents.google.com/patent/GB202113794D0/en,
GB-202114704-D0,ATM inhibition ,Univ Birmingham,,2021-10-14,2021-10-14,2021-12-01,,https://patents.google.com/patent/GB202114704D0/en,
GB-202115042-D0,Implant ,Univ Birmingham,,2021-10-20,2021-10-20,2021-12-01,,https://patents.google.com/patent/GB202115042D0/en,
GB-202116389-D0,Microchannel sperm cell preparation ,Univ Birmingham,,2021-11-12,2021-11-12,2021-12-29,,https://patents.google.com/patent/GB202116389D0/en,
GB-202117810-D0,Surface coating comprising microfibrillated cellulose ,"Fiberlean Tech Ltd, Univ Birmingham, Cambridge Entpr Ltd",,2021-12-09,2021-12-09,2022-01-26,,https://patents.google.com/patent/GB202117810D0/en,
GB-202202025-D0,Generating bone marrow organoids ,Univ Birmingham,,2022-02-15,2022-02-15,2022-03-30,,https://patents.google.com/patent/GB202202025D0/en,
GB-202202958-D0,Energy storage ,Univ Birmingham,,2022-03-03,2022-03-03,2022-04-20,,https://patents.google.com/patent/GB202202958D0/en,
GB-202203793-D0,Metamaterial-engabled beam scanning antenna ,Univ Birmingham,,2022-03-18,2022-03-18,2022-05-04,,https://patents.google.com/patent/GB202203793D0/en,
GB-202203925-D0,Porous surface coating comprising nanocellulose ,"Fiberlean Tech Ltd, Univ Birmingham",,2022-03-21,2022-03-21,2022-05-04,,https://patents.google.com/patent/GB202203925D0/en,
GB-202204389-D0,Multi-function micro-actuated metasurface ,Univ Birmingham,,2022-03-28,2022-03-28,2022-05-11,,https://patents.google.com/patent/GB202204389D0/en,
GB-202210969-D0,Activation induced marker assay ,Univ Birmingham,,2022-07-27,2022-07-27,2022-09-07,,https://patents.google.com/patent/GB202210969D0/en,
US-2021032638-A1,Plasmid curing ,The University Of Birmingham,Christopher Morton Thomas,2019-07-29,2020-07-21,2021-02-04,,https://patents.google.com/patent/US20210032638A1/en,https://patentimages.storage.googleapis.com/3a/df/b9/d529e49c8b7c24/US20210032638A1-20210204-D00000.png
GB-202211043-D0,Peptide agonist ,Univ Birmingham,,2022-07-28,2022-07-28,2022-09-14,,https://patents.google.com/patent/GB202211043D0/en,
GB-202211138-D0,A method and a system for determining a concentration of magnetic nanoparticles ,Univ Birmingham,,2022-07-29,2022-07-29,2022-09-14,,https://patents.google.com/patent/GB202211138D0/en,
EP-4136223-A2,Methods and products ,The University Of Birmingham,"Francisco FERNANDEZ-TRILLO, Timothy William OVERTON, Pavan Rao ADONI, Omar Nicholas Edward HUNEIDI",2020-04-17,2021-04-16,2023-02-22,,https://patents.google.com/patent/EP4136223A2/en,
GB-201204394-D0,Bacterial detection ,Univ Birmingham,,2012-03-13,2012-03-13,2012-04-25,,https://patents.google.com/patent/GB201204394D0/en,
GB-202102114-D0,Laser system ,Univ Birmingham,,2021-02-15,2021-02-15,2021-03-31,,https://patents.google.com/patent/GB202102114D0/en,
GB-2603804-A,Preparation of cold atom clouds for measuring gravity gradient ,Univ Birmingham,"Bongs Kai, Langlois Mehdi, Earl Luuk, Holynski Michael",2021-02-15,2021-02-15,2022-08-17,,https://patents.google.com/patent/GB2603804A/en,
GB-201718526-D0,Stimuli- Responsive Surfaces ,Univ Birmingham,,2017-11-09,2017-11-09,2017-12-27,,https://patents.google.com/patent/GB201718526D0/en,
GB-201801212-D0,Microcapsules ,Univ Birmingham,,2018-01-25,2018-01-25,2018-03-14,,https://patents.google.com/patent/GB201801212D0/en,
GB-201802631-D0,Energy Generation ,Univ Birmingham,,2018-02-19,2018-02-19,2018-04-04,,https://patents.google.com/patent/GB201802631D0/en,
GB-201808723-D0,Treatment of hyperproliferative disorders ,Univ Birmingham,,2018-05-29,2018-05-29,2018-07-11,,https://patents.google.com/patent/GB201808723D0/en,
GB-202006201-D0,Phototherapy device ,Univ Birmingham,,2020-04-28,2020-04-28,2020-06-10,,https://patents.google.com/patent/GB202006201D0/en,
GB-201707330-D0,Chocolate ,Univ Birmingham,,2017-05-08,2017-05-08,2017-06-21,,https://patents.google.com/patent/GB201707330D0/en,
GB-201705624-D0,Chocolate ,Univ Birmingham,,2017-04-07,2017-04-07,2017-05-24,,https://patents.google.com/patent/GB201705624D0/en,
GB-201817225-D0,Thermal management ,Univ Birmingham,,2018-10-23,2018-10-23,2018-12-05,,https://patents.google.com/patent/GB201817225D0/en,
GB-201819731-D0,Fuel injector apparatus ,Univ Birmingham,,2018-12-03,2018-12-03,2019-01-16,,https://patents.google.com/patent/GB201819731D0/en,
GB-201819844-D0,Support structure ,Univ Birmingham,,2018-12-05,2018-12-05,2019-01-23,,https://patents.google.com/patent/GB201819844D0/en,
GB-201820022-D0,Sterilisation ,Univ Birmingham,,2018-12-07,2018-12-07,2019-01-23,,https://patents.google.com/patent/GB201820022D0/en,
GB-201820544-D0,Microcapsules ,Univ Birmingham,,2018-12-17,2018-12-17,2019-01-30,,https://patents.google.com/patent/GB201820544D0/en,
GB-201705640-D0,Stimuli-Responsive Surfaces ,Univ Birmingham,,2017-04-07,2017-04-07,2017-05-24,,https://patents.google.com/patent/GB201705640D0/en,
GB-201704917-D0,Composition and method for bone production ,Univ Birmingham,,2017-03-28,2017-03-28,2017-05-10,,https://patents.google.com/patent/GB201704917D0/en,
GB-201702926-D0,Modulators ,Univ Birmingham,,2017-02-23,2017-02-23,2017-04-12,,https://patents.google.com/patent/GB201702926D0/en,
GB-201608595-D0,Emulsion ,Univ Birmingham,,2016-05-19,2016-05-19,2016-06-29,,https://patents.google.com/patent/GB201608595D0/en,
GB-201608656-D0,Emulsion ,Univ Birmingham,,2016-05-17,2016-05-17,2016-06-29,,https://patents.google.com/patent/GB201608656D0/en,
GB-201603154-D0,Antennas ,Univ Birmingham,,2016-02-24,2016-02-24,2016-04-06,,https://patents.google.com/patent/GB201603154D0/en,
GB-201511812-D0,Prognosis markers for gliomas ,Univ Birmingham,,2015-07-06,2015-07-06,2015-08-19,,https://patents.google.com/patent/GB201511812D0/en,
GB-202211507-D0,Photocurable resin composition ,Univ Birmingham,,2022-08-08,2022-08-08,2022-09-21,,https://patents.google.com/patent/GB202211507D0/en,
GB-202213244-D0,Method of manufacturing a component ,Univ Birmingham,,2022-09-09,2022-09-09,2022-10-26,,https://patents.google.com/patent/GB202213244D0/en,
GB-201815306-D0,Functionalized surface ,Univ Birmingham,,2018-09-20,2018-09-20,2018-11-07,,https://patents.google.com/patent/GB201815306D0/en,
GB-202213744-D0,Drug Delivery Device ,Univ Birmingham,,2022-09-20,2022-09-20,2022-11-02,,https://patents.google.com/patent/GB202213744D0/en,
GB-202213759-D0,Improved blast furnace ,Univ Birmingham,,2022-09-20,2022-09-20,2022-11-02,,https://patents.google.com/patent/GB202213759D0/en,
GB-201902891-D0,Shape memory alloy controlled device ,Univ Birmingham,,2019-03-04,2019-03-04,2019-04-17,,https://patents.google.com/patent/GB201902891D0/en,
CN-114008020-A,Antibacterial compounds ,"伯明翰大学, 中国科学院广州生物医药与健康研究院","克利奥帕特拉·丹妮拉·内亚戈耶, 彭旭丹, 米奇·丹尼尔·托尔托雷拉, 约翰·S·福西, 卢克·约翰·奥尔德维克, 安东尼奥·费乌拉, 吉泽明菜",2019-04-08,2019-04-08,2022-02-01,,https://patents.google.com/patent/CN114008020A/en,
GB-2603087-A,Traumatic brain injury detection ,Univ Birmingham,"Eisenstein Neil, Banbury Carl, Clancy Michael, Goldberg Oppenheimer Pole, Blanch Richard, Belli Antonio, Logan Ann",2019-09-18,2020-09-18,2022-07-27,,https://patents.google.com/patent/GB2603087A/en,
GB-202015489-D0,Face mask ,"Univ Birmingham, King S College London",,2020-09-30,2020-09-30,2020-11-11,,https://patents.google.com/patent/GB202015489D0/en,
CA-3104930-A1,Over the horizon radar (oth) system and method ,"The University Of Birmingham, Paul Cannon, Matthew ANGLING","Paul Cannon, Matthew ANGLING",2018-06-29,2019-06-28,2020-01-02,,https://patents.google.com/patent/CA3104930A1/en,
GB-202213863-D0,Agent ,Univ Birmingham,,2022-09-22,2022-09-22,2022-11-09,,https://patents.google.com/patent/GB202213863D0/en,
GB-202214034-D0,Heat storage container ,Univ Birmingham,,2022-09-26,2022-09-26,2022-11-09,,https://patents.google.com/patent/GB202214034D0/en,
GB-202215661-D0,PCOS stratification ,Univ Birmingham,,2022-10-21,2022-10-21,2022-12-07,,https://patents.google.com/patent/GB202215661D0/en,
GB-202216647-D0,Generating bone marrow organoids ,Univ Birmingham,,2022-11-08,2022-11-08,2022-12-21,,https://patents.google.com/patent/GB202216647D0/en,
GB-202216814-D0,Controllable rf device ,Univ Birmingham,,2022-11-10,2022-11-10,2022-12-28,,https://patents.google.com/patent/GB202216814D0/en,
GB-202218380-D0,Porous surface coating comprising nanocellulose ,"Fiberlean Tech Ltd, Univ Birmingham",,2022-12-07,2022-12-07,2023-01-18,,https://patents.google.com/patent/GB202218380D0/en,
GB-202301317-D0,Treatment of obesity-associated inflammatory conditions ,Univ Birmingham,,2023-01-30,2023-01-30,2023-03-15,,https://patents.google.com/patent/GB202301317D0/en,
EP-2516691-B1,Production of functionalised substrate ,The University of Birmingham,"Richard Palmer, Mi Yeon Song",2009-12-23,2010-12-22,2018-10-24,2018-10-24,https://patents.google.com/patent/EP2516691B1/en,
GB-201007919-D0,Biomarker ,Univ Birmingham,,2010-05-12,2010-05-12,2010-06-30,,https://patents.google.com/patent/GB201007919D0/en,
GB-202008857-D0,Fluid gel compositions ,Univ Birmingham,,2020-06-11,2020-06-11,2020-07-29,,https://patents.google.com/patent/GB202008857D0/en,
GB-201203937-D0,Nanoemulsion ,Univ Birmingham,,2012-03-06,2012-03-06,2012-04-18,,https://patents.google.com/patent/GB201203937D0/en,
GB-201203434-D0,Re-directed immunotherapy ,Univ Birmingham,,2012-02-28,2012-02-28,2012-04-11,,https://patents.google.com/patent/GB201203434D0/en,
GB-201120531-D0,CPU using encrypted arithmetic ,Univ Birmingham,,2011-11-28,2011-11-28,2012-01-11,,https://patents.google.com/patent/GB201120531D0/en,
GB-201108456-D0,Balanced antenna system ,Univ Birmingham,,2011-05-19,2011-05-19,2011-07-06,,https://patents.google.com/patent/GB201108456D0/en,
GB-201106240-D0,Rehydration fluid gels ,Univ Birmingham,,2011-04-13,2011-04-13,2011-05-25,,https://patents.google.com/patent/GB201106240D0/en,
GB-202008853-D0,Fluid gel compositions ,Univ Birmingham,,2020-06-11,2020-06-11,2020-07-29,,https://patents.google.com/patent/GB202008853D0/en,
GB-201001619-D0,Fuel cell electrode assembly ,Univ Birmingham,,2010-02-01,2010-02-01,2010-03-17,,https://patents.google.com/patent/GB201001619D0/en,
GB-202008919-D0,Polysaccharide conpositions and therapeutic gels ,Univ Birmingham,,2020-06-11,2020-06-11,2020-07-29,,https://patents.google.com/patent/GB202008919D0/en,
CN-111693410-A,Automatic searching and positioning device and method for micron-sized particle samples ,"常州先进制造技术研究所, 伯明翰大学","张志兵, 孙鹏, 张志华, 李华峰, 叶晓东, 王容川, 刘�东, 汪志焕, 孔令成",2020-07-15,2020-07-15,2020-09-22,,https://patents.google.com/patent/CN111693410A/en,https://patentimages.storage.googleapis.com/76/db/2f/f6e59f5bc8f725/HDA0002586155140000022.png
GB-2599405-A,Face mask ,"Univ Birmingham, King S College London","Addison Owen, Carter Luke, Constance Cox Sophie, Coward Trevor, Reed Caroline, Grover Liam",2020-09-30,2020-09-30,2022-04-06,,https://patents.google.com/patent/GB2599405A/en,
US-2019209680-A1,Treatment of acute liver failure ,The University Of Birmingham,"Abhishek Chauhan, Patricia Frances Lalor, Stephen Paul Watson",2016-09-06,2016-09-06,2019-07-11,,https://patents.google.com/patent/US20190209680A1/en,https://patentimages.storage.googleapis.com/4c/38/f5/c5b5df0d495ef0/US20190209680A1-20190711-D00000.png
GB-201710662-D0,Alcholic compositions ,Univ Birmingham,,2017-07-03,2017-07-03,2017-08-16,,https://patents.google.com/patent/GB201710662D0/en,
GB-2606148-A,High fidelity robust atom optics ,Univ Birmingham,"Lellouch Samuel, Holynski Michael, Langlois Mehdi",2021-04-26,2021-04-26,2022-11-02,,https://patents.google.com/patent/GB2606148A/en,
GB-201104514-D0,Re-directed immunotherapy ,Univ Birmingham,,2011-03-17,2011-03-17,2011-05-04,,https://patents.google.com/patent/GB201104514D0/en,
GB-201020202-D0,Balanced antenna system ,Univ Birmingham,,2010-11-29,2010-11-29,2011-01-12,,https://patents.google.com/patent/GB201020202D0/en,
AU-2020208816-A1,Drug delivery system ,The University Of Birmingham,"Felicity DE COGAN, Naa Dei NIKOI, Anna PEACOCK",2019-01-18,2020-01-20,2021-08-12,,https://patents.google.com/patent/AU2020208816A1/en,
GB-201018750-D0,Drug delivery system ,Univ Birmingham,,2010-11-05,2010-11-05,2010-12-22,,https://patents.google.com/patent/GB201018750D0/en,
GB-201010588-D0,Cancer treatment ,Univ Birmingham,,2010-06-23,2010-06-23,2010-08-11,,https://patents.google.com/patent/GB201010588D0/en,
GB-201005972-D0,Solubilisation of membrane proteins ,Univ Birmingham,,2010-04-09,2010-04-09,2010-05-26,,https://patents.google.com/patent/GB201005972D0/en,
CN-212364002-U,Automatic searching and positioning device for micron-sized particle samples ,"常州先进制造技术研究所, 伯明翰大学","张志兵, 孙鹏, 张志华, 李华峰, 叶晓东, 王容川, 刘�东, 汪志焕, 孔令成",2020-07-15,2020-07-15,2021-01-15,2021-01-15,https://patents.google.com/patent/CN212364002U/en,
US-2021100870-A1,Bone disease treatment ,The University Of Birmingham,"George Edward RAINGER, Helen McGettrick, Myriam Chimen",2019-10-08,2020-10-08,2021-04-08,,https://patents.google.com/patent/US20210100870A1/en,https://patentimages.storage.googleapis.com/e8/a9/78/4b516ecadd0a62/US20210100870A1-20210408-D00000.png
WO-2022096893-A1,Device ,The University Of Birmingham,"Melissa Grant, Tim Albrecht, Oliver IRVING",2020-11-04,2021-11-04,2022-05-12,,https://patents.google.com/patent/WO2022096893A1/en,
WO-2017174969-A1,Novel nanonization ,The University Of Birmingham,"Aditya Panduranga NAYAK, Ian Timothy Norton, Ian Hamilton",2016-04-08,2017-04-03,2017-10-12,,https://patents.google.com/patent/WO2017174969A1/en,
GB-201808839-D0,Method of predicting survival rates for cancer patients ,"Cancer Research Tech Ltd, Univ Birmingham",,2018-05-30,2018-05-30,2018-07-11,,https://patents.google.com/patent/GB201808839D0/en,
GB-202016722-D0,Battery recycling ,Univ Birmingham,,2020-10-21,2020-10-21,2020-12-02,,https://patents.google.com/patent/GB202016722D0/en,
WO-2023041932-A1,Biomarkers ,The University Of Birmingham,"Gary MIDDLETON, Akshay Patel, Jonathan Michael Blackburn, Ti-Myen TAN",2021-09-16,2022-09-16,2023-03-23,,https://patents.google.com/patent/WO2023041932A1/en,
TW-201134484-A,Therapeutic use ,"Biotie Therapies Corp, Univ Birmingham","Christopher Weston, David Adams, David Smith, Nina Westerlund, Marjo Pihlavisto, Thua Osterman",2010-04-12,2011-02-18,2011-10-16,,https://patents.google.com/patent/TW201134484A/en,
GB-201620792-D0,Composition ,Univ Birmingham,,2016-12-07,2016-12-07,2017-01-18,,https://patents.google.com/patent/GB201620792D0/en,
WO-2018037239-A1,Method for facilitating separation of nd from ndfeb magnets ,The University Of Birmingham,"Allan Walton, Neil ROWSON",2016-08-25,2017-08-25,2018-03-01,,https://patents.google.com/patent/WO2018037239A1/en,
GB-202107999-D0,Biodegradable polymers ,Univ Birmingham,,2021-06-04,2021-06-04,2021-07-21,,https://patents.google.com/patent/GB202107999D0/en,
WO-2023007182-A1,Protein interaction inhibitors ,The University Of Birmingham,"Julie RAYES, Martina COLICCHIA",2021-07-29,2022-07-29,2023-02-02,,https://patents.google.com/patent/WO2023007182A1/en,
WO-2022200793-A1,Analyte capture ,The University Of Birmingham,"Tim Albrecht, Oliver IRVING",2021-03-25,2022-03-24,2022-09-29,,https://patents.google.com/patent/WO2022200793A1/en,
WO-2011018601-A1,Method of forming an electrical circuit using fullerene derivatives ,The University Of Birmingham,"Francis Gibbons, Alex Robinson, Richard Palmer, Jon Andrew Preece",2009-08-10,2010-07-26,2011-02-17,,https://patents.google.com/patent/WO2011018601A1/en,
WO-2022064066-A1,Supramolecular molecules for the treatment of cancer ,The University Of Birmingham,Michael John HANNON,2020-09-28,2021-09-28,2022-03-31,,https://patents.google.com/patent/WO2022064066A1/en,
WO-2021260387-A1,Mmp-9 and mmp-12 inhibition for treating spinal cord injury or related injury to neurological tissue ,The University Of Birmingham,"Swarnalatha BALASUBRAMANIAN, Zubair Ahmed",2020-06-26,2021-06-25,2021-12-30,,https://patents.google.com/patent/WO2021260387A1/en,
GB-201714798-D0,Underwater acoustic reflector ,"Subsea Asset Location Tech Ltd, Univ Birmingham, Prec Acoustics Ltd",,2017-09-14,2017-09-14,2017-11-01,,https://patents.google.com/patent/GB201714798D0/en,
EP-3946396-A1,Oncolytic virus and focused ultrasound for non-invasive cns focal gene delivery ,"Cornell University, The Rockefeller University, University of Alabama at Birmingham","Michael G. Kaplitt, Mihaela STAVARACHE, James Markert",2019-03-27,2020-03-27,2022-02-09,,https://patents.google.com/patent/EP3946396A1/en,
GB-201612534-D0,Antibodies and related molecules and uses thereof ,Cancer Res Tech Ltd And Univ Of Birmingham The,,2016-07-19,2016-07-19,2016-08-31,,https://patents.google.com/patent/GB201612534D0/en,
GB-201612533-D0,Chimeric antigen receptor ,Cancer Res Tech Ltd And Cell Therapy Catapult Ltd And Univ Of Birmingham The,,2016-07-19,2016-07-19,2016-08-31,,https://patents.google.com/patent/GB201612533D0/en,
GB-201621716-D0,Composition and method for bone regeneration ,Univ Of Birmingham The,,2016-12-20,2016-12-20,2017-02-01,,https://patents.google.com/patent/GB201621716D0/en,
GB-201614783-D0,Kinases inhibitors ,Univ Of Birmingham The,,2016-09-01,2016-09-01,2016-10-19,,https://patents.google.com/patent/GB201614783D0/en,
GB-201016809-D0,Improvements in relation to antibody binding ,Univ Hospital Birmingham Nhs Foundation Trust,,2010-10-06,2010-10-06,2010-11-17,,https://patents.google.com/patent/GB201016809D0/en,
CN-107496910-A,The application related to the improved therapeutical uses of the pro-drug of purine nucleoside phosphorylase or nucleoside hydrolase ,"Uab研究基金会, 南方研究所","威廉·B·帕克, 埃里克·J·索尔舍尔",2011-02-18,2012-02-20,2017-12-22,,https://patents.google.com/patent/CN107496910A/en,
GB-201612844-D0,Chimeric antigen receptor ,Cell Therapy Catapult Ltd And Univ The Of Birmingham And Cancer Res Tech Ltd,,2016-07-25,2016-07-25,2016-09-07,,https://patents.google.com/patent/GB201612844D0/en,
GB-202215523-D0,A device ,Univ Hospitals Birmingham Nhs Foundation Trust,,2022-10-20,2022-10-20,2022-12-07,,https://patents.google.com/patent/GB202215523D0/en,
