search URL:,https://patents.google.com/?assignee=Univ+Bristol&after=filing:20100101&language=ENGLISH
id,title,assignee,inventor/author,priority date,filing/creation date,publication date,grant date,result link,representative figure link
EP-3646457-B1,Electrostatic actuator ,The University of Bristol,"Majid TAGHAVI, Tim HELPS, Jonathan ROSSITER",2017-06-29,2018-06-28,2022-01-26,2022-01-26,https://patents.google.com/patent/EP3646457B1/en,https://patentimages.storage.googleapis.com/76/26/ad/e2d793e45cb0f8/imgf0001.png
US-11617512-B2,Probe with a removable tip ,"The University Of Bristol, Gloucestershire Hospitals Nhs Foundation Trust","John Charles Clifford Day, Nicholas Stone",2011-10-31,2019-11-15,2023-04-04,2023-04-04,https://patents.google.com/patent/US11617512B2/en,https://patentimages.storage.googleapis.com/US11617512B2/US11617512-20230404-D00000.png
US-10057057-B2,"Homomorphic evaluation including key switching, modulus switching, and dynamic noise management ",International Business Machines Corporation,"Craig B. Gentry, Shai Halevi, Nigel P. Smart",2012-02-17,2016-10-17,2018-08-21,2018-08-21,https://patents.google.com/patent/US10057057B2/en,https://patentimages.storage.googleapis.com/a4/d7/ee/34f0807261d444/US10057057-20180821-D00000.png
US-9235101-B2,Optical source ,The University Of Bristol,"Joshua Wimbridge Silverstone, Damien Bonneau, Mark Gerard Thompson, Jeremy Lloyd O'Brien",2013-02-19,2014-02-18,2016-01-12,2016-01-12,https://patents.google.com/patent/US9235101B2/en,https://patentimages.storage.googleapis.com/10/ad/4e/0b58ef51113140/US09235101-20160112-D00000.png
US-10541809-B2,Chip-based quantum key distribution ,The University Of Bristol,"Mark Godfrey, Mark Thompson, Philip Sibson",2015-03-10,2016-03-08,2020-01-21,2020-01-21,https://patents.google.com/patent/US10541809B2/en,https://patentimages.storage.googleapis.com/5a/ce/0f/4ca548c6cf4563/US10541809-20200121-D00000.png
US-9952482-B2,Optical apparatus and method for outputting one or more photons ,The University Of Bristol,"Terence Rudolph, Mark Thompson, Jonathan Matthews, Damien Bonneau",2015-09-11,2016-09-09,2018-04-24,2018-04-24,https://patents.google.com/patent/US9952482B2/en,https://patentimages.storage.googleapis.com/c9/89/7f/3b0840654a33cd/US09952482-20180424-D00000.png
EP-2972499-B1,Radiation detection device and method ,The University of Bristol,"Thomas Scott, James Macfarlane",2013-03-11,2014-03-07,2020-02-26,2020-02-26,https://patents.google.com/patent/EP2972499B1/en,https://patentimages.storage.googleapis.com/61/d9/31/b34f4e319ad42a/imgf0001.png
AU-2012244303-B2,Novel plant acyltransferases specific for long-chain polyunsaturated fatty acids ,University Of Bristol,"Amine Abbadi, Jorg Bauer, Thomas Fraser, Margit Frentzen, Ernest Heinz, Stobart Keith, Colin M. Lazarus, Baoxiu Qi, Andreas Renz, Nursen Sozer",2003-03-31,2012-11-02,2016-03-03,2016-03-03,https://patents.google.com/patent/AU2012244303B2/en,
US-8933211-B2,Growth factor isoform ,University Of Bristol,"David O. Bates, Steven J. Harper",2001-08-01,2013-02-01,2015-01-13,2015-01-13,https://patents.google.com/patent/US8933211B2/en,https://patentimages.storage.googleapis.com/0a/e7/fa/b3ad135cd67fa0/US08933211-20150113-D00001.png
US-8962507-B2,Product and process ,"University Of The West Of England, Bristol","David Huson, Stephen Hoskins",2010-06-07,2011-06-07,2015-02-24,2015-02-24,https://patents.google.com/patent/US8962507B2/en,
EP-2654895-B1,Monitoring of a therapeutic x-ray beam using an active pixel sensor detector ,"The University of Bristol, Swansea University, University Hospitals Bristol Nhs Foundation Trust","Jaap VELTIUS, Richard Peter HUGTENBURG, Catherine Hall, Ryan PAGE, Paul Stevens",2010-12-22,2011-12-21,2018-04-04,2018-04-04,https://patents.google.com/patent/EP2654895B1/en,https://patentimages.storage.googleapis.com/c2/8b/d0/ed6dcf7aed48ac/imgf0001.png
US-11092580-B2,Diagnostic apparatus ,"University Of The West Of England, Bristol, The University Of Bristol","Norman Ratcliffe, Benjamin Paul Costello, Richard Ewen, Christopher Probert",2009-11-20,2020-02-28,2021-08-17,2021-08-17,https://patents.google.com/patent/US11092580B2/en,https://patentimages.storage.googleapis.com/7f/27/83/0fdc84b1406f1c/US11092580-20210817-D00000.png
US-9103975-B2,Orbital angular momentum ,The University Of Bristol,"Siyuan Yu, Mark Thompson, Xinlun Cai",2012-06-01,2013-05-29,2015-08-11,2015-08-11,https://patents.google.com/patent/US9103975B2/en,https://patentimages.storage.googleapis.com/93/92/47/7b16aabaa38e14/US09103975-20150811-D00000.png
EP-2888096-B1,Method and apparatus for manufacturing composite articles ,The University of Bristol,"David Williams, Renato Ricci, Alex STONEMAN, David Groves, Andrew DRANE",2012-08-22,2013-08-08,2017-12-27,2017-12-27,https://patents.google.com/patent/EP2888096B1/en,https://patentimages.storage.googleapis.com/72/bb/ad/015fdbf77e833c/imgf0001.png
US-9372667-B2,Ontology driven requirements engineering system and method ,"Airbus Operations Limited, University Of The West Of England Bristol","Mario KOSSMANN, Mohammed ODEH",2012-02-02,2012-02-02,2016-06-21,2016-06-21,https://patents.google.com/patent/US9372667B2/en,https://patentimages.storage.googleapis.com/0f/86/d3/ce6f9cd9459cc4/US09372667-20160621-D00000.png
US-10867780-B2,Multi detector mass spectrometer and spectrometry method filter ,"Thermo Fisher Scientific (Bremen) Gmbh, The University Of Bristol","Johannes Schwieters, Timothy Richard Elliott, Christopher David Coath",2015-08-14,2016-08-11,2020-12-15,2020-12-15,https://patents.google.com/patent/US10867780B2/en,https://patentimages.storage.googleapis.com/7f/a0/c0/1b0eb81b1e5571/US10867780-20201215-D00000.png
US-10031398-B2,Spectroscopy apparatus and method ,The University Of Bristol,"Jonathan C. F. Matthews, Damien Bonneau, Mark Gerard Thompson",2014-08-07,2015-07-01,2018-07-24,2018-07-24,https://patents.google.com/patent/US10031398B2/en,https://patentimages.storage.googleapis.com/46/7f/19/d442fdd420e5f5/US10031398-20180724-D00000.png
US-2012002811-A1,Secure outsourced computation ,The University Of Bristol,Nigel Smart,2010-06-30,2010-06-30,2012-01-05,,https://patents.google.com/patent/US20120002811A1/en,https://patentimages.storage.googleapis.com/ab/39/2d/857f117c43e5f9/US20120002811A1-20120105-D00000.png
US-2016124080-A1,Method and apparatus for producing an acoustic field ,Ultrahaptics Limited,"Thomas Andrew Carter, Benjamin John Oliver Long, Sriram Subramanian",2013-05-08,2014-04-29,2016-05-05,,https://patents.google.com/patent/US20160124080A1/en,https://patentimages.storage.googleapis.com/7a/eb/e7/dec0fa2fa1a1b2/US20160124080A1-20160505-D00000.png
US-2015192995-A1,Method and apparatus for providing tactile sensations ,University Of Bristol,"Sriram Subramanian, Thomas Andrew Carter, Benjamin John Oliver Long",2014-01-07,2014-01-07,2015-07-09,,https://patents.google.com/patent/US20150192995A1/en,https://patentimages.storage.googleapis.com/61/35/0f/5714dd534e264f/US20150192995A1-20150709-D00000.png
US-2014379038-A1,System for anatomical reduction of bone fractures ,"University Of The West Of England, Bristol","Sanja Dogramadzi, Roger Michael Atkins, Daniel Raabe",2011-09-09,2012-09-07,2014-12-25,,https://patents.google.com/patent/US20140379038A1/en,https://patentimages.storage.googleapis.com/f2/5a/9c/a1b6630fbf7e44/US20140379038A1-20141225-D00000.png
US-2015142398-A1,Methods for a multi-scale description of the electronic structure of molecular systems and materials and related applications ,"California Institute Of Technology, University Of Bristol","Thomas F MILLER, III, Frederick R MANBY",2013-11-20,2014-11-20,2015-05-21,,https://patents.google.com/patent/US20150142398A1/en,https://patentimages.storage.googleapis.com/77/b9/bf/a9237260f1668f/US20150142398A1-20150521-D00000.png
US-9182615-B2,Particles for electrophoretic displays ,"Merck Patent Gmbh, The University Of Bristol","Nils Greinert, Marc UERDINGEN, Ludger Beylage, Nikolai (Mykola) Ignatyev, Jonathan Henry Wilson, Mark John Goulding, Roger Kemp, Ashley Nathan Smith, Paul Bartlett, Peter Barthen, Walter Frank, Rodrigo Sanchez Garcia",2010-11-30,2011-11-25,2015-11-10,2015-11-10,https://patents.google.com/patent/US9182615B2/en,
US-2017191946-A1,Apparatus for and method of inspecting surface topography of a moving object ,"University Of The West Of England, Bristol, The Governor And Company Of The Bank Of England","Melvyn Smith, Lyndon Smith, Abdul FAROOQ, David Jesse FINNEGAN, Ian Crook",2014-06-05,2015-06-05,2017-07-06,,https://patents.google.com/patent/US20170191946A1/en,https://patentimages.storage.googleapis.com/c5/16/1d/d6b1fa6eb0224a/US20170191946A1-20170706-D00000.png
US-2019017032-A1,Cell reprogramming ,"Monash University, The University Of Bristol, Riken, Cell Mogrify Limited","Jaber Firas, Jose Polo, Julian GOUGH, Yoshihide Hayashizaki, Owen Rackham",2015-12-23,2016-12-23,2019-01-17,,https://patents.google.com/patent/US20190017032A1/en,https://patentimages.storage.googleapis.com/f9/c2/bd/e516368111d49e/US20190017032A1-20190117-D00000.png
JP-2014224125-A,Vegf-splicing controlling agents as pro- or con-angiogenic agents ,"ユニバーシティ オブ ブリストルＵｎｉｖｅｒｓｉｔｙ Ｏｆ Ｂｒｉｓｔｏｌ, Univ Of Bristol, ユニバーシティ  オブ  ブリストル","ベイツ デイビット, Bates David, ベイツ デイビット, ジェームズ ハーパー スティーブン, James Harper Steven, ジェームズ  ハーパー スティーブン, クジェゴシ ノワック デイビット, Grzegorz Nowak Dawid, クジェゴシ  ノワック デイビット",2007-03-09,2014-07-10,2014-12-04,,https://patents.google.com/patent/JP2014224125A/en,https://patentimages.storage.googleapis.com/8d/a2/ea/623772594633a3/2014224125-3.png
WO-2011033277-A3,Apparatus and method for the manipulation of objects using ultrasound ,"University Of Dundee, University Of Bristol, University Of Glasgow, University Of Southampton","Sandy Cochran, Bruce Drinkwater, Martyn Hill, David Cumming",2009-09-21,2010-09-21,2011-06-30,,https://patents.google.com/patent/WO2011033277A3/en,
CN-108601520-A,Sensibility of the measurement to polarised light ,布里斯托大学,谢尔比·坦普尔,2016-02-05,2017-02-01,2018-09-28,,https://patents.google.com/patent/CN108601520A/en,
JP-2010210636-A,Scanning probe microscope ,"Univ Of Bristol, ユニバーシティ・オブ・ブリストル","Mervyn John Miles, マイルズ，マーヴィン・ジョン, Andrew David Laver Humphris, ハンフリス，アンドリュー・デイヴィッド・レイヴァー, Jamie Kayne Hobbs, ホッブズ，ジェイミー・ケイン",2002-07-04,2010-05-06,2010-09-24,,https://patents.google.com/patent/JP2010210636A/en,https://patentimages.storage.googleapis.com/3f/dd/58/e3f21baeb4c9f1/2010210636-3.png
US-2019115877-A1,Method for generating an analog signal and compensating for non-linearity ,"King Fahd University Of Petroleum And Minerals, The University Of Bristol","Souheil Ben Smida, Oualid Hammi, Kevin Andrew Morris",2015-10-27,2018-12-07,2019-04-18,,https://patents.google.com/patent/US20190115877A1/en,https://patentimages.storage.googleapis.com/4d/bb/ef/7ecc9bc6daf514/US20190115877A1-20190418-D00000.png
US-2010246816-A1,Data encryption ,The University Of Bristol,"Nithin Mohan Thomas, David Roger Bull, David Wallace Redmill",2009-03-26,2010-03-25,2010-09-30,,https://patents.google.com/patent/US20100246816A1/en,https://patentimages.storage.googleapis.com/9b/17/32/cd03206db05264/US20100246816A1-20100930-D00000.png
GB-201415923-D0,Method and apparatus for modulating haptic feedback ,Univ Bristol,,2014-09-09,2014-09-09,2014-10-22,,https://patents.google.com/patent/GB201415923D0/en,
WO-2011104112-A1,Vibration damping structures ,"Rolls-Royce Plc, University Of Exeter, University Of Bristol","Ramesh Rajasekaran, Fabrizio Scarpa, Christopher Smith, Wayne Miller, Kenneth Evans",2010-02-23,2011-02-08,2011-09-01,,https://patents.google.com/patent/WO2011104112A1/en,
WO-2012019106-A3,Compounds for use in modulating the nmda receptor ,"Board Of Regents Of The University Of Nebraska, The University Of Bristol","Daniel T. Monaghan, David E. Jane, Blaise Mathias Costa, Mark Irvine, Guangyu Fang",2010-08-06,2011-08-05,2012-06-07,,https://patents.google.com/patent/WO2012019106A3/en,
GB-201201936-D0,Super-oscillatory lens device ,"Univ Southampton, Univ Bristol",,2012-02-03,2012-02-03,2012-03-21,,https://patents.google.com/patent/GB201201936D0/en,
GB-201114831-D0,Circuit with error correction ,"Univ Oxford Brookes, Univ Bristol",,2011-08-26,2011-08-26,2011-10-12,,https://patents.google.com/patent/GB201114831D0/en,
US-2017112968-A1,Cell bandage ,The University Of Bristol,"Anthony P. Hollander, Wa'el Z. Kaflenah, Ehsanollah Esfandiari, John F. Tarlton",2004-09-24,2017-01-09,2017-04-27,,https://patents.google.com/patent/US20170112968A1/en,https://patentimages.storage.googleapis.com/ac/5f/ef/82ceb5910b512d/US20170112968A1-20170427-D00001.png
GB-201416787-D0,Photon detector ,Univ Bristol,,2014-09-23,2014-09-23,2014-11-05,,https://patents.google.com/patent/GB201416787D0/en,
GB-201513436-D0,Apparatus for performing fracture reduction ,Univ Bristol,,2015-07-30,2015-07-30,2015-09-16,,https://patents.google.com/patent/GB201513436D0/en,
US-2012244281-A1,Low work function diamond surface and radiation energy converters using same ,The University Of Bristol,"Neil Fox, Tomas Liam Martin, Kane Michael O'Donnell",2010-11-25,2011-11-25,2012-09-27,,https://patents.google.com/patent/US20120244281A1/en,https://patentimages.storage.googleapis.com/b6/c0/26/f2a7aa5ffb79db/US20120244281A1-20120927-D00000.png
US-2018217106-A1,Wireless ultrasound sensor ,The University Of Bristol,"Cheng Huan Zhong, Anthony Croxford, Paul Wilcox",2015-06-22,2017-12-19,2018-08-02,,https://patents.google.com/patent/US20180217106A1/en,https://patentimages.storage.googleapis.com/61/69/6a/3656e859e66199/US20180217106A1-20180802-D00000.png
US-2017214274-A1,Wireless sensor ,The University Of Bristol,"ChengHuan Zhong, Anthony Croxford, Paul Wilcox",2014-07-15,2015-06-30,2017-07-27,,https://patents.google.com/patent/US20170214274A1/en,https://patentimages.storage.googleapis.com/b8/dc/50/d4579056fd294b/US20170214274A1-20170727-D00000.png
US-11302456-B2,Radiation powered devices comprising diamond material and electrical power sources for radiation powered devices ,The University Of Bristol,"Thomas Scott, Neil Fox, Liam PAYNE, Chris HUTSON, Hugo DOMINGUEZ ANDRADE",2017-05-10,2018-05-10,2022-04-12,2022-04-12,https://patents.google.com/patent/US11302456B2/en,https://patentimages.storage.googleapis.com/e9/54/75/3331d4d5dbbc88/US11302456-20220412-D00000.png
GB-2552171-A,Photochemical reactor ,Univ Bristol,"Booker-Milburn Kevin, Elliott Luke",2016-07-11,2016-07-11,2018-01-17,,https://patents.google.com/patent/GB2552171A/en,
GB-201015132-D0,Vaccine composition ,Univ Bristol,,2010-09-10,2010-09-10,2010-10-27,,https://patents.google.com/patent/GB201015132D0/en,
US-2021183648-A1,"Preparing a semiconductor on diamond substrate, and methods for making the same ",The University Of Bristol,"Martin Hermann Hans Kuball, James Wayne Pomeroy, Miichael John Uren, Oliver Aneurin Williams",2018-08-31,2021-02-25,2021-06-17,,https://patents.google.com/patent/US20210183648A1/en,https://patentimages.storage.googleapis.com/70/ee/df/753cf08937633a/US20210183648A1-20210617-D00000.png
GB-201505747-D0,Exosomes ,Univ Bristol,,2015-04-02,2015-04-02,2015-05-20,,https://patents.google.com/patent/GB201505747D0/en,
GB-201601342-D0,Method and device for detecting a smoke gesture ,Univ Bristol,,2016-01-26,2016-01-26,2016-03-09,,https://patents.google.com/patent/GB201601342D0/en,
US-2020124646-A1,Voltage detector and voltage detector system ,The University Of Bristol,"Salah Adami, Plamen Proynov, Bernard Stark, Guang Yang, Chunhong Zhang",2016-04-27,2017-04-27,2020-04-23,,https://patents.google.com/patent/US20200124646A1/en,https://patentimages.storage.googleapis.com/b3/bf/18/15a3e88109f880/US20200124646A1-20200423-D00000.png
US-2013287803-A1,Novel uses of vegfxxxb ,The University Of Bristol,"David Bates, Lucy Donaldson, Steven James Harper, Jing Hua",2008-02-29,2013-04-30,2013-10-31,,https://patents.google.com/patent/US20130287803A1/en,https://patentimages.storage.googleapis.com/da/24/5b/1ca74642e5c3ab/US20130287803A1-20131031-D00001.png
WO-2015114379-A1,A low background raman probe for optical biopsy of brain tissue ,The University Of Bristol,"John Charles Clifford Day, Oliver Andrew Charles Stevens",2014-01-31,2015-02-02,2015-08-06,,https://patents.google.com/patent/WO2015114379A1/en,
WO-2017187114-A1,Improvements in 3d printing ,The University Of Bristol,"Adam PERRIMAN, James Armstrong, Madeline BURKE, Benjamin Carter",2016-04-29,2016-10-28,2017-11-02,,https://patents.google.com/patent/WO2017187114A1/en,
IL-218358-A0,Method for the production of polyunsaturated fatty acids ,Univ Bristol,,2002-12-19,2012-02-28,2012-04-30,,https://patents.google.com/patent/IL218358A0/en,
JP-2013029527-A,Methods and apparatus for measuring internal structure of object ,"Univ Bristol, ザ・ユニヴァーシティ・オブ・ブリストル","Craddock Ian, イアン・クレイドック, William Preece Alan, アラン・ウィリアム・プリ−ス, Nilavalan Rajagopal, ラジャゴパル・ニラヴァラン, Albert Leendertz Jack, ジャック・アルバート・リーンダーツ, Benjamin Ralph, ラルフ・ベンジャミン, John Wilson Frederick, フレデリック・ジョン・ウィルソン",2005-02-09,2012-11-05,2013-02-07,,https://patents.google.com/patent/JP2013029527A/en,https://patentimages.storage.googleapis.com/4b/b9/3d/18b4d4363d647e/2013029527-8.png
CN-103518282-A,Microbial fuel cell ,英国西英格兰大学，布里斯托尔,"J·格伦曼, A·I·耶罗普洛斯",2011-03-09,2012-03-09,2014-01-15,,https://patents.google.com/patent/CN103518282A/en,https://patentimages.storage.googleapis.com/0c/70/c1/35a82d685c4e3d/HDA0000411799610000051.png
US-2016090401-A1,Self-assembling peptide cages from coiled-coil peptide modules ,The University Of Bristol,"Dek Woolfson, Paula Booth, Jordan Fletcher, Richard Sessions, Noah Linden",2013-04-11,2014-04-11,2016-03-31,,https://patents.google.com/patent/US20160090401A1/en,https://patentimages.storage.googleapis.com/d5/c2/09/0854cfbee6fa1a/US20160090401A1-20160331-D00001.png
GB-2497035-B,Method of authentication ,Univ Bristol,"John Barham Peter, Burghardt Tilo",2010-08-11,2011-08-11,2017-10-25,2017-10-25,https://patents.google.com/patent/GB2497035B/en,
WO-2017174663-A1,Non-contact apparatus and method for capturing skin surface image data ,"University Of The West Of England, Bristol","Abdul Farooq, Melvyn Smith, Lyndon Smith",2016-04-06,2017-04-05,2017-10-12,,https://patents.google.com/patent/WO2017174663A1/en,
US-9937272-B2,Anthracenyl-tetralactam macrocycles and their use in detecting a target saccharide ,University Of Bristol,"Chenfeng Ke, Anthony P. Davis",2012-04-27,2017-02-28,2018-04-10,2018-04-10,https://patents.google.com/patent/US9937272B2/en,https://patentimages.storage.googleapis.com/be/2c/74/22a61c82d742c8/US09937272-20180410-D00001.png
AU-2010243355-A1,Apparatus for testing the quality of a fluid sample ,The University Of Bristol,"Tahmina Ajmal, Robert Edward Shenton Bain, Stephen Gundry, Philip Walsh, Craig Ian Wightman",2009-05-01,2010-04-30,2011-11-17,,https://patents.google.com/patent/AU2010243355A1/en,
US-2017146525-A1,Particle Facilitated Testing ,"University Of The West Of England, Bristol","Richard William Luxton, Janice Helen Kiely, Patrick Wraith",2007-03-21,2017-02-03,2017-05-25,,https://patents.google.com/patent/US20170146525A1/en,https://patentimages.storage.googleapis.com/95/55/c9/2fbb88209b874a/US20170146525A1-20170525-D00001.png
US-2019352710-A1,"System, method, computer-accessible medium and apparatus for dna mapping ","Virginia Commonwealth University, New York University, University Of Bristol","Jason Reed, Bhubaneswar Mishra, Andrey MIKHEYKIN, Loren PICCO, Oliver PAYTON, Freddie RUSSELL-PAVIER",2017-01-05,2018-01-05,2019-11-21,,https://patents.google.com/patent/US20190352710A1/en,https://patentimages.storage.googleapis.com/9a/11/37/6096341967d11c/US20190352710A1-20191121-D00000.png
WO-2019224542-A1,Biomarkers for colorectal cancer ,"The University Of Liverpool, University Hospitals Bristol Nhs Foundation Trust","Chris Probert, Ashley BOND, Rosemary GREENWOOD",2018-05-23,2019-05-23,2019-11-28,,https://patents.google.com/patent/WO2019224542A1/en,
EP-4025721-A2,Chemical vapor deposition process for producing diamond ,The University of Bristol,"Neil Fox, Hugo Dominguez ANDRADE, Thomas B. SCOTT, Edward JD MAHONEY, Alexander CROOT",2019-09-03,2020-09-02,2022-07-13,,https://patents.google.com/patent/EP4025721A2/en,
ES-2600052-T3,Biomarkers for osteoarthritis ,"Université de Liège, Centre Hospitalier Universitaire Liègeois, The University Of Bristol","Mohammed Sharif, Michel Malaise, Dominique De Seny",2011-01-31,2012-01-31,2017-02-06,2017-02-06,https://patents.google.com/patent/ES2600052T3/en,
US-10849939-B2,Probiotic formulation ,The University Of Bristol,"Tristan Cogan, Jenny Bailey",2011-07-21,2018-05-17,2020-12-01,2020-12-01,https://patents.google.com/patent/US10849939B2/en,https://patentimages.storage.googleapis.com/55/03/07/6930f882a5a03c/US10849939-20201201-D00001.png
AU-2013333657-A1,Compounds useful for treating ocular neovasculan ,Exonate Limited,"David Owen Bates, Melissa GAMMONS, Steven James Harper, Jonathan Morris",2012-10-17,2013-10-17,2015-05-28,,https://patents.google.com/patent/AU2013333657A1/en,
GB-2594450-A,Optical apparatus ,"Univ Bristol, Univ Degli Studi Di Trento","Paesani Stefano, Borghi Massimo, Pavesi Lorenzo, Signorini Stefano",2020-04-21,2020-04-21,2021-11-03,,https://patents.google.com/patent/GB2594450A/en,
JP-2014140151-A,Radio communication system and weight calculation method ,"Nippon Telegr & Teleph Corp <Ntt>, 日本電信電話株式会社, Univ Of Bristol, ユニバーシティ  オブ  ブリストル","Riichi Kudo, 理一 工藤, Masato Mizoguchi, 匡人 溝口, M D Armour Simon, エム  ディ  アーマー サイモン, Mcgeehan Joe, マギーアン ジョー",2012-12-18,2013-08-01,2014-07-31,,https://patents.google.com/patent/JP2014140151A/en,https://patentimages.storage.googleapis.com/2f/0e/f8/8e4d0613bb8586/2014140151-61.png
US-8823014-B2,Off-axis silicon carbide substrates ,"Kansas State University Research Foundation, State University Of New York Stony Brook, The University Of Bristol","James Edgar, Michael Dudley, Martin Kuball, Yi Zhang, Guan Wang, Hui Chen, Yu Zhang",2008-06-13,2010-12-13,2014-09-02,2014-09-02,https://patents.google.com/patent/US8823014B2/en,https://patentimages.storage.googleapis.com/e1/70/40/e12cf0f49c6f9a/US08823014-20140902-D00000.png
WO-2016102945-A1,Apparatus and method for analysing a surface ,"Intercede Ventures Ltd, University Of The West Of England, Bristol","Richard William Luxton, Janice Helen Kiely, Timothy Ingram Cox, Ben de Lacy COSTELLO, Graham Shaun MIMMS",2014-12-22,2015-12-21,2016-06-30,,https://patents.google.com/patent/WO2016102945A1/en,
US-2012027105-A1,Channel estimator ,The University Of Bristol,"Andrew Nix, Simon Armour, Gillian Huang",2009-02-12,2010-09-24,2012-02-02,,https://patents.google.com/patent/US20120027105A1/en,https://patentimages.storage.googleapis.com/3b/5b/8d/ca6b999bdc9813/US20120027105A1-20120202-D00000.png
WO-2014028974-A1,Diagnostic markers for spondyloarthropathies and uses thereof ,"The University Of Queensland, University Of Bristol","Matthew Arthur Brown, David Meurig Faenor EVANS",2012-08-24,2013-08-22,2014-02-27,,https://patents.google.com/patent/WO2014028974A1/en,
US-2014072966-A1,Genetic biomarkers for glucose-6-phosphate dehydrogenase deficiency ,"University Of Bristol, King Abdulaziz University","Mamdooh Abdullah Gari, Ashraf Resiq Dallol, Huda Abdulrahman Banni, Adel Mohammed Abuzenadah, Adeel Gulazar Chaudhary, Mohammed Hussein Al-Qahtani, Wael Zaki Kafienah, Jeffrey Bidwell",2012-09-07,2012-09-07,2014-03-13,,https://patents.google.com/patent/US20140072966A1/en,https://patentimages.storage.googleapis.com/fc/e5/eb/3add9e126873be/US20140072966A1-20140313-D00001.png
GB-201501926-D0,Arrangement for machining a workplace ,Univ Bristol,,2015-02-05,2015-02-05,2015-03-25,,https://patents.google.com/patent/GB201501926D0/en,
US-2022125950-A1,Aav gene therapy for treating nephrotic syndrome ,The University Of Bristol,"Moin Ahson Saleem-Uddin, Gavin lain Welsh",2019-01-18,2020-01-17,2022-04-28,,https://patents.google.com/patent/US20220125950A1/en,https://patentimages.storage.googleapis.com/9e/ee/9d/26891c9f3d5a16/US20220125950A1-20220428-D00000.png
EP-2737353-A1,Optical device ,"The University of Bristol, Gloucestershire Hospitals NHS Foundation Trust","Joanne HUTCHINGS, John Charles Clifford Day",2011-07-29,2012-07-27,2014-06-04,,https://patents.google.com/patent/EP2737353A1/en,
US-2020231685-A1,Conjugates for treating inflammatory disease and identification of patients likely to benefit from such treatment ,"The University Of Bristol, The Govt. of the U.S.A as represented by the Secretary of the Department of Health and Human Service","Richard Lee, Andrew Dick, Lauren SCHEWITZ BOWERS, Robert Nussenblatt, Igal Gery, Lai Wei",2013-12-20,2019-12-20,2020-07-23,,https://patents.google.com/patent/US20200231685A1/en,https://patentimages.storage.googleapis.com/f1/2c/a6/d4446ed7af359d/US20200231685A1-20200723-D00001.png
GB-201514821-D0,Collaborating robots ,Univ Bristol,,2013-02-25,2014-02-21,2015-10-07,,https://patents.google.com/patent/GB201514821D0/en,
GB-201306762-D0,Method and apparatus for aligning discontinuous fibres ,Univ Bristol,,2013-04-15,2013-04-15,2013-05-29,,https://patents.google.com/patent/GB201306762D0/en,
EP-2681527-A2,Apparatus for testing the quality of a fluid sample ,The University of Bristol,"Stephen Gundry, Robert Edward Shenton Bain, Philip Walsh, Craig Ian Wightman, Robert Matthews, Thomas Martin HILDER",2011-03-01,2012-02-29,2014-01-08,,https://patents.google.com/patent/EP2681527A2/en,
GB-2484661-A,A fluid intake comprising a multistable member and method of manufacturing said multistable member ,Univ Bristol,"Steven Daynes, Paul Weaver",2010-10-14,2010-10-14,2012-04-25,,https://patents.google.com/patent/GB2484661A/en,
GB-2516537-A,"Antibacterial micro-and nanoparticles comprising a chlorhexidine salt, method of production and uses thereof ",Univ Bristol,Michele Emily Redmond,2013-05-17,2014-05-16,2015-01-28,,https://patents.google.com/patent/GB2516537A/en,
GB-201200159-D0,"A communication system, method and apparatus ",Univ Bristol,,2011-08-31,2012-01-05,2012-02-15,,https://patents.google.com/patent/GB201200159D0/en,
GB-2492594-A,Tow placement apparatus and method ,Univ Bristol,"Byung Chul Kim, Kevin Potter, Paul Weaver",2011-07-08,2011-07-08,2013-01-09,,https://patents.google.com/patent/GB2492594A/en,
GB-201110344-D0,Apparatus for collecting a sample ,Univ Bristol,,2011-06-20,2011-06-20,2011-08-03,,https://patents.google.com/patent/GB201110344D0/en,
CN-111094985-A,Sensor with a sensor element ,布利斯脱大学,"德雷克·内尔·伍尔夫松, 威廉·迈克尔·道森, 古托·格林·里斯, 大卫·阿恩·斯科特, 约旦·迈克尔·弗莱彻, 克里斯多佛·罗宾·韦尔斯·伍德",2017-09-08,2018-09-06,2020-05-01,,https://patents.google.com/patent/CN111094985A/en,https://patentimages.storage.googleapis.com/5f/7b/74/f7d20cbce31557/HDA0002404360970000031.png
US-2015158837-A1,Compound And Method ,University Of Bristol,"Varinder Kumar Aggarwal, Mark Graeme Coulthard, William Erb",2012-06-11,2013-06-11,2015-06-11,,https://patents.google.com/patent/US20150158837A1/en,https://patentimages.storage.googleapis.com/43/d2/d3/b26a73e54a0562/US20150158837A1-20150611-D00001.png
CA-2760004-A1,Novel composition ,"Glaxo Group Ltd., Jane Fletcher, Christabel Fowler, Professor Stephen Mann, Charles Richard Parkinson, Dominic Walsh, The University Of Bristol","Jane Fletcher, Christabel Fowler, Professor Stephen Mann, Charles Richard Parkinson, Dominic Walsh",2009-05-15,2010-05-12,2010-11-18,,https://patents.google.com/patent/CA2760004A1/en,
GB-201412136-D0,Sensor ,Univ Bristol,,2014-07-08,2014-07-08,2014-08-20,,https://patents.google.com/patent/GB201412136D0/en,
EP-4031653-A1,Product for therapy and methods ,The University of Bristol,"Timothy James SATCHWELL, Ashley Mark TOYE, Marjolein MEINDERS",2019-09-20,2020-09-21,2022-07-27,,https://patents.google.com/patent/EP4031653A1/en,
EP-3500572-B1,Cytisine derivatives for the treatment of addiction ,The University of Bristol,"Timothy Charles Gallagher, Hugo REGO CAMPELLO",2016-08-19,2017-08-17,2022-10-26,2022-10-26,https://patents.google.com/patent/EP3500572B1/en,
EP-2494028-A4,Methods of increasing yields of pleuromutilins ,"Glaxo Group Ltd, Univ Bristol","Andrew Mark Bailey, Catherine Collins, Amanda Crawford, Gary Foster, Alison Michelle Griffin, Sreedhar Kilaru, Angela Scrogham, David Spence",2009-10-30,2010-10-28,2015-04-01,,https://patents.google.com/patent/EP2494028A4/en,
US-2020233195-A1,Microfluidics analysis system ,The University Of Bristol,"John Charles Clifford Day, Alastair POOLE",2017-07-20,2018-07-11,2020-07-23,,https://patents.google.com/patent/US20200233195A1/en,https://patentimages.storage.googleapis.com/45/63/d9/e50c85d1d0d855/US20200233195A1-20200723-D00000.png
EP-2384203-A1,Contrast agents for medical microwave imaging ,The University of Bristol,"Ian James Craddock, Maciek Bartlomiej Klemm, Andrew Farley, Alan Preece, Jack Leendertz",2009-11-27,2010-11-24,2011-11-09,,https://patents.google.com/patent/EP2384203A1/en,
CA-3103203-A1,Materials and methods for modulating intraocular and intracranial pressure ,"The University Of Bristol, Colin Jonathan CHU",Colin Jonathan CHU,2018-06-12,2019-06-11,2019-12-19,,https://patents.google.com/patent/CA3103203A1/en,
US-2019074152-A1,Electromechanical relay device ,The University Of Bristol,"Sunil Rana, Dinesh Pamunuwa, Liam Anand Boodhoo, Harold Meng Hoon Chong",2016-03-11,2017-03-10,2019-03-07,,https://patents.google.com/patent/US20190074152A1/en,https://patentimages.storage.googleapis.com/51/b1/1a/43ecc88dbe6e03/US20190074152A1-20190307-D00000.png
EP-3662264-A1,Method and apparatus for bacterial analysis ,The University of Bristol,"Massimo Antognozzi, Charlotte BERMINGHAM, Krishna Coimbatore Balram, Ruth OULTON",2017-07-31,2018-07-30,2020-06-10,,https://patents.google.com/patent/EP3662264A1/en,
EP-2897528-A1,Fluid sampling apparatus and method ,The University of Bristol,"Stafford Louis Lightman, Jack Albert Leendertz, Ragini BHAKE",2012-09-21,2013-09-20,2015-07-29,,https://patents.google.com/patent/EP2897528A1/en,
GB-201806727-D0,Multi-frequency wireless sensor ,Univ Bristol,,2018-04-25,2018-04-25,2018-06-06,,https://patents.google.com/patent/GB201806727D0/en,
EP-3515922-A1,A versatile process for the preparation of acylphosphines ,"ETH Zürich, The University of Bristol","Hansjörg Grützmacher, Paul Gerard Pringle, Mark BISPINGHOFF",2016-09-19,2017-09-18,2019-07-31,,https://patents.google.com/patent/EP3515922A1/en,
GB-201703496-D0,Detection apparatus ,Univ Bristol,,2017-03-03,2017-03-03,2017-04-19,,https://patents.google.com/patent/GB201703496D0/en,
GB-2558899-A,Sensor ,Univ Bristol,"Wisnom Michael, Jalalvand Meisam",2017-01-18,2017-01-18,2018-07-25,,https://patents.google.com/patent/GB2558899A/en,
GB-201507965-D0,Compositon and method for the control and monitoring of clotting ,Univ Bristol,,2015-05-11,2015-05-11,2015-06-24,,https://patents.google.com/patent/GB201507965D0/en,
GB-201020071-D0,Method ,Univ Bristol,,2010-11-26,2010-11-26,2011-01-12,,https://patents.google.com/patent/GB201020071D0/en,
GB-201009173-D0,Treatment of pain ,Univ Bristol,,2010-05-28,2010-05-28,2010-07-14,,https://patents.google.com/patent/GB201009173D0/en,
GB-201310610-D0,Object-handling device ,Univ Bristol,,2013-06-14,2013-06-14,2013-07-31,,https://patents.google.com/patent/GB201310610D0/en,
GB-201705897-D0,Method ,Univ Bristol,,2017-04-12,2017-04-12,2017-05-24,,https://patents.google.com/patent/GB201705897D0/en,
GB-201501570-D0,Apparatus ,Univ Bristol,,2015-01-30,2015-01-30,2015-03-18,,https://patents.google.com/patent/GB201501570D0/en,
US-8530150-B2,Detection of risk of pre-eclampsia ,The University Of Bristol,"David Owen Bates, Victoria Louise Bills, Steven James Harper, Yan Qiu",2009-09-25,2010-09-24,2013-09-10,2013-09-10,https://patents.google.com/patent/US8530150B2/en,https://patentimages.storage.googleapis.com/0e/b5/f9/eaeb9ee28fd064/US08530150-20130910-D00001.png
WO-2013008019-A1,Filter ,University Of Bristol,"Thomas Bligh SCOTT, James William MACFARLANE",2011-07-12,2012-07-12,2013-01-17,,https://patents.google.com/patent/WO2013008019A1/en,
WO-2012156746-A1,Orthopaedic material ,University Of Bristol,"Jason Peter MANSELL, Charles Fredrick James FAUL, Ashley William BLOM",2011-05-19,2012-05-17,2012-11-22,,https://patents.google.com/patent/WO2012156746A1/en,
US-2011189284-A1,Peptide Fibres ,University Of Bristol,"Derek Woolfson, Edgardo Abelardo, Eleanor Banwell",2009-12-21,2010-12-21,2011-08-04,,https://patents.google.com/patent/US20110189284A1/en,https://patentimages.storage.googleapis.com/74/b8/3c/1112f86a2b847a/US20110189284A1-20110804-D00000.png
WO-2012106251-A2,Pertussis vaccine ,"The United States Of America, As Represented By The Secretary, Department Of Health And Human Services, National Research Council Of Canada, Cambridge Enterprise Limited, University Of Bristol","Joanna Kubler-Kielb, Rachel Schneerson, John B. Robbins, Ariel Ginzberg, Teresa Lagergard, Evguenii Vinogradov, Duncan MASKELL, Andrew Preston",2011-01-31,2012-01-30,2012-08-09,,https://patents.google.com/patent/WO2012106251A2/en,
US-2015071967-A1,Tolerisation-Inducing Composition ,University Of Bristol,"David Wraith, Elaine Hill",2012-04-02,2013-04-02,2015-03-12,,https://patents.google.com/patent/US20150071967A1/en,https://patentimages.storage.googleapis.com/60/86/ce/1aa545853ad28e/US20150071967A1-20150312-D00001.png
WO-2013007985-A1,Method ,"Imperial Innovations Limited, University Of Bristol","Myra O. MCCLURE, Patrick J. Horner",2011-07-08,2012-07-05,2013-01-17,,https://patents.google.com/patent/WO2013007985A1/en,
WO-2018046908-A2,Vacuum forming a laminate charge ,The University Of Bristol,Alexander Stephen WALLACE,2016-09-07,2017-09-06,2018-03-15,,https://patents.google.com/patent/WO2018046908A2/en,
US-11150221-B2,Sensor system ,"Inductosense Limited, University Of Bristol, Hitachi-Ge Nuclear Energy, Ltd.","Akinori Tamura, Satoshi Kanno, Paul Wilcox, Anthony Croxford, ChengHuan Zhong",2017-06-08,2018-05-24,2021-10-19,2021-10-19,https://patents.google.com/patent/US11150221B2/en,https://patentimages.storage.googleapis.com/f8/b9/79/13aefbaefea2e9/US11150221-20211019-D00000.png
WO-2020089607-A1,Sensor ,"University Of The West Of England, Bristol","Richard Luxton, Janice Kiely, Joel ALLAINGUILLAUME, Jacqueline Mary BARNETT",2018-10-30,2019-10-29,2020-05-07,,https://patents.google.com/patent/WO2020089607A1/en,
EP-3463572-A1,Device for patient monitoring ,"University of The West of England, Bristol, Taunton and Somerset NHS Trust","Sanja DOGRAMADZI, Simon GOLDSWORTHY",2016-05-23,2017-05-19,2019-04-10,,https://patents.google.com/patent/EP3463572A1/en,
GB-201703785-D0,Radiation detector ,"Univ Bristol, Univ Swansea, Univ Hospitals Bristol Nhs Found Trust",,2017-03-09,2017-03-09,2017-04-26,,https://patents.google.com/patent/GB201703785D0/en,
GB-201715528-D0,Molecular Heaters ,"Univ Warwick, Univ Bristol, Univ Of Amsterdam",,2017-09-26,2017-09-26,2017-11-08,,https://patents.google.com/patent/GB201715528D0/en,
GB-201815020-D0,Molecular heaters ,"Univ Warwick, Univ Bristol, Univ Of Amsterdam",,2018-09-14,2018-09-14,2018-10-31,,https://patents.google.com/patent/GB201815020D0/en,
GB-201012855-D0,Apparatus and method for the manipulation of objects using ultrasound ,"Univ Dundee, Univ Southampton, Univ Glasgow, Univ Bristol",,2010-07-30,2010-07-30,2010-09-15,,https://patents.google.com/patent/GB201012855D0/en,
JP-2014045286-A,Transmitter and channel estimation method ,"Nippon Telegr & Teleph Corp <Ntt>, 日本電信電話株式会社, Univ Of Bristol, ユニバーシティ  オブ  ブリストル","Riichi Kudo, 理一 工藤, Masato Mizoguchi, 匡人 溝口, M D Armour Simon, エム  ディ  アーマー サイモン, Mcgeehan Joe, マギーアン ジョー",2012-08-24,2012-08-24,2014-03-13,,https://patents.google.com/patent/JP2014045286A/en,https://patentimages.storage.googleapis.com/c8/eb/47/7d96933c99b55a/2014045286-43.png
GB-201317608-D0,Nanospheres ,"Univ Bristol, Univ Bath",,2013-10-04,2013-10-04,2013-11-20,,https://patents.google.com/patent/GB201317608D0/en,
BR-102018008669-A2,"Trypanocidal substituted 1,4-naphthoquinones, trypanocidal pharmaceutical compositions and uses ","Univ Federal De Alagoas Ufal, Univ Minas Gerais, Univ Bristol","Nunes Da Silva Júnior Eufrânio, Augusto De Melo Jardim Guilherme, Forwood Bower John, Salomão Salem Kelly, Oliveira Fonseca Goulart Marília, Lisboa De Castro Solange, Lúcio Silva Thaissa",2018-04-27,2018-04-27,2019-11-12,,https://patents.google.com/patent/BR102018008669A2/en,
EP-3600000-A1,Probe for optical spectroscopy ,"The University of Bristol, The University Of Exeter, Gloucestershire Hospitals NHS Foundation Trust","Nicholas Stone, John Charles Clifford Day",2017-03-20,2018-03-15,2020-02-05,,https://patents.google.com/patent/EP3600000A1/en,
WO-2023285817-A1,Steerable optical reflector and optical switch ,"University Of Southampton, University Of Bristol","Frederic Gardes, George Kanellos",2021-07-15,2022-07-13,2023-01-19,,https://patents.google.com/patent/WO2023285817A1/en,
WO-2022073973-A1,Means and methods to diagnose gut flora dysbiosis and inflammation ,"Vib Vzw, Katholieke Universiteit Leuven, K.U.Leuven R&D, The University Of Bristol","Jeroen RAES, Sebastian PROOST, Gwen FALONY, Sara Manuel ARAUJO VIEIRA DA SILVA, Nicholas John TIMPSON, David Allen HUGHES",2020-10-05,2021-10-05,2022-04-14,,https://patents.google.com/patent/WO2022073973A1/en,
GB-202018733-D0,Polypeptides and uses thereof ,Univ Bristol,,2020-11-27,2020-11-27,2021-01-13,,https://patents.google.com/patent/GB202018733D0/en,
CA-3183207-A1,Fatty acid complexes of coronavirus spike protein and their use ,"Daniel Joseph Fitzgerald, The University Of Bristol, Imre Berger, Halo Therapeutics Ltd, Christiane BERGER-SCHAFFITZEL, Christine TOELZER, Kapil Gupta","Daniel Joseph Fitzgerald, Imre Berger, Christiane BERGER-SCHAFFITZEL, Christine TOELZER, Kapil Gupta",2020-06-18,2021-06-18,2021-12-23,,https://patents.google.com/patent/CA3183207A1/en,
GB-202203223-D0,Determining Vital Signs ,Univ Bristol,,2022-03-08,2022-03-08,2022-04-20,,https://patents.google.com/patent/GB202203223D0/en,
AU-2022287599-A1,Compositions and methods for delivery of nucleic acid to plant cells ,The University Of Bristol,"David BENITO-ALIFONSO, M. Carmen GALAN, Thomas A. SWIFT, Heather M. WHITNEY",2018-01-05,2022-12-14,2023-02-02,,https://patents.google.com/patent/AU2022287599A1/en,
GB-202202246-D0,Anti-leak system and methods ,Univ Bristol,,2022-02-18,2022-02-18,2022-04-06,,https://patents.google.com/patent/GB202202246D0/en,
GB-202209227-D0,Artificial tubular graft ,Univ Bristol,,2022-06-23,2022-06-23,2022-08-10,,https://patents.google.com/patent/GB202209227D0/en,
GB-202215187-D0,Inductive coil array ,Univ Bristol,,2022-10-14,2022-10-14,2022-11-30,,https://patents.google.com/patent/GB202215187D0/en,
GB-201509693-D0,Orthopaedic and dental material ,Univ Bristol,,2015-06-04,2015-06-04,2015-07-22,,https://patents.google.com/patent/GB201509693D0/en,
GB-201507482-D0,A method and apparatus for shaping quantization noise ,Univ Bristol,,2015-04-30,2015-04-30,2015-06-17,,https://patents.google.com/patent/GB201507482D0/en,
GB-201502370-D0,Hardware security primitive ,Univ Bristol,,2015-02-13,2015-02-13,2015-04-01,,https://patents.google.com/patent/GB201502370D0/en,
GB-201502345-D0,Computer memory architecture and read/write scheme ,Univ Bristol,,2015-02-12,2015-02-12,2015-04-01,,https://patents.google.com/patent/GB201502345D0/en,
GB-201405054-D0,Arrangement for machining a workpiece ,Univ Bristol,,2014-03-21,2014-03-21,2014-05-07,,https://patents.google.com/patent/GB201405054D0/en,
GB-201400666-D0,Reconfigurable network interface system ,"Transfusion Service, Univ Bristol",,2014-01-15,2014-01-15,2014-03-05,,https://patents.google.com/patent/GB201400666D0/en,
GB-201313025-D0,Sensor ,Univ Bristol,,2013-07-22,2013-07-22,2013-09-04,,https://patents.google.com/patent/GB201313025D0/en,
GB-201308982-D0,"Diagnosis, prognosis and treatment of carcinomas ",Univ Bristol,,2013-05-17,2013-05-17,2013-07-03,,https://patents.google.com/patent/GB201308982D0/en,
GB-201304694-D0,Compounds ,Univ Bristol,,2013-03-15,2013-03-15,2013-05-01,,https://patents.google.com/patent/GB201304694D0/en,
GB-201300777-D0,Adaptive voltage scaling with in-situ detectors in commercial field programmable gate arrays ,Univ Bristol,,2013-01-16,2013-01-16,2013-02-27,,https://patents.google.com/patent/GB201300777D0/en,
GB-201221010-D0,A marker for defining stem cells for cartilage regeneration ,Univ Bristol,,2012-11-22,2012-11-22,2013-01-09,,https://patents.google.com/patent/GB201221010D0/en,
GB-201218676-D0,Anti-angiogenic treatments ,Univ Bristol,,2012-10-17,2012-10-17,2012-11-28,,https://patents.google.com/patent/GB201218676D0/en,
GB-201218378-D0,A marker for defining stem cells for cartilage regeneration ,Univ Bristol,,2012-10-12,2012-10-12,2012-11-28,,https://patents.google.com/patent/GB201218378D0/en,
CA-3170657-A1,Gene therapy ,"The University Of Bristol, Rebecca R. FOSTER, Moin Ahson SALEEM-UDDIN, Gavin Iain Welsh","Rebecca R. FOSTER, Moin Ahson SALEEM-UDDIN, Gavin Iain Welsh",2020-03-04,2021-03-04,2021-09-10,,https://patents.google.com/patent/CA3170657A1/en,
CA-3132211-A1,Sensor ,"Cancer Research Technology Limited, The University Of Bristol, Derek Neil WOOLFSON, William Michael DAWSON, Guto Glynn RHYS, David Arne SCOTT, Jordan Michael FLETCHER, Christopher Robin Wells WOOD, James Christopher NORMAN, Cassie Jemma CLARKE","Derek Neil WOOLFSON, William Michael DAWSON, Guto Glynn RHYS, David Arne SCOTT, Jordan Michael FLETCHER, Christopher Robin Wells WOOD, James Christopher NORMAN, Cassie Jemma CLARKE",2019-03-07,2020-03-06,2020-09-10,,https://patents.google.com/patent/CA3132211A1/en,
GB-202003618-D0,Gene Therapy ,"Univ Bristol, Syncona Investment Man Ltd",,2020-03-12,2020-03-12,2020-04-29,,https://patents.google.com/patent/GB202003618D0/en,
GB-202217332-D0,Methods ,"Univ Bristol, Purespring Therapeutics Ltd",,2022-11-18,2022-11-18,2023-01-04,,https://patents.google.com/patent/GB202217332D0/en,
GB-201902717-D0,Heart valve ,"Univ Bristol, Cambridge Entpr Ltd",,2019-02-28,2019-02-28,2019-04-17,,https://patents.google.com/patent/GB201902717D0/en,
GB-201902284-D0,Solidification or crystallisation method ,Univ Bristol,,2019-02-19,2019-02-19,2019-04-03,,https://patents.google.com/patent/GB201902284D0/en,
CN-111094322-A,Delivery of proteins to membranes ,布里斯托大学,"亚当·威廉斯·佩里曼, 罗伯特·克里斯托弗·德勒, 肖文晋, 托马斯·莱恩·菲利普·格林, 本杰明·迈克尔·卡特, 格雷厄姆·约翰·戴, 罗萨莉娅·库阿特孔奇·德林特",2017-09-08,2018-09-07,2020-05-01,,https://patents.google.com/patent/CN111094322A/en,https://patentimages.storage.googleapis.com/e3/41/70/50973d7da5bbdd/HDA0002404938490000013.png
GB-202219008-D0,Teaching feedback system ,Univ Bristol,,2022-12-16,2022-12-16,2023-02-01,,https://patents.google.com/patent/GB202219008D0/en,
GB-2569632-A,Electromechanical relay ,Univ Bristol,"Pamunuwa Dinesh, Rana Sunil",2017-12-21,2017-12-21,2019-06-26,,https://patents.google.com/patent/GB2569632A/en,
GB-2579031-B,Acousto-optic device ,Univ Bristol,"Coimbatore Balram Krishna, Valle Stefano",2018-11-15,2018-11-15,2022-07-06,2022-07-06,https://patents.google.com/patent/GB2579031B/en,
CA-3183830-A1,Vector ,"Syncona Investment Management Limited, The University Of Bristol, Alan William GRIFFITH, Purespring Therapeutics Limited, Lukas STANCZUK, Valeryia KUZMUK, Chris HOLLOWOOD, Dominic SCHMIDT, Moin Ahson SALEEM-UDDIN, Gavin Iain Welsh","Alan William GRIFFITH, Lukas STANCZUK, Valeryia KUZMUK, Chris HOLLOWOOD, Dominic SCHMIDT, Moin Ahson SALEEM-UDDIN, Gavin Iain Welsh",2020-06-30,2021-06-30,2022-01-06,,https://patents.google.com/patent/CA3183830A1/en,
GB-2609024-A,A hood ,Univ Bristol,"Mojtaba Dorri Dr, Alberto Gambaruto Dr",2021-07-19,2021-07-19,2023-01-25,,https://patents.google.com/patent/GB2609024A/en,
GB-201520988-D0,Sensor ,Univ Bristol,,2015-11-27,2015-11-27,2016-01-13,,https://patents.google.com/patent/GB201520988D0/en,
GB-201212727-D0,Sensor ,Univ Bristol,,2012-07-18,2012-07-18,2012-08-29,,https://patents.google.com/patent/GB201212727D0/en,
GB-201211708-D0,A manipulaton device ,Univ Bristol,,2012-07-02,2012-07-02,2012-08-15,,https://patents.google.com/patent/GB201211708D0/en,
GB-201206642-D0,"An amplifier, a method for characterising an amplifier and a method for driving an amplifier ","Res & Dev Ltd, Univ Bristol",,2012-04-16,2012-04-16,2012-05-30,,https://patents.google.com/patent/GB201206642D0/en,
GB-201116332-D0,Peak gate voltage control ,Univ Bristol,,2011-09-21,2011-09-21,2011-11-02,,https://patents.google.com/patent/GB201116332D0/en,
GB-201116074-D0,Defined stem cells for cartilage regeneration ,Univ Bristol,,2011-09-16,2011-09-16,2011-11-02,,https://patents.google.com/patent/GB201116074D0/en,
GB-201115575-D0,A system for anatomical reduction of a bone ,Univ Bristol,,2011-09-09,2011-09-09,2011-10-26,,https://patents.google.com/patent/GB201115575D0/en,
GB-201916071-D0,Treatment for nephrotic syndrome ,Univ Bristol,,2019-11-05,2019-11-05,2019-12-18,,https://patents.google.com/patent/GB201916071D0/en,
GB-201112341-D0,Sensor ,Univ Bristol,,2011-07-18,2011-07-18,2011-08-31,,https://patents.google.com/patent/GB201112341D0/en,
GB-201111260-D0,Magnetic isolation technique ,Univ Bristol,,2011-07-01,2011-07-01,2011-08-17,,https://patents.google.com/patent/GB201111260D0/en,
GB-202110432-D0,Radar detection and tracking ,Univ Bristol,,2021-07-20,2021-07-20,2021-09-01,,https://patents.google.com/patent/GB202110432D0/en,
GB-202020193-D0,Radar detection and tracking ,Univ Bristol,,2020-12-18,2020-12-18,2021-02-03,,https://patents.google.com/patent/GB202020193D0/en,
US-2021402008-A1,Therapy ,The University Of Bristol,"Moin Ahson Saleem-Uddin, Gavin Iain Welsh, Wen Yi Ding",2020-06-15,2021-06-15,2021-12-30,,https://patents.google.com/patent/US20210402008A1/en,https://patentimages.storage.googleapis.com/78/a5/1a/efa1c19f68c86c/US20210402008A1-20211230-D00000.png
GB-202019620-D0,Composite material ,Univ Bristol,,2020-12-11,2020-12-11,2021-01-27,,https://patents.google.com/patent/GB202019620D0/en,
GB-202205496-D0,Antimicrobial porous frameworks ,Univ Bristol,,2022-04-13,2022-04-13,2022-05-25,,https://patents.google.com/patent/GB202205496D0/en,
GB-201110472-D0,Circular micro-cantilever array for probe microsopy ,Univ Bristol,,2011-06-21,2011-06-21,2011-08-03,,https://patents.google.com/patent/GB201110472D0/en,
GB-201107838-D0,Biomarker ,Univ Bristol,,2011-05-11,2011-05-11,2011-06-22,,https://patents.google.com/patent/GB201107838D0/en,
GB-201105176-D0,Multi-port six transistor SRAM ,Univ Bristol,,2011-03-28,2011-03-28,2011-05-11,,https://patents.google.com/patent/GB201105176D0/en,
GB-201100959-D0,Ground source thermal harvesting ,Univ Bristol,,2011-01-20,2011-01-20,2011-03-02,,https://patents.google.com/patent/GB201100959D0/en,
GB-201020072-D0,Method ,Univ Bristol,,2010-11-26,2010-11-26,2011-01-12,,https://patents.google.com/patent/GB201020072D0/en,
GB-201012608-D0,Magnetic isolation technique ,Univ Bristol,,2010-07-28,2010-07-28,2010-09-08,,https://patents.google.com/patent/GB201012608D0/en,
GB-201012025-D0,Sensor ,Univ Bristol,,2010-07-16,2010-07-16,2010-09-01,,https://patents.google.com/patent/GB201012025D0/en,
GB-202015780-D0,Therapy ,Univ Bristol,,2020-10-05,2020-10-05,2020-11-18,,https://patents.google.com/patent/GB202015780D0/en,
GB-201010621-D0,Enhanced video compression with region based texture models ,Univ Bristol,,2010-06-24,2010-06-24,2010-08-11,,https://patents.google.com/patent/GB201010621D0/en,
GB-201006436-D0,Multi-port six transistor SRAM ,Univ Bristol,,2010-04-17,2010-04-17,2010-06-02,,https://patents.google.com/patent/GB201006436D0/en,
GB-201003187-D0,Distributed bragg reflector structure ,Univ Bristol,,2010-02-25,2010-02-25,2010-04-14,,https://patents.google.com/patent/GB201003187D0/en,
GB-201000410-D0,Static random access memory bit cell ,Univ Bristol,,2010-01-12,2010-01-12,2010-02-24,,https://patents.google.com/patent/GB201000410D0/en,
GB-202015778-D0,Therapy ,Univ Bristol,,2020-10-05,2020-10-05,2020-11-18,,https://patents.google.com/patent/GB202015778D0/en,
GB-202014727-D0,Platelet generation ,Univ Bristol,,2020-09-18,2020-09-18,2020-11-04,,https://patents.google.com/patent/GB202014727D0/en,
GB-202006791-D0,Probes and methods of use ,"Univ Bristol, Fluoretiq Ltd",,2020-05-07,2020-05-07,2020-06-24,,https://patents.google.com/patent/GB202006791D0/en,
GB-202003120-D0,Gene therapy ,Univ Bristol,,2020-03-04,2020-03-04,2020-04-15,,https://patents.google.com/patent/GB202003120D0/en,
GB-201912632-D0,Peptide ,Univ Bristol,,2019-09-03,2019-09-03,2019-10-16,,https://patents.google.com/patent/GB201912632D0/en,
GB-2579846-A,Improvements in or relating to tactile sensing ,Univ Bristol,"Lepora Nathan, Ward-Cherrier Benjamin, Bamford Simeon",2018-12-18,2018-12-18,2020-07-08,,https://patents.google.com/patent/GB2579846A/en,
GB-201900588-D0,A wing construction and method ,Univ Bristol,,2019-01-16,2019-01-16,2019-03-06,,https://patents.google.com/patent/GB201900588D0/en,
GB-201815421-D0,A control system for semi-conductor gating driving and a method of control ,Univ Bristol,,2018-09-21,2018-09-21,2018-11-07,,https://patents.google.com/patent/GB201815421D0/en,
GB-201814440-D0,Peptide ,Univ Bristol,,2018-09-05,2018-09-05,2018-10-17,,https://patents.google.com/patent/GB201814440D0/en,
GB-201607606-D0,Improvements in 3D printing ,Univ Bristol,,2016-04-29,2016-04-29,2016-06-15,,https://patents.google.com/patent/GB201607606D0/en,
GB-201803534-D0,Layered items including high thermal conductivity crystalline material ,Univ Bristol,,2018-03-05,2018-03-05,2018-04-18,,https://patents.google.com/patent/GB201803534D0/en,
GB-2568754-A,Resonance enhanced work function reduction ,"Univ Bristol, Faris Nashat Sahawneh","Fox Neil, Nash'at Farhan Sahawneh Faris",2017-11-28,2017-11-28,2019-05-29,,https://patents.google.com/patent/GB2568754A/en,
GB-201803074-D0,Peptide ,Univ Bristol,,2018-02-26,2018-02-26,2018-04-11,,https://patents.google.com/patent/GB201803074D0/en,
GB-201708808-D0,Manipulator control systems ,Univ Bristol,,2017-06-02,2017-06-02,2017-07-19,,https://patents.google.com/patent/GB201708808D0/en,
GB-201717389-D0,Metal extraction method and system ,Univ Bristol,,2017-10-23,2017-10-23,2017-12-06,,https://patents.google.com/patent/GB201717389D0/en,
GB-201717838-D0,Improvements in or relating to tactile sensing ,Univ Bristol,,2017-10-30,2017-10-30,2017-12-13,,https://patents.google.com/patent/GB201717838D0/en,
GB-201714791-D0,Video processing method ,Univ Bristol,,2017-09-14,2017-09-14,2017-11-01,,https://patents.google.com/patent/GB201714791D0/en,
GB-201708912-D0,A method for composing a composite virtual switch ,Univ Bristol,,2017-06-05,2017-06-05,2017-07-19,,https://patents.google.com/patent/GB201708912D0/en,
GB-201707532-D0,Multi-frequency wireless sensor ,Univ Bristol,,2017-05-11,2017-05-11,2017-06-28,,https://patents.google.com/patent/GB201707532D0/en,
GB-2557931-A,Unnatural amino acids ,Univ Bristol,"Jamie Leonard Daniel, William Ward John, Paul Clayden Jonathan",2016-12-16,2016-12-16,2018-07-04,,https://patents.google.com/patent/GB2557931A/en,
GB-201701375-D0,A current sensor ,Univ Bristol,,2017-01-27,2017-01-27,2017-03-15,,https://patents.google.com/patent/GB201701375D0/en,
GB-201609092-D0,Multi-frequency wireless sensor ,Univ Bristol,,2016-05-24,2016-05-24,2016-07-06,,https://patents.google.com/patent/GB201609092D0/en,
GB-201608912-D0,Improvements in 3D printing ,Univ Bristol,,2016-05-20,2016-05-20,2016-07-06,,https://patents.google.com/patent/GB201608912D0/en,
WO-2022171580-A1,Electrical winding element ,University Of Bristol,Nick Simpson,2021-02-09,2022-02-07,2022-08-18,,https://patents.google.com/patent/WO2022171580A1/en,
WO-2022084645-A1,Flow control device ,"Airbus Operations Ltd., The University Of Bristol","Enzo Cosentino, Catherine LLEWELLYN-JONES, Gaetano ARENA, Rainer Groh, Alberto PIRRERA",2020-10-22,2021-09-29,2022-04-28,,https://patents.google.com/patent/WO2022084645A1/en,
US-11391890-B1,Multi-mode spiral delay device ,"PsiQuantum Corp., University Of Bristol","Damien Bonneau, Mark Thompson",2019-05-15,2020-05-15,2022-07-19,2022-07-19,https://patents.google.com/patent/US11391890B1/en,https://patentimages.storage.googleapis.com/38/88/85/100f788dfa6c6f/US11391890-20220719-D00000.png
GB-202103470-D0,Promoter ,"Univ Bristol, Syncona Investment Man Ltd",,2021-03-12,2021-03-12,2021-04-28,,https://patents.google.com/patent/GB202103470D0/en,
GB-201714566-D0,Protein delivery to membranes ,Univ Bristol,,2017-09-11,2017-09-11,2017-10-25,,https://patents.google.com/patent/GB201714566D0/en,
GB-201101562-D0,Amplification ratio control system (ARCS) ,Univ Bristol,,2011-01-28,2011-01-28,2011-03-16,,https://patents.google.com/patent/GB201101562D0/en,
GB-201019710-D0,Optimistic bayesian sampling ,Univ Bristol,,2010-11-20,2010-11-20,2011-01-05,,https://patents.google.com/patent/GB201019710D0/en,
GB-201205861-D0,Composition ,Univ Bristol,,2012-04-02,2012-04-02,2012-05-16,,https://patents.google.com/patent/GB201205861D0/en,
GB-201017656-D0,Secure Voice Communications ,Univ Bristol,,2010-10-20,2010-10-20,2010-12-01,,https://patents.google.com/patent/GB201017656D0/en,
GB-201012061-D0,Obstruction algorithm for automotive ,Univ Bristol,,2010-07-19,2010-07-19,2010-09-01,,https://patents.google.com/patent/GB201012061D0/en,
GB-201009905-D0,Automatic contrast enhancement of low-light images based on local statistics of wavelet coefficients ,Univ Bristol,,2010-06-14,2010-06-14,2010-07-21,,https://patents.google.com/patent/GB201009905D0/en,
GB-201009194-D0,Treatment of pain ,Univ Bristol,,2010-06-02,2010-06-02,2010-07-14,,https://patents.google.com/patent/GB201009194D0/en,
GB-201008562-D0,Stereo vison disparity algorithm ,Univ Bristol,,2010-05-22,2010-05-22,2010-07-07,,https://patents.google.com/patent/GB201008562D0/en,
GB-201003755-D0,Biodegradable orthopaedic implants ,Univ Bristol,,2010-03-06,2010-03-06,2010-04-21,,https://patents.google.com/patent/GB201003755D0/en,
GB-201002501-D0,Multi-port six transistor SRAM ,Univ Bristol,,2010-02-15,2010-02-15,2010-03-31,,https://patents.google.com/patent/GB201002501D0/en,
WO-2023280689-A1,Process for integrating tritium into diamond ,University Of Bristol,"Ian Bickerton, Tom Scott, Neil Fox",2021-07-05,2022-06-30,2023-01-12,,https://patents.google.com/patent/WO2023280689A1/en,
WO-2022130350-A1,Radar detection and tracking ,The University Of Bristol,"Naim DAHNOUN, Han Cui",2020-12-18,2021-12-18,2022-06-23,,https://patents.google.com/patent/WO2022130350A1/en,
GB-201001965-D0,Microlids for photonic crystals ,Univ Bristol,,2010-02-08,2010-02-08,2010-03-24,,https://patents.google.com/patent/GB201001965D0/en,
GB-201001584-D0,Method and apparatus for detecting raman spectra ,Univ Bristol,,2010-02-01,2010-02-01,2010-03-17,,https://patents.google.com/patent/GB201001584D0/en,
GB-201111951-D0,Filter ,Univ Bristol,,2011-07-12,2011-07-12,2011-08-24,,https://patents.google.com/patent/GB201111951D0/en,
GB-201218758-D0,Compounds ,Univ Bristol,,2012-10-18,2012-10-18,2012-12-05,,https://patents.google.com/patent/GB201218758D0/en,
GB-201309228-D0,Context-based video coding ,Univ Bristol,,2013-05-22,2013-05-22,2013-07-03,,https://patents.google.com/patent/GB201309228D0/en,
GB-201315578-D0,Protein delivery to membranes ,Univ Bristol,,2013-09-02,2013-09-02,2013-10-16,,https://patents.google.com/patent/GB201315578D0/en,
GB-201620055-D0,Peptide production in prokaryotes ,Univ Bristol,,2016-11-25,2016-11-25,2017-01-11,,https://patents.google.com/patent/GB201620055D0/en,
GB-201704125-D0,Macrocyclic Compounds ,Univ Bristol,,2017-03-15,2017-03-15,2017-04-26,,https://patents.google.com/patent/GB201704125D0/en,
GB-201704121-D0,Macrocyclic compounds ,Univ Bristol,,2017-03-15,2017-03-15,2017-04-26,,https://patents.google.com/patent/GB201704121D0/en,
GB-201709642-D0,Compounds ,Univ Bristol,,2017-06-16,2017-06-16,2017-08-02,,https://patents.google.com/patent/GB201709642D0/en,
GB-201714485-D0,Protein delivery to membranes ,Univ Bristol,,2017-09-08,2017-09-08,2017-10-25,,https://patents.google.com/patent/GB201714485D0/en,
GB-202009590-D0,Apparatus and method for controlling a characteristic of an optical mode ,Univ Bristol,,2020-06-23,2020-06-23,2020-08-05,,https://patents.google.com/patent/GB202009590D0/en,
GB-201102061-D0,Microlids for photonic crystals ,Univ Bristol,,2011-02-07,2011-02-07,2011-03-23,,https://patents.google.com/patent/GB201102061D0/en,
GB-201715210-D0,Macrocyclic compounds ,Univ Bristol,,2017-09-20,2017-09-20,2017-11-01,,https://patents.google.com/patent/GB201715210D0/en,
WO-2018083483-A1,Therapy ,"The University Of Bristol, Imperial Innovations Limited, Cancer Research Technology Limited","Linda O'FLAHERTY, Jeremy Myles TAVARÉ, Michael Julian Seckl, Olivier Emmanuel Rafi Pardo",2016-11-02,2017-11-02,2018-05-11,,https://patents.google.com/patent/WO2018083483A1/en,
GB-201205823-D0,Filter ,Univ Bristol,,2012-03-30,2012-03-30,2012-05-16,,https://patents.google.com/patent/GB201205823D0/en,
GB-201520755-D0,Nanoparticle formulations and their uses ,Univ Bristol,,2015-11-24,2015-11-24,2016-01-06,,https://patents.google.com/patent/GB201520755D0/en,
WO-2012010849-A3,Methods of diagnosis and vaccines ,University Of Bristol,"Emily Ngaire Barker, Iain Robertson Peters, Christopher Richard Helps, Séverine TASKER",2010-07-23,2011-07-22,2012-05-03,,https://patents.google.com/patent/WO2012010849A3/en,
WO-2022254170-A1,Molecule projection and encoding for machine learning ,The University Of Bristol,Ella Matthews,2021-06-02,2021-06-02,2022-12-08,,https://patents.google.com/patent/WO2022254170A1/en,
GB-201102060-D0,Object detection with reduced compulation ,Univ Bristol,,2011-02-07,2011-02-07,2011-03-23,,https://patents.google.com/patent/GB201102060D0/en,
BR-DI7103742-S,CONFIGURATION APPLIED TO TEST APARATO ,Univ Bristol,"Stephen Gundry, Robert Matthews, Robert Bain, Tahmina Ajmal, Craig Withtman, Philip Walsh",2011-03-01,2011-09-01,2014-05-06,,https://patents.google.com/patent/BRDI7103742S/en,
GB-202202329-D0,A method for acoustic control of particles ,Univ Bristol,,2022-02-21,2022-02-21,2022-04-06,,https://patents.google.com/patent/GB202202329D0/en,
GB-201910548-D0,Positional Detection System ,"Sullivan Patrick John, Univ Bristol",,2019-07-23,2019-07-23,2019-09-04,,https://patents.google.com/patent/GB201910548D0/en,
GB-201201582-D0,A dressing ,Univ Hospitals Bristol Nhs Foundation Trust,,2012-01-31,2012-01-31,2012-03-14,,https://patents.google.com/patent/GB201201582D0/en,
GB-201805421-D0,Orthopaedic and dental material ,Univ Of The West Of England Bristol,,2018-04-03,2018-04-03,2018-05-16,,https://patents.google.com/patent/GB201805421D0/en,
GB-201801727-D0,Analyte detection methods and devices ,Univ Of The West Of England Bristol,,2018-02-02,2018-02-02,2018-03-21,,https://patents.google.com/patent/GB201801727D0/en,
GB-202207134-D0,Co-extrusion die for producing an extrudate product with a coating layer ,Univ Of The West Of England Bristol,,2022-05-16,2022-05-16,2022-06-29,,https://patents.google.com/patent/GB202207134D0/en,
GB-202211878-D0,Urinalysis system and urinalysis cartridge ,Univ Of The West Of England Bristol,,2022-08-15,2022-08-15,2022-09-28,,https://patents.google.com/patent/GB202211878D0/en,
GB-202202278-D0,Biosensor for triglycerides ,Univ Of The West Of England Bristol,,2022-02-21,2022-02-21,2022-04-06,,https://patents.google.com/patent/GB202202278D0/en,
GB-201817721-D0,Sensor ,Univ Of The West Of England Bristol,,2018-10-30,2018-10-30,2018-12-19,,https://patents.google.com/patent/GB201817721D0/en,
GB-2592891-B,Low-power contactless physiological sensor ,Univ Of The West Of England Bristol,"Yue Alex, Kiely Janice, Attwood David",2019-12-19,2019-12-19,2022-06-15,2022-06-15,https://patents.google.com/patent/GB2592891B/en,
GB-201806635-D0,Sensors for volatile compounds ,Univ Of The West Of England Bristol,,2018-04-24,2018-04-24,2018-06-06,,https://patents.google.com/patent/GB201806635D0/en,
US-2023073825-A1,Analyte detection system ,"University Of The West Of England, Bristol","Olena DORAN, Adrian CREW, John P HART, Kelly WESTMACOTT",2020-01-28,2021-01-27,2023-03-09,,https://patents.google.com/patent/US20230073825A1/en,https://patentimages.storage.googleapis.com/ac/bc/f9/e1b91de66b0b70/US20230073825A1-20230309-D00004.png
GB-201908311-D0,Sensor ,Univ Of The West Of England Bristol,,2019-06-11,2019-06-11,2019-07-24,,https://patents.google.com/patent/GB201908311D0/en,
WO-2019219662-A1,Composite joint ,"University Of The West Of England, Bristol","Amir BOLOURI, Mohammad FOTOUHI, Harry LEPPIER, Alexander Turner, Ricky Cheuk Ki YIP, Conor Patrick REDMOND, Matthew Jon ELLIOTT",2018-05-16,2019-05-14,2019-11-21,,https://patents.google.com/patent/WO2019219662A1/en,
GB-201820422-D0,Prosthesis mounting system ,Univ Of The West Of England Bristol,,2018-12-14,2018-12-14,2019-01-30,,https://patents.google.com/patent/GB201820422D0/en,
GB-202216143-D0,Stoma bag adapter ,Univ Of The West Of England Bristol,,2022-10-31,2022-10-31,2022-12-14,,https://patents.google.com/patent/GB202216143D0/en,
