search URL:,https://patents.google.com/?assignee=Univ+Cambridge&after=filing:20100101&language=ENGLISH
id,title,assignee,inventor/author,priority date,filing/creation date,publication date,grant date,result link,representative figure link
US-8432030-B2,Power electronic package having two substrates with multiple semiconductor chips and electronic components ,"Denso Corporation, University Of Cambridge, The University Of Sheffield","Rajesh Kumar Malhan, C Mark JOHNSON, Cyril Buttay, Jeremy Rashid, Florin Udrea",2006-08-29,2011-06-29,2013-04-30,2013-04-30,https://patents.google.com/patent/US8432030B2/en,https://patentimages.storage.googleapis.com/8e/52/84/628545dba833be/US08432030-20130430-D00000.png
US-8420157-B2,Electroluminescent device ,Cambridge University Technical Services Limited,"Gitti Frey, Kieran John Reynolds",2001-05-18,2011-09-23,2013-04-16,2013-04-16,https://patents.google.com/patent/US8420157B2/en,https://patentimages.storage.googleapis.com/51/22/4e/4fca4f3992e11c/US08420157-20130416-D00001.png
US-8541257-B2,Aligned polymers for an organic TFT ,Cambridge University Technical Services Limited,"Henning Sirringhaus, Richard Henry Friend, Richard John Wilson",1999-06-21,2010-09-22,2013-09-24,2013-09-24,https://patents.google.com/patent/US8541257B2/en,https://patentimages.storage.googleapis.com/c1/79/a1/f51527ec415df9/US08541257-20130924-D00000.png
JP-2020063314-A,Compounds and methods for enhanced degradation of targeted proteins and other polypeptides by e3 ubiquitin ligase ,"イエール ユニバーシティ, Yale Univ, イエール  ユニバーシティ, グラクソスミスクライン、インテレクチュアル、プロパティー、ディベロップメント、リミテッドＧｌａｘｏｓｍｉｔｈｋｌｉｎｅ Ｉｎｔｅｌｌｅｃｔｕａｌ Ｐｒｏｐｅｒｔｙ Ｄｅｖｅｌｏｐｍｅｎｔ Ｌｉｍｉｔｅｄ, Glaxosmithkline Intellectual Property Development Ltd, グラクソスミスクライン、インテレクチュアル、プロパティー、ディベロップメント、リミテッド, ケンブリッジ エンタープライズ リミテッド ユニバーシティー オブ ケンブリッジ, Cambridge Entpr Ltd University Of Cambridge, ケンブリッジ  エンタープライズ  リミテッド  ユニバーシティー  オブ  ケンブリッジ","クレイグ エム． クルース, M Crews Craig, クレイグ  エム． クルース, デニス バックリー, Buckley Dennis, デニス バックリー, アレッシオ チュッリ, Ciulli Alessio, アレッシオ チュッリ, ウィリアム イエルゲンセン, Jorgensen William, ウィリアム イエルゲンセン, ピーター シー． ギャレイス, C Gareiss Peter, ピーター  シー． ギャレイス, モール インゲ バン, Van Molle Inge, モール  インゲ バン, ジェフリー ガスタフソン, Gustafson Jeffrey, ジェフリー ガスタフソン, ヒュン‐ソプ テ, Hyun-Seop Tae, ヒュン‐ソプ テ, ジュリアン マイケル, Michel Julien, ジュリアン マイケル, デンティン ウェード ホイヤー, Wade Hoyer Dentin, デンティン  ウェード ホイヤー, アンケ ジー． ロス, G Roth Anke, アンケ  ジー． ロス, ジョン デビッド ハーリング, David Harling John, ジョン  デビッド ハーリング, イアン エドワード デビッド スミス, Edward David Smith Ian, イアン  エドワード  デビッド スミス, アフジャル フセイン ミア, Hussain Miah Afjal, アフジャル  フセイン ミア, セバスチアン アンドレ カンポス, Andre Campos Sebastien, セバスチアン  アンドレ カンポス, ジョエル レ, Le Joelle, ジョエル レ",2012-01-12,2020-02-03,2020-04-23,,https://patents.google.com/patent/JP2020063314A/en,https://patentimages.storage.googleapis.com/9c/ea/b9/b2f3193b58b966/2020063314-1080.png
US-10783880-B2,Speech processing system and method ,"The Chancellor, Masters, And Scholars Of The University Of Cambridge","Thomas William John ASH, Anthony John Robinson",2015-11-04,2016-11-04,2020-09-22,2020-09-22,https://patents.google.com/patent/US10783880B2/en,https://patentimages.storage.googleapis.com/6c/44/07/faf4023b1be07c/US10783880-20200922-D00000.png
US-9679256-B2,Automated assessment of examination scripts ,"The Chancellor, Masters And Scholars Of The University Of Cambridge","Ted Briscoe, Ben Medlock, Oeistein Andersen",2010-10-06,2010-10-06,2017-06-13,2017-06-13,https://patents.google.com/patent/US9679256B2/en,https://patentimages.storage.googleapis.com/ce/57/c4/d3d3286f9a56a8/US09679256-20170613-D00000.png
US-2015221896-A1,"Ambipolar, light-emitting field-effect transistors ",Cambridge University Technical Services Limited,"Jana Zaumseil, Henning Sirringhaus, Lay-Lay Chua, Peter Kian-Hoon Ho, Richard Henry Friend",2004-01-16,2015-02-09,2015-08-06,,https://patents.google.com/patent/US20150221896A1/en,https://patentimages.storage.googleapis.com/6e/c8/7f/6879dd24c1f65b/US20150221896A1-20150806-D00000.png
US-2016131918-A1,"Stereoscopic imaging apparatus and method, and display ","Huawei Technologies Co.,Ltd., University Of Cambridge","Daping Chu, Brian Robertson, Jiong Zhou, Jun Yao",2013-07-19,2016-01-18,2016-05-12,,https://patents.google.com/patent/US20160131918A1/en,https://patentimages.storage.googleapis.com/a5/29/28/805bacafd71d19/US20160131918A1-20160512-D00000.png
US-2010247431-A1,Polypeptides including modified constant regions ,Cambridge University Technical Services Limited,"Kathryn Lesley Armour, Michael Ronald Clark",2003-10-17,2010-02-08,2010-09-30,,https://patents.google.com/patent/US20100247431A1/en,https://patentimages.storage.googleapis.com/b1/a1/1b/f38cc44ab74cb5/US20100247431A1-20100930-D00001.png
US-2015354010-A1,Markers for breast cancer ,"Perlegen Sciences, Inc., University Of Cambridge","David Cox, Dennis Ballinger, Bruce Ponder, Doug Easton",2005-11-29,2015-06-12,2015-12-10,,https://patents.google.com/patent/US20150354010A1/en,https://patentimages.storage.googleapis.com/f9/90/16/6206d77c93344a/US20150354010A1-20151210-D00001.png
US-2013107344-A1,Optoelectronic device employing a microcavity including a two-dimensional carbon lattice structure ,"International Business Machines Corporation, University Of Cambridge, Karlsruher Institut Fuer Technologie","Phaedon Avouris, Mathias B. Steiner, Michael Engel, Ralph Krupke, Andrea C. Ferrari, Antonio Lombardo",2011-10-31,2011-10-31,2013-05-02,,https://patents.google.com/patent/US20130107344A1/en,https://patentimages.storage.googleapis.com/69/f2/ed/bfaf92b5b7b4d8/US20130107344A1-20130502-D00000.png
CA-2867529-C,Treatment for peanut allergy ,"Cambridge Enterprise Limited, Andrew Clark, Pamela EWAN, Cambridge University Hospitals Nhs Foundation Trust","Andrew Clark, Pamela EWAN",2011-03-17,2012-03-16,2022-08-23,2022-08-23,https://patents.google.com/patent/CA2867529C/en,
US-8155888-B2,Method and apparatus for assessing polypeptide aggregation ,Cambridge University Technical Services Ltd.,"Christopher Dobson, Fabrizio Chiti, Jesus Zurdo, Kateri Hayashi DuBay, Michele Vendruscolo",2003-11-05,2010-03-08,2012-04-10,2012-04-10,https://patents.google.com/patent/US8155888B2/en,https://patentimages.storage.googleapis.com/09/9b/0f/041ddf09b7d0f8/US08155888-20120410-D00001.png
US-2017067222-A1,Method of monitoring subsurface concrete structures ,"Cementation Skanska Limited, The Chancellor, Masters And Scholars Of The Univer Sity Of Cambridge, Arup Group Limited","Andrew Bell, Yue Ouyang, Kenichi Soga, Duncan Nicholson",2014-02-05,2015-02-05,2017-03-09,,https://patents.google.com/patent/US20170067222A1/en,https://patentimages.storage.googleapis.com/f1/0e/bf/aba31dd8fb1c7e/US20170067222A1-20170309-D00000.png
CN-115188903-A,Light emitting device ,"剑桥企业有限公司, 阿卜杜拉阿齐兹国王科技城","理查德·亨利·弗兰德, 李广如, 狄大卫, 礼萨·萨贝里·穆加达姆, 陈致匡",2015-06-30,2016-06-30,2022-10-14,,https://patents.google.com/patent/CN115188903A/en,https://patentimages.storage.googleapis.com/3b/53/b4/3d9fb964d4e0fc/RE-HDA0003837721070000011.png
US-10909006-B2,Main processor error detection using checker processors ,"Arm Limited, The Chancellor, Masters And Scholars Of The University Of Cambridge","Sam AINSWORTH, Thomas Christopher Grocutt, Timothy Martin JONES",2016-11-04,2017-10-20,2021-02-02,2021-02-02,https://patents.google.com/patent/US10909006B2/en,https://patentimages.storage.googleapis.com/5f/58/fc/ad4f2c7611d2c4/US10909006-20210202-D00000.png
US-2013334505-A1,"Polymers, Their Preparation and Uses ","Cambridge University Technical Services Limited, Cambridge Display Technology Limited","Carl R. Towns, Chris Mak, Khai Leok Chan, Andrew Bruce Holmes",2003-11-10,2013-05-07,2013-12-19,,https://patents.google.com/patent/US20130334505A1/en,https://patentimages.storage.googleapis.com/dd/24/c2/3267db3d6be4fe/US20130334505A1-20131219-D00001.png
US-2015313929-A1,Use of tylvalosin as antiviral agent ,"Eco Animal Health Limited, Cambridge University Technical Services","Albert Philip Adrian Mockett, Thomas David Kay Brown, Amanda Denise Stuart",2006-07-13,2015-06-08,2015-11-05,,https://patents.google.com/patent/US20150313929A1/en,https://patentimages.storage.googleapis.com/77/08/7c/0ba45bf37d4b35/US20150313929A1-20151105-D00001.png
AU-2021249525-A1,Coronavirus vaccines ,"Diosynvax Ltd, The Chancellor, Masters And Scholars Of The University Of Cambridge","George CARNELL, Matteo Ferrari, Jonathan Luke Heeney, Sneha VISHWANATH, David Wells",2020-04-01,2021-04-01,2022-12-08,,https://patents.google.com/patent/AU2021249525A1/en,
CN-115433548-A,Use of an autoclave material and autoclave ,"剑桥企业有限公司, 加泰罗尼亚理工大学, 巴塞罗那大学","J·E·莫亚拉波索, 亚历山大·阿夫拉缅科, L·曼萨卡雷拉, J·L·塔马里特穆尔, P·M·略韦拉斯蒙塔内",2016-10-14,2017-10-13,2022-12-06,,https://patents.google.com/patent/CN115433548A/en,https://patentimages.storage.googleapis.com/22/c9/34/7ffca2d362c945/HDA0003723130500000011.png
US-2019117857-A1,Apparatus and method for the treatment of defects internal of the body ,"Cambridge University Hospital Nhs Foundation Trust, Cambridge Enterprise Limited","Andrew Hindmarsh, Thomas Stone, Daniel Marsden, Pierre Lao-Sirieix",2016-04-21,2017-04-21,2019-04-25,,https://patents.google.com/patent/US20190117857A1/en,https://patentimages.storage.googleapis.com/29/14/af/31ec053a3334f6/US20190117857A1-20190425-D00000.png
US-9465012-B2,Measurement method using a sensor; sensor system and sensor ,Cambridge Enterprise Limited & University of Bolton,"Andrew Flewitt, William Milne, Luis Garcia-Gancedo, Jack Luo",2011-12-15,2012-12-14,2016-10-11,2016-10-11,https://patents.google.com/patent/US9465012B2/en,https://patentimages.storage.googleapis.com/2b/c8/12/0144c883e200ff/US09465012-20161011-D00000.png
JP-2013241722-A,Production of agglomerate from gas phase ,"Cambridge Univ Technical Services Ltd, ケンブリッジ・ユニヴァーシティ・テクニカル・サーヴィシズ・リミテッド","Ian Anthony Kinloch, キンラック、イアン・アンソニー, Yali Li, リ、ヤリ, Alan H Windle, ウィンドル、アラン・エイチ, Stephen Cash, キャッシュ、スティーブン",2003-07-11,2013-07-08,2013-12-05,,https://patents.google.com/patent/JP2013241722A/en,https://patentimages.storage.googleapis.com/d5/10/18/cbc08e03e037b9/2013241722-3.png
US-2022040284-A1,Vaccines and methods ,"The Chancellor, Masters And Scholars Of The University Cambridge, University Of Westminster, Universitat Regensburg","Jonathan Luke Heeney, Simon Frost, Ralf Wagner, Benedikt ASBACH, Rebecca KINSLEY, Edward Wright",2018-09-28,2019-09-27,2022-02-10,,https://patents.google.com/patent/US20220040284A1/en,https://patentimages.storage.googleapis.com/42/7a/91/fe2cb49a290a95/US20220040284A1-20220210-D00000.png
CN-207529554-U,A kind of Multifunctional English teaching display board ,哈尔滨剑桥学院,"王春宇, 于琰",2017-08-18,2017-08-18,2018-06-22,2018-06-22,https://patents.google.com/patent/CN207529554U/en,
US-10679642-B2,Signal processing apparatus and method ,"Huawei Technologies Co., Ltd., University Of Cambridge","Milos Markovic, Karim Helwani, Herbert Buchner, Simon Godsill",2015-12-21,2018-06-20,2020-06-09,2020-06-09,https://patents.google.com/patent/US10679642B2/en,https://patentimages.storage.googleapis.com/69/cc/b6/25d890102b5c4e/US10679642-20200609-D00000.png
CN-108219139-A,A kind of functionalized graphite's alkene and preparation method thereof and polysiloxane ,"华为技术有限公司, 剑桥大学","徐焰, 林悦, 史蒂夫·霍奇, 安德烈·法拉利",2017-06-24,2017-12-28,2018-06-29,,https://patents.google.com/patent/CN108219139A/en,
AU-2018204436-A1,Retosiban for the treatment of pre-term labour ,"Glaxosmithkline Intellectual Property Development Limited, The Chancellor, Masters And Scholars Of The University Of Cambridge",Gordon Campbell Sinclair SMITH,2014-06-16,2018-06-20,2018-07-12,,https://patents.google.com/patent/AU2018204436A1/en,
CN-113230628-A,Table tennis storage device ,哈尔滨剑桥学院,"马丹丹, 吴瑞巍, 关文博",2021-06-23,2021-06-23,2021-08-10,,https://patents.google.com/patent/CN113230628A/en,https://patentimages.storage.googleapis.com/5c/a3/8a/dbdfa6fb469f95/HDA0003128922440000011.png
CN-210069372-U,Teaching of education specialty is with inquiry unit ,哈尔滨剑桥学院,韩雪梅,2019-05-30,2019-05-30,2020-02-14,2020-02-14,https://patents.google.com/patent/CN210069372U/en,https://patentimages.storage.googleapis.com/b8/df/c0/f17723ac52f66c/HDA0002078900190000011.png
AU-2019240234-A1,Genetic modification of mitochondrial genomes ,"Payam A. GAMMAGE, Michal Minczuk, Sangamo Therapeutics, Inc., The Chancellor, Masters And Scholars Of The University Of Cambridge","Payam A. GAMMAGE, Michal Minczuk, Lei Zhang",2018-03-21,2019-03-21,2020-10-15,,https://patents.google.com/patent/AU2019240234A1/en,
AU-2019203404-A1,Fabrication of components using shaped energy beam profiles ,"Howmedica Osteonics Corp., The Chancellor, Masters And Scholars Of The University Of Cambridge","Eric Jones, Lewis Mullen, William O'neill, Jonathon PARKINS, Martin Sparkes",2018-05-15,2019-05-15,2019-12-05,,https://patents.google.com/patent/AU2019203404A1/en,
CN-206391590-U,A kind of long stroke easy to clean spray dryer ,哈尔滨剑桥学院,"李姗姗, 王帆",2017-01-11,2017-01-11,2017-08-11,2017-08-11,https://patents.google.com/patent/CN206391590U/en,
CN-114868268-A,Perovskite semiconductor device ,剑桥企业有限公司,"安德里亚·卡洛·费雷里, 乔治·卡卡维拉基斯, 康斯坦丁诺斯·迪莫斯, 科尔姆·奥里亚达, 路易吉·奥奇平蒂",2019-09-25,2020-09-25,2022-08-05,,https://patents.google.com/patent/CN114868268A/en,https://patentimages.storage.googleapis.com/51/0f/02/b9c0bc18299608/HDA0003660030780000011.png
CN-208889116-U,A kind of English-Chinese meaning of a word control displaying device of English ,哈尔滨剑桥学院,王丹,2018-07-13,2018-07-13,2019-05-21,2019-05-21,https://patents.google.com/patent/CN208889116U/en,
CN-208954426-U,A kind of economical management teaching displaying device ,哈尔滨剑桥学院,程婷,2018-07-03,2018-07-03,2019-06-07,2019-06-07,https://patents.google.com/patent/CN208954426U/en,
PL-2858578-T3,Stoma-creating device ,Cambridge University Hospitals Nhs Foundation Trust,"Frank RASULO, Basil MATTA",2012-06-07,2013-05-31,2021-04-19,,https://patents.google.com/patent/PL2858578T3/en,
EP-3193731-A1,Prostate biopsy apparatus ,"Cambridge University Hospitals NHS Foundation Trust, Cambridge Enterprise Ltd.",Vincent GNANAPRAGASAM,2014-07-17,2015-07-16,2017-07-26,,https://patents.google.com/patent/EP3193731A1/en,
CN-212446811-U,Automatic book binding machine ,哈尔滨剑桥学院,于琰,2020-06-13,2020-06-13,2021-02-02,2021-02-02,https://patents.google.com/patent/CN212446811U/en,https://patentimages.storage.googleapis.com/b5/26/7e/021345b9764e01/HDA0002537950420000061.png
US-2016289303-A1,Methods and compositions for the treatment of hcmv ,"President And Fellows Of Harvard College, Cambridge University, Cardiff University","Michael P. Weekes, Steven P. Gygi, Paul J. Lehner, Gavin W. Wilkinson, Peter Tomasec, Richard J. Stanton",2013-11-15,2014-11-14,2016-10-06,,https://patents.google.com/patent/US20160289303A1/en,https://patentimages.storage.googleapis.com/b6/dd/7b/adfc0e59fd324d/US20160289303A1-20161006-D00001.png
CN-209047619-U,A kind of Multifunctional financial cabinet ,哈尔滨剑桥学院,李丽娜,2018-08-24,2018-08-24,2019-07-02,2019-07-02,https://patents.google.com/patent/CN209047619U/en,
CN-207409162-U,A kind of new Japanese Translator displaying device ,哈尔滨剑桥学院,"张云鹤, 董海艳",2017-07-24,2017-07-24,2018-05-25,2018-05-25,https://patents.google.com/patent/CN207409162U/en,
CN-207115808-U,A kind of Interesting children English teaching device ,哈尔滨剑桥学院,"历晓寒, 王秋燕",2017-06-22,2017-06-22,2018-03-16,2018-03-16,https://patents.google.com/patent/CN207115808U/en,
CN-206541484-U,A kind of Teaching of Psychology exhibiting device ,哈尔滨剑桥学院,任秀华,2017-01-11,2017-01-11,2017-10-03,2017-10-03,https://patents.google.com/patent/CN206541484U/en,
EP-3107506-A1,Brace for protecting a region of a limb ,Cambridge University Hospitals NHS Foundation Trust,Andrew Michell,2014-02-19,2015-02-19,2016-12-28,,https://patents.google.com/patent/EP3107506A1/en,
CN-111397506-A,Full-automatic phase error correction method and system for holographic interferometer ,剑桥大学南京科技创新中心有限公司,"邓远博, 初大平",2020-04-13,2020-04-13,2020-07-10,,https://patents.google.com/patent/CN111397506A/en,https://patentimages.storage.googleapis.com/24/70/af/b750f2afb6128b/HDA0002448440230000042.png
WO-2020234577-A1,Tissue splayer ,Cambridge University Hospitals Nhs Foundation Trust,"Amit Agrawal, Stuart Kay, Rebecca Ann Wilkins, Daniel Peterson Godfrey, Christopher Paul WICKHAM FRENCH",2019-05-17,2020-05-18,2020-11-26,,https://patents.google.com/patent/WO2020234577A1/en,
CN-210234479-U,College english reading and writing board convenient to adjust ,哈尔滨剑桥学院,"Chunlei Ye, 叶春蕾, Cheng Huang, 黄成�",2019-05-09,2019-05-09,2020-04-03,2020-04-03,https://patents.google.com/patent/CN210234479U/en,https://patentimages.storage.googleapis.com/e2/cc/bc/f7b72ee85fab7d/190507162819.png
CN-207663593-U,A kind of interest Multifunctional English teaching aid ,哈尔滨剑桥学院,栾宇菲,2017-10-14,2017-10-14,2018-07-27,2018-07-27,https://patents.google.com/patent/CN207663593U/en,
WO-2019158932-A1,Constant shear continuous reactor device ,"The Chancellor, Masters And Scholars Of The University Of Cambridge, Cambridge Enterprise Limited (Gb/Gb)","Nicholas Jose, Alexei LAPKIN",2018-02-15,2019-02-15,2019-08-22,,https://patents.google.com/patent/WO2019158932A1/en,
EP-3881063-A1,Field-effect transistor for sensing target molecules ,Cambridge Enterprise Limited University of Cambridge,"Ruizhi WANG, Hannah STERN, Stephan Hofmann",2018-11-16,2019-11-15,2021-09-22,,https://patents.google.com/patent/EP3881063A1/en,
CN-207653934-U,A kind of work of fine arts displaying device ,哈尔滨剑桥学院,刘锡洋,2017-07-14,2017-07-14,2018-07-27,2018-07-27,https://patents.google.com/patent/CN207653934U/en,
CN-209505299-U,A kind of four line lattice drawing apparatus of English Literature teaching ,哈尔滨剑桥学院,闫岩,2018-12-19,2018-12-19,2019-10-18,2019-10-18,https://patents.google.com/patent/CN209505299U/en,
CN-206349141-U,A kind of Multifunctional piano performance music easel with persond eixis ,哈尔滨剑桥学院,"李姗姗, 王帆",2016-11-29,2016-11-29,2017-07-21,2017-07-21,https://patents.google.com/patent/CN206349141U/en,
CN-206312444-U,English Grammar Teaching analysis judges exercise apparatus ,哈尔滨剑桥学院,"徐艳霞, 李丹丹",2016-12-30,2016-12-30,2017-07-07,2017-07-07,https://patents.google.com/patent/CN206312444U/en,
CN-208957308-U,A kind of art major Portable easel ,哈尔滨剑桥学院,"岳忠春, 岳忠权",2018-07-30,2018-07-30,2019-06-11,2019-06-11,https://patents.google.com/patent/CN208957308U/en,
CN-207669308-U,Shared bicycle automatic collecting device ,哈尔滨剑桥学院,徐丹,2017-08-31,2017-08-31,2018-07-31,2018-07-31,https://patents.google.com/patent/CN207669308U/en,
EP-4058976-A1,Device and method for pre-processing image data for a computer vision application ,"Huawei Technologies Co., Ltd., The Chancellor, Masters and Scholars of the University of Cambridge","Rafal Mantiuk, Nicola Giuliani, Hu Chen, Zhijie Zhao",2019-11-15,2019-11-15,2022-09-21,,https://patents.google.com/patent/EP4058976A1/en,
CN-207765041-U,A kind of preschool education intelligence development model ,哈尔滨剑桥学院,"董静, 王丽敏, 李金霞, 栾宇菲, 李爱红",2017-12-20,2017-12-20,2018-08-24,2018-08-24,https://patents.google.com/patent/CN207765041U/en,
CN-208481929-U,A kind of shuttlecock training auxiliary device ,哈尔滨剑桥学院,吴瑞巍,2018-06-30,2018-06-30,2019-02-12,2019-02-12,https://patents.google.com/patent/CN208481929U/en,
CN-208967340-U,A kind of micro- class recording platform of English education ,哈尔滨剑桥学院,"瀛ｇ孩, 季红",2018-08-07,2018-08-07,2019-06-11,2019-06-11,https://patents.google.com/patent/CN208967340U/en,
CN-208889115-U,A kind of English tense teaching apparatus for demonstrating ,哈尔滨剑桥学院,杨微,2018-07-12,2018-07-12,2019-05-21,2019-05-21,https://patents.google.com/patent/CN208889115U/en,
CN-206451416-U,Improve English Reading pace work device ,哈尔滨剑桥学院,"杨秋雪, 朱亚丽",2016-12-07,2016-12-07,2017-08-29,2017-08-29,https://patents.google.com/patent/CN206451416U/en,
GB-2544474-B,Event triggered programmable prefetcher ,"Advanced Risc Mach Ltd, The Chancellor Masters And Scholars Of The Univ Of Cambridge","Christopher Grocutt Thomas, Ainsworth Sam, Martin Jones Timothy",2015-11-16,2015-11-16,2020-02-26,2020-02-26,https://patents.google.com/patent/GB2544474B/en,
CN-208801798-U,A kind of Multifunctional painting profession paint box ,哈尔滨剑桥学院,"岳忠春, 岳忠权",2018-07-30,2018-07-30,2019-04-30,2019-04-30,https://patents.google.com/patent/CN208801798U/en,
CN-111548452-A,Preparation method of self-adaptive optical gel based on borate reversible covalent bond ,剑桥大学南京科技创新中心有限公司,"余子夷, 张静, 张晶晶",2020-04-13,2020-04-13,2020-08-18,,https://patents.google.com/patent/CN111548452A/en,https://patentimages.storage.googleapis.com/c6/48/7b/6f7a98996bdfa7/HDA0002449072200000023.png
CN-206162331-U,Hand power portable computer machine case ,哈尔滨剑桥学院,"宋伟, 郭旭",2016-11-14,2016-11-14,2017-05-10,2017-05-10,https://patents.google.com/patent/CN206162331U/en,
CN-205185662-U,Multi -functional drawing device is used in huan jingyishusheji ,哈尔滨剑桥学院,马萍萍,2015-12-10,2015-12-10,2016-04-27,2016-04-27,https://patents.google.com/patent/CN205185662U/en,
CN-207697323-U,A kind of easy-to-mount multifunctional folder of Business Management Specialty teaching use ,哈尔滨剑桥学院,"李刚, 王洁琼",2018-01-08,2018-01-08,2018-08-07,2018-08-07,https://patents.google.com/patent/CN207697323U/en,
US-9752970-B2,Method of testing the oxidation resistance of an alloy ,"Rolls-Royce Plc, The Chancellor, Masters And Scholars Of The University Of Cambridge","Stephen Moray BAGNALL, Julian Charles MASON-FLUCKE, Catherine Mary Fiona RAE, Siavash Pahlavanyali",2014-04-23,2015-04-20,2017-09-05,2017-09-05,https://patents.google.com/patent/US9752970B2/en,https://patentimages.storage.googleapis.com/36/00/3c/c1c9528dbd6f57/US09752970-20170905-D00000.png
CN-205318671-U,Huan jingyishusheji specialty teaching display device ,哈尔滨剑桥学院,马萍萍,2015-12-10,2015-12-10,2016-06-15,2016-06-15,https://patents.google.com/patent/CN205318671U/en,
CN-206423781-U,Convenient laptop computer moves support ,哈尔滨剑桥学院,"郭旭, 宋伟",2016-11-14,2016-11-14,2017-08-22,2017-08-22,https://patents.google.com/patent/CN206423781U/en,
CN-206451415-U,Memorizing english wordses servicing unit ,哈尔滨剑桥学院,"朱亚丽, 杨秋雪",2016-12-07,2016-12-07,2017-08-29,2017-08-29,https://patents.google.com/patent/CN206451415U/en,
CN-210090076-U,Sampler is excavated to archaeology ,哈尔滨剑桥学院,"屈宏, 刘宗凯",2019-06-13,2019-06-13,2020-02-18,2020-02-18,https://patents.google.com/patent/CN210090076U/en,
CN-210211809-U,Dustproof english teaching board ,哈尔滨剑桥学院,"Jingjing Chen, 陈晶晶, Zijing Chen, 陈子婧",2019-01-29,2019-01-29,2020-03-31,2020-03-31,https://patents.google.com/patent/CN210211809U/en,https://patentimages.storage.googleapis.com/6a/ad/27/b41a3c97004761/HDA0001960967050000031.png
CN-206757911-U,A kind of English word part of speech explanation contrast exhibiting device ,哈尔滨剑桥学院,"梅冬琪, 于沛",2017-04-19,2017-04-19,2017-12-15,2017-12-15,https://patents.google.com/patent/CN206757911U/en,
CN-209505326-U,A kind of China's flower-and-bird painting works drawing ratio instructional device ,哈尔滨剑桥学院,"马静, 高智勇",2018-11-12,2018-11-12,2019-10-18,2019-10-18,https://patents.google.com/patent/CN209505326U/en,
CN-206688179-U,Football pass trainer ,哈尔滨剑桥学院,"刘晨, 张佳欣",2017-05-10,2017-05-10,2017-12-01,2017-12-01,https://patents.google.com/patent/CN206688179U/en,
CN-208918325-U,A kind of civil construction project construction access way protective equipment structure ,哈尔滨剑桥学院,杨树仁,2018-08-13,2018-08-13,2019-05-31,2019-05-31,https://patents.google.com/patent/CN208918325U/en,
CN-209121687-U,Music cradle structure is slept in a kind of baby roars of laughter ,哈尔滨剑桥学院,"王帆, 孙慧芯",2018-08-20,2018-08-20,2019-07-19,2019-07-19,https://patents.google.com/patent/CN209121687U/en,
CN-210804311-U,Notebook computer heat dissipation frame ,哈尔滨剑桥学院,宫洁,2020-01-19,2020-01-19,2020-06-19,2020-06-19,https://patents.google.com/patent/CN210804311U/en,https://patentimages.storage.googleapis.com/0e/aa/24/de44425936e50a/HDA0002373889540000011.png
CN-213724678-U,Flexible leg separator of sports cross arm ,哈尔滨剑桥学院,"王勇, 赵春义",2020-12-08,2020-12-08,2021-07-20,2021-07-20,https://patents.google.com/patent/CN213724678U/en,
CN-215868206-U,Trade economics teacher's multimedia teaching device ,哈尔滨剑桥学院,徐菡博,2021-10-13,2021-10-13,2022-02-18,2022-02-18,https://patents.google.com/patent/CN215868206U/en,https://patentimages.storage.googleapis.com/92/0c/25/42dccc7ea31cfd/HDA0003302567690000011.png
CN-213339337-U,City planning model display device for environmental art design ,哈尔滨剑桥学院,陈奇,2020-11-24,2020-11-24,2021-06-01,2021-06-01,https://patents.google.com/patent/CN213339337U/en,https://patentimages.storage.googleapis.com/ad/62/e6/cb7a2f1996cbf7/HDA0002796769130000011.png
CN-211669762-U,Portable loudspeaker for English classroom ,哈尔滨剑桥学院,"陈晶晶, 陈子婧",2020-03-13,2020-03-13,2020-10-13,2020-10-13,https://patents.google.com/patent/CN211669762U/en,
CN-210924988-U,Multimedia device for teaching ,哈尔滨剑桥学院,韩雪梅,2019-05-30,2019-05-30,2020-07-03,2020-07-03,https://patents.google.com/patent/CN210924988U/en,
CN-210283706-U,Special drawing device of higher mathematics ,哈尔滨剑桥学院,高珊,2019-06-21,2019-06-21,2020-04-10,2020-04-10,https://patents.google.com/patent/CN210283706U/en,https://patentimages.storage.googleapis.com/0d/c2/73/f397e29f16475e/HDA0002102869710000041.png
CN-211237527-U,Economics phenomenon simulation sand table for finance teaching ,哈尔滨剑桥学院,李刚,2020-03-01,2020-03-01,2020-08-11,2020-08-11,https://patents.google.com/patent/CN211237527U/en,
US-2015168409-A1,Method for determining if a subject has an increased likelihood of high grade dysplasia or esophageal adenocarcinoma ,"The University Of Cambridge, Medical Research Council","Massimiliano Di Pietro, Rebecca Fitzgerald, Xinxue Liu",2012-05-18,2013-05-17,2015-06-18,,https://patents.google.com/patent/US20150168409A1/en,https://patentimages.storage.googleapis.com/07/a1/eb/ade6fe86a17bf8/US20150168409A1-20150618-D00001.png
AU-2021250704-A1,Influenza vaccines ,"Diosynvax Ltd, The Chancellor, Masters And Scholars Of The University Of Cambridge","George CARNELL, Matteo Ferrari, Jonathan Luke Heeney, Sneha VISHWANATH, David Wells",2020-04-01,2021-04-01,2022-12-08,,https://patents.google.com/patent/AU2021250704A1/en,
AU-2019227855-A1,Methods for controlling gene expression ,"The Chancellor, Masters And Scholars Of The University Of Cambridge","Alexander Morgan JONES, Bo Larsen",2018-03-02,2019-03-01,2020-10-22,,https://patents.google.com/patent/AU2019227855A1/en,
GB-201120120-D0,Electromagnetically assisted technique for making MgB2 superconducting joints ,"Wozniak Mariusz, Siemens Magnet Technology Ltd, Glowacki Dr B A, Thomas Adrian M, Univ Cambridge",,2011-11-22,2011-11-22,2012-01-04,,https://patents.google.com/patent/GB201120120D0/en,
GB-201318193-D0,Uncooled Optical Wavelength - Division-Multiplexed Signal Transmission System ,"White Ian H, Univ Cambridge, Penty Richard V, Ingham Jonathan D",,2013-10-14,2013-10-14,2013-11-27,,https://patents.google.com/patent/GB201318193D0/en,
GB-202201060-D0,Beta-coronavirus vaccines ,"Univ Regensburg, Chancellor Masters And Scholars Of The Univ Of Cambridge, Diosynvax Ltd",,2022-01-27,2022-01-27,2022-03-16,,https://patents.google.com/patent/GB202201060D0/en,
WO-2020065350-A1,Vaccines ,"The Chancellor, Masters And Scholars Of The University Of Cambridge, University Of Westminster, Universitat Regensburg","Jonathan Luke Heeney, Simon Frost, Ralf Wagner, Benedikt ASBACH, Rebecca KINSLEY, Edward Wright",2018-09-28,2019-09-27,2020-04-02,,https://patents.google.com/patent/WO2020065350A1/en,
WO-2022271103-A3,Enrichment method ,"Cambridge Centre For Advanced Research And Education In Singapore Ltd, The Regents Of The University Of California, The Chancellor, Masters And Scholars Of The University Of Cambridge","Mikhail Kovalev, Magda Helena BARECKA, Hangjuan REN, Joel Wheeler AGER III, Alexei Alexandrovich LAPKIN",2021-06-23,2022-06-23,2023-03-23,,https://patents.google.com/patent/WO2022271103A3/en,
GB-201909465-D0,An apparatus and method for speculative vectorising program code ,"Advanced Risc Mach Ltd, Chancellor Masters And Scholars Of The Univ Of Cambridge",,2019-07-01,2019-07-01,2019-08-14,,https://patents.google.com/patent/GB201909465D0/en,
CN-210181812-U,Preschool english auxiliary teaching aid ,哈尔滨剑桥学院,"Puyu Wang, 王璞玉",2019-01-23,2019-01-23,2020-03-24,2020-03-24,https://patents.google.com/patent/CN210181812U/en,
CN-209807512-U,Special table is tailor to china paper-cut art ,哈尔滨剑桥学院,"马静, 高智勇",2018-11-12,2018-11-12,2019-12-20,2019-12-20,https://patents.google.com/patent/CN209807512U/en,
CN-209293499-U,A kind of folding combined music chorus halfpace ,哈尔滨剑桥学院,"王帆, 李彩",2018-08-20,2018-08-20,2019-08-23,2019-08-23,https://patents.google.com/patent/CN209293499U/en,
CN-207642936-U,A kind of skates storage device ,哈尔滨剑桥学院,那小波,2017-12-24,2017-12-24,2018-07-24,2018-07-24,https://patents.google.com/patent/CN207642936U/en,
GB-202104556-D0,Therapeutic inhibitors of GDF15 signalling ,"Kymab Ltd, Chancellor Masters And Scholars Of The Univ Of Cambridge",,2021-03-31,2021-03-31,2021-05-12,,https://patents.google.com/patent/GB202104556D0/en,
CN-207541934-U,A kind of portable metronome of absolute music ,哈尔滨剑桥学院,柏琳,2017-12-06,2017-12-06,2018-06-26,2018-06-26,https://patents.google.com/patent/CN207541934U/en,
GB-202112499-D0,Beta-coronavirus vaccines ,"Diosynvax Ltd, Chancellor Masters And Scholars Of The Univ Of Cambridge, Univ Regensburg",,2021-09-02,2021-09-02,2021-10-20,,https://patents.google.com/patent/GB202112499D0/en,
GB-202114321-D0,Beta-coronavirus Caccines ,"Diosynvax Ltd, Chancellor Masters And Scholars Of The Univ Of Cambridge, Univ Regensburg",,2021-10-06,2021-10-06,2021-11-17,,https://patents.google.com/patent/GB202114321D0/en,
CN-210466893-U,Demonstration board for English tense teaching ,哈尔滨剑桥学院,张晓东,2019-08-16,2019-08-16,2020-05-05,2020-05-05,https://patents.google.com/patent/CN210466893U/en,https://patentimages.storage.googleapis.com/11/6d/dd/727942ac972261/190815134026.png
GB-202109285-D0,Beta-coronavirus vaccines ,"Diosynvax Ltd, Chancellor Masters And Scholars Of The Univ Of Cambridge, Univ Regensburg",,2021-06-28,2021-06-28,2021-08-11,,https://patents.google.com/patent/GB202109285D0/en,
WO-2022157513-A2,Vacuum therapy devices and methods ,Cambridge University Hospitals Nhs Foundation Trust,"Andrew HINDMARSH, Sean LICENCE, Adam Farrow",2021-01-22,2022-01-24,2022-07-28,,https://patents.google.com/patent/WO2022157513A2/en,
GB-202213958-D0,Influenza vaccines ,"Diosynvax Ltd, Chancellor Masters And Scholars Of The Univ Of Cambridge, Univ Regensburg",,2022-09-23,2022-09-23,2022-11-09,,https://patents.google.com/patent/GB202213958D0/en,
KR-20230007456-A,Secure classical optical communication using quantum technology ,"더 보잉 컴파니, 더 챈슬러, 마스터즈 앤드 스칼라스 오브 더 유니버시티 오브 캠브리지 오브 더 올드 스쿨스","제프리 에이치. 헌트, 위펑 공, 리차드 빈센트 펜티, 이안 화이트, 아드리안 원포",2020-05-08,2021-05-04,2023-01-12,,https://patents.google.com/patent/KR20230007456A/en,https://patentimages.storage.googleapis.com/f5/bc/66/61fb16cb6092c7/pct00031.png
GB-202208070-D0,Influenza vaccines ,"Diosynvax Ltd, Chancellor Masters And Scholars Of The Univ Of Cambridge, Univ Regensburg",,2022-05-31,2022-05-31,2022-07-13,,https://patents.google.com/patent/GB202208070D0/en,
GB-202214126-D0,Coronavirus vaccines ,"Diosynvax Ltd, Chancellor Masters And Scholars Of The Univ Of Cambridge, Univ Regensburg",,2022-09-27,2022-09-27,2022-11-09,,https://patents.google.com/patent/GB202214126D0/en,
CN-115152039-A,Polarized emission of quantum wires in cubic GaN ,"剑桥实业有限公司, 曼彻斯特大学","大卫·沃利斯, 雷切尔·奥利弗, 门诺·卡珀斯, 菲利普·道森, 斯蒂芬·查治, 大卫·宾克斯",2019-10-04,2020-09-30,2022-10-04,,https://patents.google.com/patent/CN115152039A/en,https://patentimages.storage.googleapis.com/7f/01/e6/9a797814acd557/HDA0003815381360000011.png
CN-212061525-U,Self-service English letter calligraphy exercise page relief plate indentation device ,哈尔滨剑桥学院,"潘春英, 于琰",2020-05-28,2020-05-28,2020-12-01,2020-12-01,https://patents.google.com/patent/CN212061525U/en,https://patentimages.storage.googleapis.com/b0/59/30/670fa0fc2f9206/HDA0002513108600000021.png
GB-2541405-A,Novel Methods ,"Univ Of Cambridge, Univ Of Ha'il","Suliman Al-Mogbel Mohammed, Alshaghdali Abdulrahman, Ashankyty Ibraheem, Elmouna Ahmed, Fazuldeen Mohammed, Mian Shahid, Nuglozeh Edem, Fairbairn Camilla, Malcolm Timothy, Moti Naushad, Turner Suzanne",2015-08-17,2015-08-17,2017-02-22,,https://patents.google.com/patent/GB2541405A/en,
WO-2023275538-A1,Beta-coronavirus vaccines ,"Diosynvax Ltd, The Chancellor, Masters And Scholars Of The University Of Cambridge, Universität Regensburg","Sneha VISHWANATH, George CARNELL, Benedikt ASBACH, Ralf Wagner, Rebecca KINSLEY, Jonathan Luke Heeney, David Wells",2021-06-28,2022-06-28,2023-01-05,,https://patents.google.com/patent/WO2023275538A1/en,
WO-2023057766-A1,Influenza vaccines ,"Diosynvax Ltd, The Chancellor, Masters And Scholars Of The University Of Cambridge, Universität Regensburg","Jonathan Luke Heeney, Sneha VISHWANATH, George CARNELL, David Wells, Simon Frost, Matteo Ferrari, Benedikt ASBACH, Ralf Wagner",2021-10-06,2022-10-06,2023-04-13,,https://patents.google.com/patent/WO2023057766A1/en,
WO-2021041962-A1,Structure and method for promoting microalgae growth ,"The Regents Of The University Of California, University Of Cambridge","Shaochen Chen, Dimitri DEHEYN, Shangting YOU, Daniel WANGPRASEURT, Silvia Vignolini",2019-08-28,2020-08-28,2021-03-04,,https://patents.google.com/patent/WO2021041962A1/en,
WO-2023057769-A1,Coronavirus vaccines ,"Diosynvax Ltd, The Chancellor, Masters And Scholars Of The University Of Cambridge, Universität Regensburg","Jonathan Luke Heeney, Sneha VISHWANATH, George CARNELL, David Wells, Matteo Ferrari, Benedikt ASBACH, Ralf Wagner, Martina BILLMEIER, Patrick Neckermann",2021-10-06,2022-10-06,2023-04-13,,https://patents.google.com/patent/WO2023057769A1/en,
WO-2022157011-A1,A method and a system for uv protection prediction of a sunscreen product ,"Basf Se, The Chancellor, Masters And Scholars Of The University Of Cambridge, Cambridge Centre For Advanced Research And Education In Singapore Ltd.","Dong Ryeol Lee, Jun Tao XIA, Myriam Sohn, Bernd Herzog, Liwei Cao, Alexei LAPKIN",2021-01-21,2022-01-05,2022-07-28,,https://patents.google.com/patent/WO2022157011A1/en,
CN-209748783-U,headset fixer for Korean listening teaching ,哈尔滨剑桥学院,李倩,2019-07-05,2019-07-05,2019-12-06,2019-12-06,https://patents.google.com/patent/CN209748783U/en,
CN-210142405-U,University grammar memory device ,哈尔滨剑桥学院,"崔艳波, 曹雪",2019-07-03,2019-07-03,2020-03-13,2020-03-13,https://patents.google.com/patent/CN210142405U/en,https://patentimages.storage.googleapis.com/e9/b8/c9/09413dee169458/190626161755.png
CN-209286598-U,A kind of dancing practice pressing-leg device with music player ,哈尔滨剑桥学院,柏琳,2018-09-28,2018-09-28,2019-08-23,2019-08-23,https://patents.google.com/patent/CN209286598U/en,
CN-209047622-U,A kind of economic book of accounts storing unit ,哈尔滨剑桥学院,李丽娜,2018-08-24,2018-08-24,2019-07-02,2019-07-02,https://patents.google.com/patent/CN209047622U/en,
CN-208705769-U,A kind of computer with integrated for Corporate Finance ,哈尔滨剑桥学院,李丽娜,2018-08-20,2018-08-20,2019-04-05,2019-04-05,https://patents.google.com/patent/CN208705769U/en,
CN-208705081-U,A kind of portable building concrete intensity scene drilling core checking device ,哈尔滨剑桥学院,杨树仁,2018-08-13,2018-08-13,2019-04-05,2019-04-05,https://patents.google.com/patent/CN208705081U/en,
CN-208834569-U,A kind of English word learning memory aid ,哈尔滨剑桥学院,"曹雪, 崔艳波",2018-07-05,2018-07-05,2019-05-07,2019-05-07,https://patents.google.com/patent/CN208834569U/en,
CN-208889113-U,A kind of English teaching supplemental training device ,哈尔滨剑桥学院,"陈子婧, 历晓寒",2018-07-04,2018-07-04,2019-05-21,2019-05-21,https://patents.google.com/patent/CN208889113U/en,
CN-208834567-U,A kind of classroom teaching displaying device ,哈尔滨剑桥学院,"历晓寒, 陈子婧",2018-07-03,2018-07-03,2019-05-07,2019-05-07,https://patents.google.com/patent/CN208834567U/en,
CN-208353551-U,A kind of Aural-comprehension Training headset ,哈尔滨剑桥学院,"崔艳波, 曹雪",2018-07-02,2018-07-02,2019-01-08,2019-01-08,https://patents.google.com/patent/CN208353551U/en,
CN-209331446-U,A kind of Art Design sample storage device ,哈尔滨剑桥学院,吕琛,2018-11-14,2018-11-14,2019-09-03,2019-09-03,https://patents.google.com/patent/CN209331446U/en,
CN-208970121-U,A kind of Art Design font adjustment device ,哈尔滨剑桥学院,吕琛,2018-11-13,2018-11-13,2019-06-11,2019-06-11,https://patents.google.com/patent/CN208970121U/en,
CN-208212435-U,A kind of Novel feather ball-collecting rack convenient for adjusting ,哈尔滨剑桥学院,"李兴凯, 吴瑞巍",2018-05-28,2018-05-28,2018-12-11,2018-12-11,https://patents.google.com/patent/CN208212435U/en,
CN-208212476-U,A kind of novel ice skates ,哈尔滨剑桥学院,吴瑞巍,2018-05-28,2018-05-28,2018-12-11,2018-12-11,https://patents.google.com/patent/CN208212476U/en,
CN-208938377-U,A kind of dedicated exercise device of novel English hearing ,哈尔滨剑桥学院,梅冬琪,2018-08-01,2018-08-01,2019-06-04,2019-06-04,https://patents.google.com/patent/CN208938377U/en,
EP-4152274-A1,"System and method for predicting an occupancy probability of a point in an environment, and training method thereof ","Toyota Jidosha Kabushiki Kaisha, The Chancellor, Masters and Scholars of the University of Cambridge","Daniel OLMEDA REINO, Thomas RODDICK, Benjamin BIGGS, Roberto Cipolla",2021-09-21,2021-09-21,2023-03-22,,https://patents.google.com/patent/EP4152274A1/en,
EP-4109342-A1,Novelty detection method for a neural network model ,"Toyota Jidosha Kabushiki Kaisha, The Chancellor, Masters and Scholars of the University of Cambridge","Rahaf AL JUNDI, Daniel OLMEDA REINO, Nikolay CHUMERIN, Richard Turner",2021-06-24,2021-06-24,2022-12-28,,https://patents.google.com/patent/EP4109342A1/en,https://patentimages.storage.googleapis.com/6b/12/97/2c50525d1731e5/imgf0001.png
CN-209573929-U,A kind of seashore ring skill swing chair ,哈尔滨剑桥学院,梁雪,2018-11-14,2018-11-14,2019-11-05,2019-11-05,https://patents.google.com/patent/CN209573929U/en,
EP-3967157-A1,Plant-based microcapsules ,"Xampla Limited, The Chancellor, Masters and Scholars of the University of Cambridge","Marc RODRIGUEZ GARCIA, Tuomas Pertti Jonathan KNOWLES",2020-09-09,2020-09-09,2022-03-16,,https://patents.google.com/patent/EP3967157A1/en,https://patentimages.storage.googleapis.com/f7/7b/17/6caab80f5dc689/imgf0001.png
CN-207781199-U,A kind of English teaching recorder ,哈尔滨剑桥学院,"韩迪, 刘万阳",2018-04-12,2018-04-12,2018-08-28,2018-08-28,https://patents.google.com/patent/CN207781199U/en,
CN-208110857-U,A kind of pedagogy interactive electronic white board ,哈尔滨剑桥学院,"刘爽, 马影",2017-12-20,2017-12-20,2018-11-16,2018-11-16,https://patents.google.com/patent/CN208110857U/en,
CN-208388149-U,A kind of pedagogy multifunctional desk ,哈尔滨剑桥学院,"马影, 刘爽, 董静",2017-12-20,2017-12-20,2019-01-18,2019-01-18,https://patents.google.com/patent/CN208388149U/en,
CN-207765018-U,A kind of preschool education displaying teaching aid ,哈尔滨剑桥学院,"董静, 王丽敏, 李金霞, 栾宇菲, 李爱红",2017-12-20,2017-12-20,2018-08-24,2018-08-24,https://patents.google.com/patent/CN207765018U/en,
CN-207670596-U,A kind of multifunction bicycle ,哈尔滨剑桥学院,徐丹,2017-12-06,2017-12-06,2018-07-31,2018-07-31,https://patents.google.com/patent/CN207670596U/en,
CN-207518843-U,A kind of laser read English acoustical generator ,哈尔滨剑桥学院,"于琰, 王春宇",2017-11-24,2017-11-24,2018-06-19,2018-06-19,https://patents.google.com/patent/CN207518843U/en,
CN-207913081-U,A kind of auxiliary pad of callisthenics convenient for breathing freely ,哈尔滨剑桥学院,徐丹,2017-11-22,2017-11-22,2018-09-28,2018-09-28,https://patents.google.com/patent/CN207913081U/en,
CN-208204448-U,A kind of multi-functional teaching apparatus of history lesson ,哈尔滨剑桥学院,"屈宏, 刘宗凯",2018-01-30,2018-01-30,2018-12-07,2018-12-07,https://patents.google.com/patent/CN208204448U/en,
CN-209591212-U,A kind of English shape of the mouth as one speaks pronunciation diagrammatic illustration device ,哈尔滨剑桥学院,"陈子婧, 陈晶晶",2018-12-10,2018-12-10,2019-11-05,2019-11-05,https://patents.google.com/patent/CN209591212U/en,
CN-209691125-U,A kind of Portable English autonomous learning device ,哈尔滨剑桥学院,"陈子婧, 陈晶晶",2018-12-10,2018-12-10,2019-11-26,2019-11-26,https://patents.google.com/patent/CN209691125U/en,
CN-207187057-U,A kind of shuttlecock articles for use storage rack ,哈尔滨剑桥学院,"那小波, 王勇",2017-09-20,2017-09-20,2018-04-06,2018-04-06,https://patents.google.com/patent/CN207187057U/en,
CN-210123612-U,English teaching demonstration board ,哈尔滨剑桥学院,闫岩,2018-12-27,2018-12-27,2020-03-03,2020-03-03,https://patents.google.com/patent/CN210123612U/en,https://patentimages.storage.googleapis.com/64/55/f8/5608b2153819f8/HSA0000177033960000021.png
CN-209746797-U,English learning turntable ,哈尔滨剑桥学院,韩迪,2019-01-11,2019-01-11,2019-12-06,2019-12-06,https://patents.google.com/patent/CN209746797U/en,
CN-207503488-U,Musicology teaching display board ,哈尔滨剑桥学院,"李彩, 董静, 杨洋, 刘韵",2017-07-28,2017-07-28,2018-06-15,2018-06-15,https://patents.google.com/patent/CN207503488U/en,
CN-207199142-U,The Portable display display teaching aid that a kind of English teaching uses ,哈尔滨剑桥学院,"黄成�, 叶春蕾",2017-07-03,2017-07-03,2018-04-06,2018-04-06,https://patents.google.com/patent/CN207199142U/en,
CN-207611523-U,A kind of desk-top finance explanation management teaching aid ,哈尔滨剑桥学院,于越,2017-06-23,2017-06-23,2018-07-13,2018-07-13,https://patents.google.com/patent/CN207611523U/en,
CN-206689945-U,Direct driving motor controls bench vice ,哈尔滨剑桥学院,"刘媛媛, 崔莉, 刘丽媛, 周跃佳",2017-05-18,2017-05-18,2017-12-01,2017-12-01,https://patents.google.com/patent/CN206689945U/en,
CN-210015563-U,Mouth shape adjusting mirror for vocal music performance ,哈尔滨剑桥学院,赵艳,2019-01-15,2019-01-15,2020-02-04,2020-02-04,https://patents.google.com/patent/CN210015563U/en,https://patentimages.storage.googleapis.com/d7/38/4f/510833e41e9911/DEST_PATH_HDA0002270843380000011.png
CN-206762109-U,Adjustable gymnastics uneven bars ,哈尔滨剑桥学院,"张佳欣, 刘晨",2017-05-18,2017-05-18,2017-12-19,2017-12-19,https://patents.google.com/patent/CN206762109U/en,
EP-3762762-A1,Display device for head-mounting and display method ,"Huawei Technologies Co., Ltd., The Chancellor, Masters and Scholars of the University of Cambridge","Tao Lin, Qing Zhang, Jia Jia, Pawan SHRESTHA, Matt PRYN, Daping Chu",2018-04-03,2018-04-03,2021-01-13,,https://patents.google.com/patent/EP3762762A1/en,
CN-207253031-U,A kind of teaching multifunctional pencil case ,哈尔滨剑桥学院,王颖,2017-05-02,2017-05-02,2018-04-20,2018-04-20,https://patents.google.com/patent/CN207253031U/en,
CN-207241244-U,A kind of mathematics composition educates blackboard ,哈尔滨剑桥学院,王颖,2017-04-21,2017-04-21,2018-04-17,2018-04-17,https://patents.google.com/patent/CN207241244U/en,
CN-206907237-U,A kind of novel English word auxiliary memory device ,哈尔滨剑桥学院,"于沛, 梅冬琪",2017-04-17,2017-04-17,2018-01-19,2018-01-19,https://patents.google.com/patent/CN206907237U/en,
CN-207084491-U,Multi-functional vocal music dedicated spectrum frame ,哈尔滨剑桥学院,"李彩, 王帆, 赵艳, 高馨月, 邱洋洋",2017-03-17,2017-03-17,2018-03-13,2018-03-13,https://patents.google.com/patent/CN207084491U/en,
CN-206489783-U,A kind of Korean teaching aid ,哈尔滨剑桥学院,"李倩, 刘琳",2017-02-21,2017-02-21,2017-09-12,2017-09-12,https://patents.google.com/patent/CN206489783U/en,
CN-206421694-U,Font control board is used in a kind of Korean teaching ,哈尔滨剑桥学院,"刘琳, 李倩",2017-02-08,2017-02-08,2017-08-18,2017-08-18,https://patents.google.com/patent/CN206421694U/en,
CN-206400866-U,A kind of Teaching of Psychology practice device ,哈尔滨剑桥学院,任秀华,2017-01-25,2017-01-25,2017-08-11,2017-08-11,https://patents.google.com/patent/CN206400866U/en,
CN-206594887-U,A kind of mechanical Japanese Teaching servicing unit ,哈尔滨剑桥学院,"董海艳, 张云鹤",2016-12-27,2016-12-27,2017-10-27,2017-10-27,https://patents.google.com/patent/CN206594887U/en,
CN-206322340-U,A kind of Aural-comprehension Training device ,哈尔滨剑桥学院,"李丹丹, 徐艳霞",2016-12-16,2016-12-16,2017-07-11,2017-07-11,https://patents.google.com/patent/CN206322340U/en,
CN-206134012-U,English learning aiding device ,哈尔滨剑桥学院,"王丹, 杨微, 栾宇菲, 王芳",2016-06-29,2016-06-29,2017-04-26,2017-04-26,https://patents.google.com/patent/CN206134012U/en,
CN-209629000-U,A kind of art teaching easel ,哈尔滨剑桥学院,刘锡洋,2018-10-17,2018-10-17,2019-11-15,2019-11-15,https://patents.google.com/patent/CN209629000U/en,
CN-206058549-U,English language aided education plate ,哈尔滨剑桥学院,"杨微, 栾宇菲, 王丹, 于鹏",2016-06-17,2016-06-17,2017-03-29,2017-03-29,https://patents.google.com/patent/CN206058549U/en,
CN-206058633-U,A kind of english-chinese bilingual combining with teaching interactive device ,哈尔滨剑桥学院,"栾宇菲, 王丹, 杨微, 董静, 金娜, 于鹏",2016-05-09,2016-05-09,2017-03-29,2017-03-29,https://patents.google.com/patent/CN206058633U/en,
CN-205395557-U,Multifunctional ruler ,哈尔滨剑桥学院,张爽,2015-11-25,2015-11-25,2016-07-27,2016-07-27,https://patents.google.com/patent/CN205395557U/en,
CN-205202570-U,Many function combination drawing board ,哈尔滨剑桥学院,张爽,2015-11-25,2015-11-25,2016-05-04,2016-05-04,https://patents.google.com/patent/CN205202570U/en,
CN-115060364-A,Spectrum establishing method and device ,剑桥大学南京科技创新中心有限公司,"田蕾, 聂杰文, 杨海宁, 初大平",2022-07-13,2022-07-13,2022-09-16,,https://patents.google.com/patent/CN115060364A/en,https://patentimages.storage.googleapis.com/db/24/18/076140698bbec6/220706173309.png
CN-114646613-A,Holographic dot matrix coherent imaging method and system ,剑桥大学南京科技创新中心有限公司,"杨海宁, 雷弈, 初大平",2022-05-19,2022-05-19,2022-06-21,,https://patents.google.com/patent/CN114646613A/en,https://patentimages.storage.googleapis.com/b0/f5/19/f3f7039b908ccc/220513173218.png
CN-114244101-A,Switched capacitor resonant DC converter ,剑桥大学南京科技创新中心有限公司,"赵晖, 龙腾",2021-12-16,2021-12-16,2022-03-25,,https://patents.google.com/patent/CN114244101A/en,https://patentimages.storage.googleapis.com/33/50/ec/2916f325ef833e/211207161717.png
CN-115667924-A,Improvements in or relating to apparatus for characterising components ,"流体分析有限公司, 剑桥企业有限公司","肖恩·德文尼什, 图奥马斯·诺尔斯, 瓦西里斯·科斯莫里亚皮特西斯, 格奥尔格·梅斯尔, 阿什利·普里迪, 汤姆·沙伊特, 马蒂亚斯·施奈德, 凯瑟琳·徐",2020-05-22,2021-05-21,2023-01-31,,https://patents.google.com/patent/CN115667924A/en,https://patentimages.storage.googleapis.com/05/d8/69/149c4ad49a21b4/HDA0003957921120000011.png
GB-202114318-D0,Coronavirus Vaccines ,"Diosynvax Ltd, Chancellor Masters And Scholars Of The Univ Of Cambridge",,2021-10-06,2021-10-06,2021-11-17,,https://patents.google.com/patent/GB202114318D0/en,
GB-202114328-D0,Influenza vaccines ,"Diosynvax Ltd, Chancellor Masters And Scholars Of The Univ Of Cambridge",,2021-10-06,2021-10-06,2021-11-17,,https://patents.google.com/patent/GB202114328D0/en,
GB-202109560-D0,Anomaly detection based on complete blood counts ,Chancellor Masters And Scholars Of The Univ Of Cambridge,,2021-07-01,2021-07-01,2021-08-18,,https://patents.google.com/patent/GB202109560D0/en,
CN-115397403-A,Use of compounds capable of cross-linking extracellular matrix to prevent or inhibit cancer cell migration ,剑桥企业有限公司,"M·J·杜尔, U·巴什塔诺娃, R·拉詹",2020-02-13,2021-02-12,2022-11-25,,https://patents.google.com/patent/CN115397403A/en,https://patentimages.storage.googleapis.com/e9/99/5c/621bf5e9003896/HDA0003882526050000011.png
GB-202107331-D0,Therapeutic inhibitors of GDF15 signalling ,"Kymab Ltd, Chancellor Masters And Scholars Of The Univ Of Cambridge",,2021-05-21,2021-05-21,2021-07-07,,https://patents.google.com/patent/GB202107331D0/en,
CN-115003334-A,Treatment and prognosis of pancreatic cancer ,剑桥企业有限公司,"T·J·吴, M·吉尔, M·米勒, O·卡斯特",2019-12-18,2020-12-18,2022-09-02,,https://patents.google.com/patent/CN115003334A/en,https://patentimages.storage.googleapis.com/c2/fe/6d/7df84e0baf6c63/HDA0003766994880000011.png
GB-202103214-D0,Coronavirus vaccines ,"Diosynvax Ltd, Chancellor Masters And Scholars Of The Univ Of Cambridge",,2021-03-08,2021-03-08,2021-04-21,,https://patents.google.com/patent/GB202103214D0/en,
CN-115023610-A,Novel linker compounds ,剑桥实业有限公司,"尚卡尔·阿拉苏布拉曼尼安, 马克西米利安·塔罗·威廉·李, 达里奥·布雷桑, 格雷戈里·汉农",2019-11-28,2020-11-27,2022-09-06,,https://patents.google.com/patent/CN115023610A/en,https://patentimages.storage.googleapis.com/25/c6/c5/3aff7e379a5280/HDA0003769973070000011.png
CN-114929620-A,Method for preparing single-walled carbon nanotubes ,剑桥企业有限公司,"A.博伊斯, B.M.格雷夫斯, X.张",2019-12-03,2020-11-25,2022-08-19,,https://patents.google.com/patent/CN114929620A/en,https://patentimages.storage.googleapis.com/67/ec/9d/ed523f05033a5a/HDA0003676239580000011.png
GB-202101824-D0,Coronavirus vaccines ,"Diosynvax Ltd, Chancellor Masters And Scholars Of The Univ Of Cambridge",,2021-02-10,2021-02-10,2021-03-24,,https://patents.google.com/patent/GB202101824D0/en,
CN-115135782-A,Desulfurization of lead-containing waste ,"埃弗资源有限公司, 剑桥实业有限公司","维马尔纳特·塞尔瓦拉吉, 斯蒂芬·查尔斯·安德鲁, A·福克斯, R·V·库马尔, 斯宾塞·大卫·洛维, 马塞尔·伊奥",2019-08-12,2020-08-12,2022-09-30,,https://patents.google.com/patent/CN115135782A/en,
CN-209552773-U,A kind of preschool education board of education ,哈尔滨剑桥学院,王璞玉,2019-01-23,2019-01-23,2019-10-29,2019-10-29,https://patents.google.com/patent/CN209552773U/en,
GB-202015775-D0,Coronavirus vaccines ,"Diosynvax Ltd, Chancellor Masters And Scholars Of The Univ Of Cambridge",,2020-10-05,2020-10-05,2020-11-18,,https://patents.google.com/patent/GB202015775D0/en,
GB-202010672-D0,Coronovirus vaccines ,"Diosynvax Ltd, Chancellor Masters And Scholars Of The Univ Of Cambridge",,2020-07-10,2020-07-10,2020-08-26,,https://patents.google.com/patent/GB202010672D0/en,
CN-111404388-A,Series cascade type switch transformer direct current converter and working method thereof ,剑桥大学南京科技创新中心有限公司,"龙腾, 赵晖, 申彦峰",2020-04-13,2020-04-13,2020-07-10,,https://patents.google.com/patent/CN111404388A/en,https://patentimages.storage.googleapis.com/d7/f5/fc/ffef9151c5d4ed/HDA0002448409990000011.png
CN-111466949-A,"MMSE (minimum mean square error) beam former, MMSE beam forming method and computer-readable storage medium ",剑桥大学南京科技创新中心有限公司,"阮义, 理查德普拉格",2020-04-13,2020-04-13,2020-07-31,,https://patents.google.com/patent/CN111466949A/en,https://patentimages.storage.googleapis.com/a0/b1/49/351caaf89eb4c4/HDA0002448974760000011.png
CN-111366561-A,Method and device for measuring actual reflectivity of liquid crystal device ,剑桥大学南京科技创新中心有限公司,"杨海宁, 初大平",2020-04-13,2020-04-13,2020-07-03,,https://patents.google.com/patent/CN111366561A/en,
CN-209674566-U,A kind of adjustable teaching projection device ,哈尔滨剑桥学院,刘欢,2019-02-02,2019-02-02,2019-11-22,2019-11-22,https://patents.google.com/patent/CN209674566U/en,
CN-209330336-U,A kind of dedicated wheat frame of vocals ,哈尔滨剑桥学院,杨洋,2019-02-02,2019-02-02,2019-08-30,2019-08-30,https://patents.google.com/patent/CN209330336U/en,
GB-202004826-D0,Coronavirus vaccines ,"Diosynvax Ltd, Chancellor Masters And Scholars Of The Univ Of Cambridge",,2020-04-01,2020-04-01,2020-05-13,,https://patents.google.com/patent/GB202004826D0/en,
AU-2011250811-A1,Methods for assessing neurocognitive disorders ,Cambridge University Technical Services Limited,"Andrew Blackwell, Barbara Sahakian",2004-04-13,2011-11-16,2011-12-08,,https://patents.google.com/patent/AU2011250811A1/en,
CN-210042149-U,Headset is used in oral english teaching ,哈尔滨剑桥学院,杨秋雪,2019-08-20,2019-08-20,2020-02-07,2020-02-07,https://patents.google.com/patent/CN210042149U/en,
CN-209947380-U,Engineering management bulletin board ,哈尔滨剑桥学院,"田洋, 陈平, 王春燕",2019-07-17,2019-07-17,2020-01-14,2020-01-14,https://patents.google.com/patent/CN209947380U/en,
CN-209876599-U,Piano music book lighting device ,哈尔滨剑桥学院,李姗姗,2019-07-11,2019-07-11,2019-12-31,2019-12-31,https://patents.google.com/patent/CN209876599U/en,
CN-207546688-U,A kind of finance discarded data reducing mechanism ,哈尔滨剑桥学院,于越,2017-09-21,2017-09-21,2018-06-29,2018-06-29,https://patents.google.com/patent/CN207546688U/en,
CN-209629677-U,A kind of personality test device ,哈尔滨剑桥学院,王晓丹,2019-02-02,2019-02-02,2019-11-15,2019-11-15,https://patents.google.com/patent/CN209629677U/en,
CN-209328389-U,A kind of ideological education outdoor publicity movable stand ,哈尔滨剑桥学院,刘欢,2019-02-02,2019-02-02,2019-08-30,2019-08-30,https://patents.google.com/patent/CN209328389U/en,
CN-210052345-U,Psychology teaching auxiliary device ,哈尔滨剑桥学院,王晓丹,2019-02-02,2019-02-02,2020-02-11,2020-02-11,https://patents.google.com/patent/CN210052345U/en,
CN-210200038-U,English pronunciation word auxiliary memory device ,哈尔滨剑桥学院,"Qiuyan Wang, 王秋燕",2019-07-05,2019-07-05,2020-03-27,2020-03-27,https://patents.google.com/patent/CN210200038U/en,https://patentimages.storage.googleapis.com/7e/d7/f7/651a8a57827775/190705134307.png
CN-210123383-U,Building crab-bolt tensile strength detection device that pulls out ,哈尔滨剑桥学院,杨树仁,2019-05-24,2019-05-24,2020-03-03,2020-03-03,https://patents.google.com/patent/CN210123383U/en,
CN-211364036-U,Financial management bill fold ,哈尔滨剑桥学院,"王春燕, 田洋, 陈平",2019-07-19,2019-07-19,2020-08-28,2020-08-28,https://patents.google.com/patent/CN211364036U/en,https://patentimages.storage.googleapis.com/f8/34/d2/70d05fcead224e/190717115259.png
CN-212648307-U,New energy automobile battery processingequipment ,哈尔滨剑桥学院,"李凡, 朱礼贵",2020-08-21,2020-08-21,2021-03-02,2021-03-02,https://patents.google.com/patent/CN212648307U/en,https://patentimages.storage.googleapis.com/04/90/8c/cc8a9d01f6f12a/HDA0002644314880000021.png
CN-218517737-U,Pneumatic and hydraulic dual-purpose chuck for lathe ,哈尔滨剑桥学院,韩明玉,2022-11-02,2022-11-02,2023-02-24,2023-02-24,https://patents.google.com/patent/CN218517737U/en,https://patentimages.storage.googleapis.com/d2/c2/95/f829545bc1219e/HDA0003922080580000011.png
CN-218242461-U,Network tapping device ,哈尔滨剑桥学院,李颖,2022-09-16,2022-09-16,2023-01-06,2023-01-06,https://patents.google.com/patent/CN218242461U/en,https://patentimages.storage.googleapis.com/e2/20/55/079e251182ff8c/HDA0003848453780000011.png
CN-217961180-U,Leg pressing device for physical education ,哈尔滨剑桥学院,韩大维,2022-08-04,2022-08-04,2022-12-06,2022-12-06,https://patents.google.com/patent/CN217961180U/en,https://patentimages.storage.googleapis.com/0c/e0/eb/9d83c68300a34c/220804102101.png
CN-217880789-U,Multimedia publicity column ,哈尔滨剑桥学院,隋向萍,2022-07-29,2022-07-29,2022-11-22,2022-11-22,https://patents.google.com/patent/CN217880789U/en,https://patentimages.storage.googleapis.com/ac/e7/f2/0cb6a5d20e1e9f/HDA0003771191480000011.png
CN-217678449-U,Feeding structure for asphalt mortar mixing device ,哈尔滨剑桥学院,"王志臣, 王双, 陈平, 郭磊, 田洋, 何宏伟",2022-07-01,2022-07-01,2022-10-28,2022-10-28,https://patents.google.com/patent/CN217678449U/en,https://patentimages.storage.googleapis.com/cd/0e/ee/55bc648fd7c2be/HDA0003726676480000011.png
CN-217477367-U,Cargo distribution vehicle with automatic loading and unloading function ,哈尔滨剑桥学院,"马文龙, 崔存冬, 邵帅, 郭宏伟, 王鹏, 张文昊, 宫婷",2022-06-28,2022-06-28,2022-09-23,2022-09-23,https://patents.google.com/patent/CN217477367U/en,https://patentimages.storage.googleapis.com/2b/a4/44/9fc4e9992f9895/HDA0003717548930000011.png
CN-217657220-U,Automatic keep away barrier wide angle trimming means ,哈尔滨剑桥学院,"马文龙, 叶正欣, 才昕卉, 刘佳乐",2022-06-13,2022-06-13,2022-10-28,2022-10-28,https://patents.google.com/patent/CN217657220U/en,https://patentimages.storage.googleapis.com/d9/63/e3/461017f8985e60/HDA0003689966930000011.png
CN-217825411-U,Domestic water circulation constant temperature electric blanket ,哈尔滨剑桥学院,"马文龙, 郑晗雪, 杜新宇, 乔欣",2022-05-25,2022-05-25,2022-11-15,2022-11-15,https://patents.google.com/patent/CN217825411U/en,https://patentimages.storage.googleapis.com/16/75/20/4df2a1b50edae2/HDA0003661673020000011.png
CN-217428844-U,Automatic dolly of square of pressing grass ,哈尔滨剑桥学院,"马文龙, 许红飞, 李尚堰, 陈庆达, 钟海文, 杨成勇",2022-05-25,2022-05-25,2022-09-16,2022-09-16,https://patents.google.com/patent/CN217428844U/en,https://patentimages.storage.googleapis.com/0a/43/4e/5ebd476deae550/HDA0003661736400000011.png
CN-217416934-U,Tourist attraction all-terrain garbage collection vehicle ,哈尔滨剑桥学院,"王滨生, 郝烁, 王立宽, 杨策, 刘婷",2022-05-06,2022-05-06,2022-09-13,2022-09-13,https://patents.google.com/patent/CN217416934U/en,https://patentimages.storage.googleapis.com/70/90/cb/96f17a414212a0/HDA0003628648010000011.png
CN-217011464-U,Anticollision machine case frame ,哈尔滨剑桥学院,赵菲,2022-04-06,2022-04-06,2022-07-19,2022-07-19,https://patents.google.com/patent/CN217011464U/en,https://patentimages.storage.googleapis.com/33/3b/ba/c7298b1a112d29/HDA0003583441150000011.png
CN-216952391-U,Multifunctional computer support ,哈尔滨剑桥学院,赵菲,2022-04-02,2022-04-02,2022-07-12,2022-07-12,https://patents.google.com/patent/CN216952391U/en,https://patentimages.storage.googleapis.com/98/fa/b3/4ed4d5c02a702d/HDA0003580358300000011.png
CN-217042756-U,Breaker is used in asphalt concrete production ,哈尔滨剑桥学院,"王志臣, 何宏伟, 王双",2021-10-09,2021-10-09,2022-07-26,2022-07-26,https://patents.google.com/patent/CN217042756U/en,https://patentimages.storage.googleapis.com/af/c6/bb/f61d52ed5b19cb/HDA0003295463010000011.png
CN-215135461-U,Portable emotion releasing device for psychological treatment ,哈尔滨剑桥学院,任秀华,2021-03-29,2021-03-29,2021-12-14,2021-12-14,https://patents.google.com/patent/CN215135461U/en,https://patentimages.storage.googleapis.com/54/c8/ef/b48603b2159674/HDA0002997604520000041.png
CN-214796654-U,A multi-functional literary works display device for literal arts teaching ,哈尔滨剑桥学院,刘雪娇,2021-04-26,2021-04-26,2021-11-19,2021-11-19,https://patents.google.com/patent/CN214796654U/en,https://patentimages.storage.googleapis.com/da/e6/3a/acd353f0f3d222/HDA0003040308970000031.png
CN-215153402-U,Instrument for Chinese language and literature teaching ,哈尔滨剑桥学院,刘雪娇,2021-04-24,2021-04-24,2021-12-14,2021-12-14,https://patents.google.com/patent/CN215153402U/en,https://patentimages.storage.googleapis.com/38/b4/52/428da9416ee8c1/HDA0003036484200000031.png
CN-214377202-U,Be suitable for removal demonstration frame that international economy and trade teaching were used ,哈尔滨剑桥学院,张艳芳,2021-04-13,2021-04-13,2021-10-08,2021-10-08,https://patents.google.com/patent/CN214377202U/en,
CN-214212694-U,Double-manipulator conveying device of automatic welding machine ,哈尔滨剑桥学院,"丛昕, 乔金友",2020-12-17,2020-12-17,2021-09-17,2021-09-17,https://patents.google.com/patent/CN214212694U/en,
CN-214763093-U,Psychological behavior training equipment ,哈尔滨剑桥学院,任秀华,2021-04-02,2021-04-02,2021-11-19,2021-11-19,https://patents.google.com/patent/CN214763093U/en,https://patentimages.storage.googleapis.com/45/65/25/f2278d2e799c59/HDA0003005436450000011.png
CN-213965065-U,Adjustable basketball teaching auxiliary device that is used for sports education ,哈尔滨剑桥学院,"王勇, 赵春义",2020-12-08,2020-12-08,2021-08-17,2021-08-17,https://patents.google.com/patent/CN213965065U/en,
CN-213962758-U,Indoor environment design model display stand for environment art design ,哈尔滨剑桥学院,陈奇,2020-11-24,2020-11-24,2021-08-17,2021-08-17,https://patents.google.com/patent/CN213962758U/en,https://patentimages.storage.googleapis.com/79/85/d2/4a15010a821166/HDA0002795898070000011.png
CN-213445061-U,Feeding manipulator ,哈尔滨剑桥学院,张智超,2020-11-09,2020-11-09,2021-06-15,2021-06-15,https://patents.google.com/patent/CN213445061U/en,
CN-213742563-U,Auxiliary device for automobile parking ,哈尔滨剑桥学院,张智超,2020-11-06,2020-11-06,2021-07-20,2021-07-20,https://patents.google.com/patent/CN213742563U/en,https://patentimages.storage.googleapis.com/02/03/19/019349788079d9/HDA0002765518690000012.png
CN-213180654-U,Automobile transverse stabilizer bar endurance test rack ,哈尔滨剑桥学院,张智超,2020-11-05,2020-11-05,2021-05-11,2021-05-11,https://patents.google.com/patent/CN213180654U/en,
CN-213616725-U,Early education robot based on human-computer interaction ,哈尔滨剑桥学院,"蔡洪霞, 陈守孟",2020-10-13,2020-10-13,2021-07-06,2021-07-06,https://patents.google.com/patent/CN213616725U/en,https://patentimages.storage.googleapis.com/1d/4e/c2/e88afde1695423/201013164309.png
CN-213339277-U,Curve ruler for economics teaching ,哈尔滨剑桥学院,刘莹莹,2020-11-24,2020-11-24,2021-06-01,2021-06-01,https://patents.google.com/patent/CN213339277U/en,
CN-213339366-U,Economic data chart multi-angle display device ,哈尔滨剑桥学院,刘莹莹,2020-11-24,2020-11-24,2021-06-01,2021-06-01,https://patents.google.com/patent/CN213339366U/en,
CN-213247505-U,Education is with device of explaining ,哈尔滨剑桥学院,"王璞玉, 徐桐",2020-06-29,2020-06-29,2021-05-25,2021-05-25,https://patents.google.com/patent/CN213247505U/en,
CN-212698087-U,Music book placer convenient to adjust ,哈尔滨剑桥学院,杨洋,2020-06-11,2020-06-11,2021-03-16,2021-03-16,https://patents.google.com/patent/CN212698087U/en,https://patentimages.storage.googleapis.com/d4/03/2c/2006f0d5703fa8/HSA0000211681810000022.png
CN-213594236-U,Warning system for unclosed and unlocked vehicle door ,哈尔滨剑桥学院,"朱礼贵, 李凡, 王海涛",2020-11-24,2020-11-24,2021-07-02,2021-07-02,https://patents.google.com/patent/CN213594236U/en,
CN-114750943-A,Mechanical bird with flapping wing and folding wing ,哈尔滨剑桥学院,"历雪, 焦海洁, 王健, 田金斗, 李贞香, 聂文静, 马超",2022-05-30,2022-05-30,2022-07-15,,https://patents.google.com/patent/CN114750943A/en,https://patentimages.storage.googleapis.com/63/1d/7c/67006be11370ea/HDA0003668024610000011.png
CN-114889811-A,Electric turning and swing reducing composite device for front wheel of airplane and control method ,哈尔滨剑桥学院,"马超, 历雪, 王琼, 赵喆, 段月星, 高腾龙, 吴尚融",2022-05-25,2022-05-25,2022-08-12,,https://patents.google.com/patent/CN114889811A/en,https://patentimages.storage.googleapis.com/cd/32/c7/00460df9522e24/HDA0003661143960000011.png
CN-114889851-A,Temperature trigger type shape memory alloy quick actuating device and control method thereof ,哈尔滨剑桥学院,"马超, 历雪, 王琼, 赵喆, 段月星, 高腾龙, 吴尚融",2022-05-25,2022-05-25,2022-08-12,,https://patents.google.com/patent/CN114889851A/en,https://patentimages.storage.googleapis.com/6c/c7/b5/6c18cc229e58e1/HDA0003661152610000011.png
CN-114792473-A,Traffic signal lamp system based on mathematical analysis model and control method thereof ,哈尔滨剑桥学院,"高珊, 于金刚",2022-04-19,2022-04-19,2022-07-26,,https://patents.google.com/patent/CN114792473A/en,https://patentimages.storage.googleapis.com/c1/29/ea/31ed2e81f11ad1/HDA0003603536240000011.png
GB-202217307-D0,A surgical implement ,Cambridge Univ Hospitals Nhs Foundation Trust,,2022-11-18,2022-11-18,2023-01-04,,https://patents.google.com/patent/GB202217307D0/en,
CN-113682221-A,Automatic rain insensitive device that expandes and draw in and transfer car (buggy) that contains device ,"哈尔滨剑桥学院, 哈尔滨研保科技有限公司","马超, 王志臣, 朱礼贵, 李凡, 郑欣欣, 徐东晖, 卢馨雨, 陈雪, 历雪, 蔺雪瑞, 叶正欣, 康靓, 张智超, 赵丽娜, 陈亮亮, 张儒",2021-09-27,2021-09-27,2021-11-23,,https://patents.google.com/patent/CN113682221A/en,https://patentimages.storage.googleapis.com/82/1d/74/5cc13bf2a32cb0/HDA0003282761750000022.png
GB-202200706-D0,A surgical instrument ,Cambridge Univ Hospitals Nhs Foundation Trust,,2022-01-20,2022-01-20,2022-03-09,,https://patents.google.com/patent/GB202200706D0/en,
CN-114802670-A,Coral ecological health monitoring tour submarine ,哈尔滨剑桥学院,"王琼, 马超, 历雪, 高腾龙, 赵喆, 段月星, 吴尚融",2022-06-02,2022-06-02,2022-07-29,,https://patents.google.com/patent/CN114802670A/en,https://patentimages.storage.googleapis.com/f0/bf/18/1d6e17db64439a/HDA0003675566700000011.png
CN-113230634-A,Badminton trainer is used in teaching ,哈尔滨剑桥学院,"吴瑞巍, 马丹丹, 关文博",2021-06-28,2021-06-28,2021-08-10,,https://patents.google.com/patent/CN113230634A/en,https://patentimages.storage.googleapis.com/91/c4/39/04862014b4a427/HDA0003136658540000021.png
CN-112728029-A,CVT transmission mechanism ,哈尔滨剑桥学院,"朱礼贵, 沙宇, 李凡, 王海金",2020-12-29,2020-12-29,2021-04-30,,https://patents.google.com/patent/CN112728029A/en,https://patentimages.storage.googleapis.com/ff/87/2a/0f7ad595a1a2aa/HDA0002866917900000011.png
CN-114851792-A,Amphibious mine surveys rescue car ,哈尔滨剑桥学院,"马文龙, 苏选, 张红日, 李尚堰, 郝烁, 马跃宁, 白瑞峰",2022-06-07,2022-06-07,2022-08-05,,https://patents.google.com/patent/CN114851792A/en,https://patentimages.storage.googleapis.com/80/3f/c0/e584c5709cc0c3/HDA0003680621320000011.png
CN-111435990-A,Color space encoding method and apparatus ,"华为技术有限公司, 英国剑桥大学","方华猛, 邸佩云, 拉法尔·曼提尔克",2019-01-15,2019-01-15,2020-07-21,,https://patents.google.com/patent/CN111435990A/en,https://patentimages.storage.googleapis.com/fb/50/5d/de1884fcd3c997/HDA0001946333850000012.png
WO-2022008893-A1,Valve assembly ,Cambridge University Hospitals Nhs Foundation Trust,"Andrew HINDMARSH, Gareth CORBETT",2020-07-08,2021-07-06,2022-01-13,,https://patents.google.com/patent/WO2022008893A1/en,
CN-114809751-A,Intelligent pit type side direction parking space ,哈尔滨剑桥学院,"张智超, 郝星宇, 韩轶男, 焦海洁, 孙豪锴, 王菊, 杨慧新",2022-06-08,2022-06-08,2022-07-29,,https://patents.google.com/patent/CN114809751A/en,https://patentimages.storage.googleapis.com/94/6f/a3/0243ebf251cd5b/HDA0003683403820000011.png
CN-114830989-A,Full-automatic desert tree planting vehicle ,哈尔滨剑桥学院,"张智超, 郝星宇, 李凡, 焦海洁, 王智慧, 陈思奇, 李尚堰",2022-06-13,2022-06-13,2022-08-02,,https://patents.google.com/patent/CN114830989A/en,https://patentimages.storage.googleapis.com/7d/07/96/6393f0b5a20168/HDA0003690133110000011.png
CN-115284310-A,Bionic robot ,"哈尔滨剑桥学院, 江西福方科技有限公司","张福利, 赵姝颖, 王滨生, 隋向萍, 刘长勇, 黄昱彤, 郝烁, 杨策, 王立宽, 孙豪锴",2022-07-21,2022-07-21,2022-11-04,,https://patents.google.com/patent/CN115284310A/en,https://patentimages.storage.googleapis.com/2e/3a/15/c478eb19e43459/HDA0003757212380000011.png
WO-2022157511-A1,A deployment applicator for a vacuum therapy device ,Cambridge University Hospitals Nhs Foundation Trust,"Andrew HINDMARSH, Sean LICENCE, Adam Farrow, Richard Ellis, Russell Grimm, Ellie MORRIS",2021-01-22,2022-01-24,2022-07-28,,https://patents.google.com/patent/WO2022157511A1/en,
WO-2022157512-A1,"Vacuum therapy devices, kits and methods ","Medovate Limited, Cambridge University Hospitals Nhs Foundation Trust","Alan FINNERTY, Mark Heath, Robert Donald, Stuart Thomson, Andrew HINDMARSH",2021-01-22,2022-01-24,2022-07-28,,https://patents.google.com/patent/WO2022157512A1/en,
WO-2022269289-A1,Nasogastric tube ,Cambridge University Hospitals Nhs Foundation Trust,Andrew HINDMARSH,2021-06-24,2022-06-24,2022-12-29,,https://patents.google.com/patent/WO2022269289A1/en,
GB-2584985-B,Display devices ,"John Baumberg Jeremy, Univ Of Cambridge, Jennie Nelson","Jeong Hyeon-Ho, Peng Jialong, John Baumberg Jeremy",2019-03-18,2019-03-18,2021-12-08,2021-12-08,https://patents.google.com/patent/GB2584985B/en,
WO-2021040192-A1,System and method for training artificial intelligence model ,"삼성전자 주식회사, 더 챈슬러, 매스터스 앤드 스칼라스 오브 더 유니버시티 오브 캠브리지","이병찬, 나리스닉에릭, 고든조나단, 로바토호세 미구엘 허난데즈, 핀슬러로버트",2019-08-30,2020-05-22,2021-03-04,,https://patents.google.com/patent/WO2021040192A1/en,https://patentimages.storage.googleapis.com/c0/3c/2c/ab90beca27979d/PCTKR2020006689-appb-img-000013.png
US-2022411681-A1,Adhesive Composition ,Cambridge University Hospitals Nhs Foundation Trust,"Andrew Hindmarsh, Alex SKORDOS, Nandita Rahatekar, Vijay Kumar Thakur",2019-11-28,2020-11-30,2022-12-29,,https://patents.google.com/patent/US20220411681A1/en,https://patentimages.storage.googleapis.com/84/c0/41/95e35d0e6c6ccb/US20220411681A1-20221229-D00000.png
CN-210446429-U,Manpower resource performance exhibition stand device ,哈尔滨剑桥学院,田靓,2019-05-20,2019-05-20,2020-05-05,2020-05-05,https://patents.google.com/patent/CN210446429U/en,
CN-210955698-U,Higher mathematics rotating surface demonstrates teaching aid ,哈尔滨剑桥学院,高珊,2019-06-21,2019-06-21,2020-07-07,2020-07-07,https://patents.google.com/patent/CN210955698U/en,
CN-210244751-U,Multi-functional english teaching materials ,哈尔滨剑桥学院,"Xue Cao, 曹雪, Yanbo Cui, 崔艳波",2019-06-28,2019-06-28,2020-04-03,2020-04-03,https://patents.google.com/patent/CN210244751U/en,
CN-210244706-U,Piano playing correction device ,哈尔滨剑桥学院,"Shanshan Li, 李姗姗",2019-07-11,2019-07-11,2020-04-03,2020-04-03,https://patents.google.com/patent/CN210244706U/en,
CN-211195565-U,File classification case for engineering management ,哈尔滨剑桥学院,"陈平, 田洋, 王春燕",2019-07-16,2019-07-16,2020-08-07,2020-08-07,https://patents.google.com/patent/CN211195565U/en,https://patentimages.storage.googleapis.com/59/6f/36/de84ffbc7b4774/190716161338.png
CN-210454186-U,Seal for engineering management ,哈尔滨剑桥学院,"田洋, 王春燕, 陈平",2019-07-18,2019-07-18,2020-05-05,2020-05-05,https://patents.google.com/patent/CN210454186U/en,https://patentimages.storage.googleapis.com/7b/21/39/56342732a1313e/190717115037.png
CN-210539848-U,Filing cabinet for engineering management ,哈尔滨剑桥学院,"陈平, 王春燕, 田洋",2019-07-20,2019-07-20,2020-05-19,2020-05-19,https://patents.google.com/patent/CN210539848U/en,https://patentimages.storage.googleapis.com/72/e4/40/90154b978ff575/190717115842.png
CN-210446230-U,Code scanning payment card frame for accountants ,哈尔滨剑桥学院,"王春燕, 陈平, 田洋",2019-07-22,2019-07-22,2020-05-05,2020-05-05,https://patents.google.com/patent/CN210446230U/en,https://patentimages.storage.googleapis.com/27/a4/ab/02d02cfb4c507c/190717114756.png
CN-211195570-U,English examination paper storage device convenient to it is folding ,哈尔滨剑桥学院,雷隽博,2019-08-21,2019-08-21,2020-08-07,2020-08-07,https://patents.google.com/patent/CN211195570U/en,https://patentimages.storage.googleapis.com/ec/5f/bc/52c33885f9e4f6/190819152950.png
CN-210372641-U,English learning machine fixing device ,哈尔滨剑桥学院,张晓东,2019-08-22,2019-08-22,2020-04-21,2020-04-21,https://patents.google.com/patent/CN210372641U/en,
CN-210377869-U,Portable English vocabulary nearly shape word contrast learning device ,哈尔滨剑桥学院,朱亚丽,2019-08-23,2019-08-23,2020-04-21,2020-04-21,https://patents.google.com/patent/CN210377869U/en,
CN-210727071-U,Portable English outdoor morning reading support ,哈尔滨剑桥学院,雷隽博,2019-08-24,2019-08-24,2020-06-12,2020-06-12,https://patents.google.com/patent/CN210727071U/en,
CN-210295823-U,English data orbit formula display device ,哈尔滨剑桥学院,姜迪,2019-09-03,2019-09-03,2020-04-10,2020-04-10,https://patents.google.com/patent/CN210295823U/en,https://patentimages.storage.googleapis.com/48/fd/a7/9c3353888a1c68/HDA0002190229830000031.png
CN-211210703-U,Ecological landscape green belt ,哈尔滨剑桥学院,梁雪,2019-10-30,2019-10-30,2020-08-11,2020-08-11,https://patents.google.com/patent/CN211210703U/en,https://patentimages.storage.googleapis.com/44/bc/0c/66da81a69fd4ec/HSA0000194356810000012.png
CN-210895855-U,Business english display device ,哈尔滨剑桥学院,"王秋燕, 历晓寒",2019-10-24,2019-10-24,2020-06-30,2020-06-30,https://patents.google.com/patent/CN210895855U/en,https://patentimages.storage.googleapis.com/db/61/42/0458e4a9dfb42a/HDA0002246165450000021.png
CN-212137685-U,Wall-hanging english teaching test is with shielding appearance convenient to installation is firm ,哈尔滨剑桥学院,韩迪,2020-03-09,2020-03-09,2020-12-11,2020-12-11,https://patents.google.com/patent/CN212137685U/en,
CN-211490290-U,Computer motherboard welded fastening device ,哈尔滨剑桥学院,宫洁,2020-01-19,2020-01-19,2020-09-15,2020-09-15,https://patents.google.com/patent/CN211490290U/en,https://patentimages.storage.googleapis.com/94/96/99/c83a3d1c4de206/HDA0002373888580000011.png
CN-211349709-U,Auxiliary device for vocal music exercise ,哈尔滨剑桥学院,赵艳,2020-02-21,2020-02-21,2020-08-25,2020-08-25,https://patents.google.com/patent/CN211349709U/en,https://patentimages.storage.googleapis.com/b2/bd/dd/066ce4004b9513/HDA0002389233620000011.png
CN-211669828-U,English is with teaching show board convenient to adjust show angle ,哈尔滨剑桥学院,韩迪,2020-03-09,2020-03-09,2020-10-13,2020-10-13,https://patents.google.com/patent/CN211669828U/en,https://patentimages.storage.googleapis.com/56/55/4d/25ef4b13f3941e/HDA0002405182970000011.png
CN-211181585-U,Multi-functional business administration is with bulletin board ,哈尔滨剑桥学院,李刚,2020-03-27,2020-03-27,2020-08-04,2020-08-04,https://patents.google.com/patent/CN211181585U/en,https://patentimages.storage.googleapis.com/d0/6f/11/3edb8cf9b7969c/HDA0002428052620000011.png
CN-211628847-U,Power transformer mounting structure ,哈尔滨剑桥学院,"崔莉, 刘媛媛, 周跃佳",2020-04-01,2020-04-01,2020-10-02,2020-10-02,https://patents.google.com/patent/CN211628847U/en,https://patentimages.storage.googleapis.com/07/80/e4/90facf8daad4f9/200401144909.png
CN-212422666-U,Frame format exercise equipment with English repeated writing exercise ,哈尔滨剑桥学院,"潘春英, 于琰",2020-05-28,2020-05-28,2021-01-29,2021-01-29,https://patents.google.com/patent/CN212422666U/en,https://patentimages.storage.googleapis.com/fd/85/a7/ec20ae2bfbbec6/HDA0002513378000000021.png
CN-212156413-U,Shell support of translation equipment ,哈尔滨剑桥学院,于琰,2020-06-03,2020-06-03,2020-12-15,2020-12-15,https://patents.google.com/patent/CN212156413U/en,
