search URL:,https://patents.google.com/?assignee=Univ+Edinburgh&after=filing:20100101&language=ENGLISH
id,title,assignee,inventor/author,priority date,filing/creation date,publication date,grant date,result link,representative figure link
JP-2020010692-A,Genetically modified animals and methods for making the same ,"リコンビネティクス・インコーポレイテッドＲｅｃｏｍｂｉｎｅｔｉｃｓ，Ｉｎｃ．, Recombinetics Inc, リコンビネティクス・インコーポレイテッド, ザ・ユニバーシティ・コート・オブ・ザ・ユニバーシティ・オブ・エディンバラＴｈｅ Ｕｎｉｖｅｒｓｉｔｙ Ｃｏｕｒｔ ｏｆ ｔｈｅ Ｕｎｉｖｅｒｓｉｔｙ ｏｆ Ｅｄｉｎｂｕｒｇｈ, Univ Court Of The Univ Of Edinburgh, ザ・ユニバーシティ・コート・オブ・ザ・ユニバーシティ・オブ・エディンバラ","スコット・シー・ファーレンクラッグ, C Fahrenkrug Scott, ダニエル・エフ・カールソン, f carlson Daniel, クリストファー・ブルース・アレクサンダー・ホワイトロー, Bruce Alexander Whitelaw Christopher, クリストファー・ジェイムズ・パルグレイブ, James Palgrave Christopher, サイモン・ジェフリー・リリコ, Geoffrey LILLICO Simon",2011-02-25,2019-08-23,2020-01-23,,https://patents.google.com/patent/JP2020010692A/en,https://patentimages.storage.googleapis.com/5a/a4/0c/a41c5f0be95c35/2020010692-3.png
EP-2540123-B1,Enhanced spatial modulation ,The University Court Of The University of Edinburgh,"Harald Haas, Marco Di Renzo",2010-02-23,2011-02-22,2016-05-25,2016-05-25,https://patents.google.com/patent/EP2540123B1/en,https://patentimages.storage.googleapis.com/d7/25/41/4330913b0968d4/imgf0001.png
US-9178100-B2,Single photon avalanche diode for CMOS circuits ,"Stmicroelectronics (Research & Development) Limited, The University Court Of The University Of Edinburgh","Eric Alexander Garner Webster, Robert Kerr Henderson",2010-09-08,2011-09-08,2015-11-03,2015-11-03,https://patents.google.com/patent/US9178100B2/en,https://patentimages.storage.googleapis.com/34/c3/77/178f1826b84862/US09178100-20151103-D00000.png
US-9275432-B2,"Method of, and apparatus for, registration of medical images ","Toshiba Medical Systems Corporation, The University Court Of The University Of Edinburgh","Chengjia WANG, Keith GOATMAN, Scott SEMPLE",2013-11-11,2013-11-11,2016-03-01,2016-03-01,https://patents.google.com/patent/US9275432B2/en,https://patentimages.storage.googleapis.com/ad/49/9b/a8a5e2f62a58ff/US09275432-20160301-D00000.png
US-9309495-B2,Neural stem cells ,The University Court Of The University Of Edinburgh,"Luciano Conti, Steven Michael Pollard, Austin Gerard Smith",2004-06-09,2014-07-21,2016-04-12,2016-04-12,https://patents.google.com/patent/US9309495B2/en,https://patentimages.storage.googleapis.com/86/48/e5/6e0e6bf8c7525b/US09309495-20160412-D00001.png
US-9854790-B2,"Domain 5 of CD163 for use in antiviral compositions against PRRS, and transgenic animals ",The University Court Of The University Of Edinburgh,"Tahar Ait-Ali, Simon Lillico, Alan Archibald, Christopher Bruce Alexander Whitelaw",2013-07-24,2014-07-24,2018-01-02,2018-01-02,https://patents.google.com/patent/US9854790B2/en,https://patentimages.storage.googleapis.com/48/35/bf/bf1a21135f4dae/US09854790-20180102-D00001.png
US-2019216063-A1,Genetically Edited Animal ,The University Court Of The University Of Edinburgh,"Christopher Bruce Alexander Whitelaw, Christopher James Palgrave, Simon Geoffrey LILLICO",2012-09-12,2019-04-01,2019-07-18,,https://patents.google.com/patent/US20190216063A1/en,https://patentimages.storage.googleapis.com/73/93/5d/d6ca6dc25dc5c2/US20190216063A1-20190718-D00001.png
US-2020116838-A1,Photon Sensor Apparatus ,The University Court Of The University Of Edinburgh,"Ahmet Erdogan, Robert Henderson, Richard Walker",2016-12-30,2017-12-28,2020-04-16,,https://patents.google.com/patent/US20200116838A1/en,https://patentimages.storage.googleapis.com/4f/2f/13/a3a563d51c8700/US20200116838A1-20200416-D00000.png
US-10396894-B2,Communication apparatus and method ,The University Court Of The University Of Edinburgh,"Harald Haas, Sinan Sinanovic, Dobroslav Tsonev",2011-11-04,2017-04-14,2019-08-27,2019-08-27,https://patents.google.com/patent/US10396894B2/en,https://patentimages.storage.googleapis.com/bb/68/5e/bfa94707555dd0/US10396894-20190827-D00000.png
US-2020054466-A1,Prosthetic feedback apparatus and method ,"Touch Bionics Limited, The University Court Of The University Of Edinburgh","Hugh Gill, Sethu Vijayakumar, Ian Saunders",2011-08-18,2019-08-26,2020-02-20,,https://patents.google.com/patent/US20200054466A1/en,https://patentimages.storage.googleapis.com/ca/da/d5/407a7560035480/US20200054466A1-20200220-D00000.png
US-9834549-B2,"3,3-disubstituted-(8-aza-bicyclo[3.2.1]OCT-8-yl)-[5-(1H-pyrazol-4-yl)-thiophen-3-yl]-methanones as inhibitors of 11 (β)-HSD1 ",The University Of Edinburgh,"Scott Peter Webster, Jonathan Robert Seckl, Brian Robert Walker, Peter Ward, Thomas David Pallin, Hazel Joan Dyke, Trevor Robert Perrior",2010-04-29,2016-05-13,2017-12-05,2017-12-05,https://patents.google.com/patent/US9834549B2/en,
US-9171985-B2,Pixel circuit with controlled capacitor discharge time of flight measurement ,Stmicroelectronics (Research & Development) Limited,"Neale Dutton, Robert K. Henderson",2012-11-02,2013-10-30,2015-10-27,2015-10-27,https://patents.google.com/patent/US9171985B2/en,https://patentimages.storage.googleapis.com/8a/76/39/a387b443ec4af1/US09171985-20151027-D00000.png
EP-2485645-B1,Apparatus and method for testing sustained attention and delirium ,The University Court Of The University of Edinburgh,"Alasdair Maclullich, Lara Brown, Jonathan Adler",2009-10-07,2010-10-07,2016-11-23,2016-11-23,https://patents.google.com/patent/EP2485645B1/en,https://patentimages.storage.googleapis.com/f1/f0/c4/18711c1b975f9d/imgf0001.png
US-8759104-B2,Cationic lipids ,The University Court Of The University Of Edinburgh,"Asier Unciti-Broceta, Aleksandra Liberska, Mark Bradley",2010-05-18,2011-05-17,2014-06-24,2014-06-24,https://patents.google.com/patent/US8759104B2/en,https://patentimages.storage.googleapis.com/b2/e3/03/51d30259a4539f/US08759104-20140624-D00001.png
US-8614209-B2,Amido-thiophene compounds and their use ,The University Of Edinburgh,"Scott Peter Webster, Jonathan Robert Seckl, Brian Robert Walker, Peter Ward, Thomas David Pallin, Hazel Joan Dyke, Trevor Robert Perrior",2008-03-13,2012-09-13,2013-12-24,2013-12-24,https://patents.google.com/patent/US8614209B2/en,
US-9313434-B2,Pixel circuit with capacitor discharge indicative of number of events ,Stmicroelectronics (Research & Development) Limited,"Neale Dutton, Robert Kerr Henderson",2012-11-02,2013-10-30,2016-04-12,2016-04-12,https://patents.google.com/patent/US9313434B2/en,https://patentimages.storage.googleapis.com/6a/c3/0f/e7a5a69fefb669/US09313434-20160412-D00000.png
US-2013333058-A1,Pluripotent Cells From Rat and Other Species ,The University Court Of The University Of Edinburgh,"Qi-Long Ying, Austin Gerard Smith",2006-08-01,2013-04-05,2013-12-12,,https://patents.google.com/patent/US20130333058A1/en,https://patentimages.storage.googleapis.com/79/f9/c6/79306d5961b2cb/US20130333058A1-20131212-D00001.png
US-9862801-B2,"Polymers, their method of manufacture and use thereof ",The University Court Of The University Of Edinburgh,"Neil Bruce McKeown, Mariolino Carta",2010-09-15,2015-11-05,2018-01-09,2018-01-09,https://patents.google.com/patent/US9862801B2/en,
US-11190274-B2,Communication scheme for intensity modulated systems ,The University Court Of The University Of Edinburg,"Mohamed Sufyan Islim, Harald Haas",2016-05-23,2017-05-22,2021-11-30,2021-11-30,https://patents.google.com/patent/US11190274B2/en,https://patentimages.storage.googleapis.com/c4/71/bd/49760dc47a7d46/US11190274-20211130-D00000.png
EP-2616493-B1,Polymerisation method ,The University Court Of The University of Edinburgh,"Neil Bruce Mckeown, Mariolino Carta, Matthew James Croad",2010-09-15,2011-09-12,2020-07-01,2020-07-01,https://patents.google.com/patent/EP2616493B1/en,
US-10135528-B2,Receiver for communications systems ,The University Court Of The University Of Edinburgh,"Dobroslav Tsonev, Harald Haas, Zixiong Wang, Stefan I. Videv, Tom Higgison",2013-12-02,2014-12-02,2018-11-20,2018-11-20,https://patents.google.com/patent/US10135528B2/en,https://patentimages.storage.googleapis.com/db/79/fd/8b30f288b47400/US10135528-20181120-D00000.png
US-11360103-B2,Alpha-synuclein detection assay and method for diagnosing alpha- synucleinopathies ,The University Court Of The University Of Edinburgh,"Alison Green, Graham Fairfoul",2016-07-07,2021-08-23,2022-06-14,2022-06-14,https://patents.google.com/patent/US11360103B2/en,https://patentimages.storage.googleapis.com/b0/b3/20/0cb65a506130ed/US11360103-20220614-D00001.png
US-11269641-B2,Branch target buffer for a data processing apparatus ,The University Court Of The University Of Edinburgh,"Rakesh Kumar, Boris Grot, Vijay Nagarajan, Cheng Chieh Huang",2017-02-03,2018-02-01,2022-03-08,2022-03-08,https://patents.google.com/patent/US11269641B2/en,https://patentimages.storage.googleapis.com/72/b6/51/fcea0f96c2e16c/US11269641-20220308-D00000.png
US-9989658-B2,"Method of, and apparatus for, processing positron emission tomography data ",The University Court Of The University Of Edinburgh,"Gary Douglas Smith, Daniel Watts",2014-12-12,2017-06-12,2018-06-05,2018-06-05,https://patents.google.com/patent/US9989658B2/en,https://patentimages.storage.googleapis.com/f7/00/96/f892c4742d33dd/US09989658-20180605-D00000.png
US-2019159663-A1,Endoscopic imaging apparatus and method ,The University Court Of The University Of Edinburgh,"Nikola Krstajic, Kev Dhaliwal",2016-04-06,2017-04-06,2019-05-30,,https://patents.google.com/patent/US20190159663A1/en,https://patentimages.storage.googleapis.com/43/d9/38/768092086696b4/US20190159663A1-20190530-D00000.png
EP-2477983-B1,(4-phenyl-piperidin-1-yl)-[5-1h-pyrazol-4yl)-thiophen-3-yl]-methanone compounds and their use ,The University Of Edinburgh,"Scott Peter Webster, Jonathan Robert Seckl, Brian Robert Walker, Peter Ward, Thomas David Pallin, Hazel Joan Dyke, Trevor Robert Perrior",2009-09-16,2010-09-14,2015-04-15,2015-04-15,https://patents.google.com/patent/EP2477983B1/en,
CY-1118204-T1,METHOD AND EQUIPMENT FOR POLLUTION TREATMENT ,The University Court Of The University Of Edinburgh,"Jason Gerhard, Jose Torero, Paolo Pironi, Christine Swizter, Guillermo Rein",2005-12-10,2016-10-31,2017-06-28,,https://patents.google.com/patent/CY1118204T1/en,
US-2014191115-A1,Spad sensor circuit with biasing circuit ,"The University Court Of The Uniersity Of Edinburgh, Stmicroelectronics (Research & Development) Limited","Eric Alexander Garner Webster, Robert K. Henderson",2013-01-09,2014-01-08,2014-07-10,,https://patents.google.com/patent/US20140191115A1/en,https://patentimages.storage.googleapis.com/c1/9b/b9/ea04ad3fb1a6e7/US20140191115A1-20140710-D00000.png
US-10236993-B2,Transmission scheme for communications systems ,The University Court Of The University Of Edinburgh,"Harald Haas, Dobroslav Tsonev",2013-09-13,2014-09-12,2019-03-19,2019-03-19,https://patents.google.com/patent/US10236993B2/en,https://patentimages.storage.googleapis.com/cf/68/3f/ada99d4e338f81/US10236993-20190319-D00000.png
WO-2016132122-A1,Assay construct ,University Of Edinburgh,Richard AXTON,2015-02-17,2016-02-17,2016-08-25,,https://patents.google.com/patent/WO2016132122A1/en,
US-10858402-B2,Synthetic multiphase systems ,The University Court Of The University Of Edinburgh,"Cait MacPhee, Nicola STANLEY-WALL, Keith Bromley, Ryan Morris, Laura HOBLEY",2014-08-19,2020-01-07,2020-12-08,2020-12-08,https://patents.google.com/patent/US10858402B2/en,https://patentimages.storage.googleapis.com/cc/ef/92/c461272188425f/US10858402-20201208-D00001.png
JP-2019014727-A,Optical imaging probes ,"ザ ユニバーシティー コート オブ ザ ユニバーシティー オブ エジンバラＴｈｅ Ｕｎｉｖｅｒｓｉｔｙ Ｃｏｕｒｔ Ｏｆ Ｔｈｅ Ｕｎｉｖｅｒｓｉｔｙ Ｏｆ Ｅｄｉｎｂｕｒｇｈ, Univ Court Of The Univ Of Edinburgh, ザ  ユニバーシティー  コート  オブ  ザ  ユニバーシティー  オブ  エジンバラ","ワルトン タシュフェン, Walton Tashfeen, ワルトン タシュフェン, ブラッドリー マーク, Bradley Mark, ブラッドリー マーク, ダリワル ケブ, Dhaliwal Kev, ダリワル ケブ, アヴィロニティス ニコラス, Avlonitis Nikolaos, アヴィロニティス ニコラス, ハスレット クリス, Haslett Chris, ハスレット クリス, マクドナルド ネイル, Mcdonald Neil, マクドナルド ネイル, デブネ マニュエル, Debunne Manuelle, デブネ マニュエル",2011-04-08,2018-09-21,2019-01-31,,https://patents.google.com/patent/JP2019014727A/en,
JP-2020039342-A,Proteins with diagnostic and therapeutic uses ,"ザ ユニバーシティー コート オブ ザ ユニバーシティー オブ エジンバラＴｈｅ Ｕｎｉｖｅｒｓｉｔｙ Ｃｏｕｒｔ Ｏｆ Ｔｈｅ Ｕｎｉｖｅｒｓｉｔｙ Ｏｆ Ｅｄｉｎｂｕｒｇｈ, Univ Court Of The Univ Of Edinburgh, ザ  ユニバーシティー  コート  オブ  ザ  ユニバーシティー  オブ  エジンバラ","ピーター ハーバート アンドルー, peter herbert Andrew, ピーター  ハーバート アンドルー, バーロー ポール, Barlow Paul, バーロー ポール, マコー エリザベト, MAKOU Elisavet, マコー エリザベト",2013-10-14,2019-10-28,2020-03-19,,https://patents.google.com/patent/JP2020039342A/en,
US-9725697-B2,"Chondrogenic progenitor cells, protocol for derivation of cells and uses thereof ",The University Court Of The University Of Edinburgh,"Brendon Stewart Noble, David Matthew Pier",2010-04-08,2015-05-11,2017-08-08,2017-08-08,https://patents.google.com/patent/US9725697B2/en,https://patentimages.storage.googleapis.com/11/71/fb/61f228ebb7979f/US09725697-20170808-D00001.png
JP-2013066495-A,"Culture medium containing kinase inhibitor, and use thereof ","Univ Court Of The Univ Of Edinburgh, ザ・ユニバーシティ・コート・オブ・ザ・ユニバーシティ・オブ・エディンバラ","Qi-Long Ying, イン，クィ−ロン, Austin G Smith, ゲラルド スミス，オースティン",2006-03-30,2013-01-24,2013-04-18,,https://patents.google.com/patent/JP2013066495A/en,https://patentimages.storage.googleapis.com/b3/08/6a/845e467fdc433c/2013066495-4.png
JP-2015143698-A,Nucleobase characterization ,"ユニヴァーシティ コート オブ ザユニバーシティ オブ エディンバラ, Univ Court Of The Univ Of Edinburgh, ユニヴァーシティ  コート  オブ  ザ  ユニバーシティ  オブ  エディンバラ","ブラッドリー マーク, Bradley Mark, ブラッドリー マーク, ジェイ ディアズ−モコン ジュアン, J Diaz-Mochon Juan, ジェイ  ディアズ−モコン ジュアン",2007-09-19,2015-03-10,2015-08-06,,https://patents.google.com/patent/JP2015143698A/en,
JP-2022077991-A,"Medical image processing apparatus, medical image processing method, medical image processing program, model training apparatus, and training method ","ザ ユニバーシティ コート オブ ザ ユニバーシティ オブ エジンバラ, Univ Court Of The Univ Of Edinburgh, キヤノンメディカルシステムズ株式会社, Canon Medical Systems Corp","スピリドン・セルモス, Thermos Spyridon, ソティリオス・ツァフタリス, Tsaftaris Sotirios, アリソン・オニール, O'neil Alison",2020-11-12,2021-11-08,2022-05-24,,https://patents.google.com/patent/JP2022077991A/en,https://patentimages.storage.googleapis.com/04/aa/e8/e7714a9590b4d3/2022077991000026.png
GB-2526339-A,Lentiviral vectors ,"Imp Innovations Ltd, Imperial College, Univ Oxford, Univ Edinburgh, Dnavec Corp","Eric Walter Frederick Wolfgang Alton, Uta Griesenbach, Kamila Malgorzata Pytel, Michael Christian Paul-Smith, Ian Andrew Pringle, Stephen Clarles Hyde, Deborah Rebecca Gill, Lee Adrian Davies, Alan Christopher Boyd, Gerard Mclachlan, Makoto Inoue",2014-05-21,2014-05-21,2015-11-25,,https://patents.google.com/patent/GB2526339A/en,
CN-110869385-A,MeCP2 expression cassette ,"爱丁堡大学董事会, 格拉斯哥大学理事会","艾德里安·伯德, 丽贝卡·蒂洛森, 斯图亚特·罗伯特·科布, 拉尔夫·大卫·赫克特",2017-03-24,2018-03-23,2020-03-06,,https://patents.google.com/patent/CN110869385A/en,https://patentimages.storage.googleapis.com/81/26/ac/eaa5443cbb564c/HDA0002284623460000011.png
WO-2016135507-A1,Nucleic acid editing systems ,University Of Edinburgh,Richard AXTON,2015-02-27,2016-02-26,2016-09-01,,https://patents.google.com/patent/WO2016135507A1/en,
WO-2010094960-A1,A method and system of enhanced performance in communication systems ,"The University Court Of The University Of Edinburgh, Jacobs University Bremen Ggmbh","Harald Haas, Raed Mesleh, Irina Stefan, Peter Mitchell Grant",2009-02-18,2010-02-17,2010-08-26,,https://patents.google.com/patent/WO2010094960A1/en,
US-D645468-S,User interface device ,The University Court Of The University Of Edinburgh,"David John Skulina, Benjaman Warren Schögler",2010-02-03,2010-02-03,2011-09-20,2011-09-20,https://patents.google.com/patent/USD645468S1/en,https://patentimages.storage.googleapis.com/3e/b6/9f/a35baa1f05059e/USD0645468-20110920-D00000.png
US-2013172769-A1,"Method, apparatus, computer program and system for measuring oscillatory motion ",The University Court Of The University Of Edinburgh,"Damal Arvind, Andrew Bates",2010-06-04,2011-05-16,2013-07-04,,https://patents.google.com/patent/US20130172769A1/en,https://patentimages.storage.googleapis.com/d0/31/38/7f6f19de008eb8/US20130172769A1-20130704-D00000.png
US-2018112193-A1,Csf1 therapeutics ,University Court Of The University Of Edinburgh,"Stuart Forbes, David Hume, Ben Stutchfield, Deborah Gow, Graeme Bainbridge, Theodore Oliphant, Thomas L. Wilson",2013-02-28,2017-09-08,2018-04-26,,https://patents.google.com/patent/US20180112193A1/en,https://patentimages.storage.googleapis.com/4e/d2/17/22a14a5c1c0cdd/US20180112193A1-20180426-D00001.png
AU-2019222839-A1,"Filarial nematode vaccines, polypeptides, and nucleic acids ","Edinburgh University, The University Of Liverpool","Stuart Armstrong, Simon BABAYAN, Mark BLAXTER, Ben MAKEPEACE, David Taylor",2014-02-11,2019-08-28,2019-09-19,,https://patents.google.com/patent/AU2019222839A1/en,
CN-112292358-A,Coherent imaging fiber and method ,爱丁堡大学董事会,"哈利·A·C·伍德, 詹姆斯·M·斯通, 克里安·哈林顿",2018-06-20,2019-06-20,2021-01-29,,https://patents.google.com/patent/CN112292358A/en,https://patentimages.storage.googleapis.com/23/01/05/b533f43fe1c59f/HDA0002839015250000011.png
GB-201321260-D0,Communication apparatus and method ,Univ Edinburgh,,2013-12-02,2013-12-02,2014-01-15,,https://patents.google.com/patent/GB201321260D0/en,
US-2015252323-A1,Regionalised endoderm cells and uses thereof ,The University Court Of The University Of Edinburgh,"Gillian M. Morrison, Joshua M. Brickman, Ifigenia Oikonomopoulou",2007-08-24,2015-03-12,2015-09-10,,https://patents.google.com/patent/US20150252323A1/en,https://patentimages.storage.googleapis.com/1e/5f/b0/8d5bef44f24671/US20150252323A1-20150910-D00001.png
GB-201402599-D0,Client server communication system ,Univ Edinburgh,,2014-02-14,2014-02-14,2014-04-02,,https://patents.google.com/patent/GB201402599D0/en,
GB-201502744-D0,Satellite image processing ,Univ Edinburgh,,2015-02-18,2015-02-18,2015-04-01,,https://patents.google.com/patent/GB201502744D0/en,
GB-201122324-D0,Antenna element & antenna device comprising such elements ,Univ Edinburgh,,2011-12-23,2011-12-23,2012-02-01,,https://patents.google.com/patent/GB201122324D0/en,
GB-201802815-D0,Branch target buffer arrangement for instruction prefetching ,Univ Edinburgh,,2018-02-21,2018-02-21,2018-04-04,,https://patents.google.com/patent/GB201802815D0/en,
US-2015139975-A1,Recombinant factor h and variants and conjugates thereof ,University Court Of The University Of Edinburgh,"Christoph Schmidt, Paul N. Barlow, Anna Richards",2009-12-24,2014-11-14,2015-05-21,,https://patents.google.com/patent/US20150139975A1/en,https://patentimages.storage.googleapis.com/a5/6b/97/f6849ccf2a13af/US20150139975A1-20150521-D00001.png
GB-201504778-D0,Optical probes for matrix metalloproteinases ,Univ Edinburgh,,2015-03-20,2015-03-20,2015-05-06,,https://patents.google.com/patent/GB201504778D0/en,
GB-201406259-D0,Molecular predictors of neonatal sepsis ,Univ Edinburgh,,2014-04-07,2014-04-07,2014-05-21,,https://patents.google.com/patent/GB201406259D0/en,
GB-2480210-A,Locating electromagnetic signal sources ,Univ Edinburgh,"Tughrul Sati Arslan, Zankar Upendrakumar Sevak, Firas Alsehly",2009-12-23,2010-12-23,2011-11-09,,https://patents.google.com/patent/GB2480210A/en,
GB-201314055-D0,Multiple Event Time to Digital Converter ,"Univ Edinburgh, St Microelectronics Res & Dev",,2013-08-06,2013-08-06,2013-09-18,,https://patents.google.com/patent/GB201314055D0/en,
GB-201110042-D0,Growth of cells ,Univ Edinburgh,,2011-06-14,2011-06-14,2011-07-27,,https://patents.google.com/patent/GB201110042D0/en,
EP-2926479-A2,Communication apparatus and method ,The University Court Of The University of Edinburgh,"Dobroslav TSONEV, Sinan Sinanovic, Harald Haas",2012-11-30,2013-11-29,2015-10-07,,https://patents.google.com/patent/EP2926479A2/en,
US-2019060262-A1,Enhanced expression of rna vectors ,University Court Of The University Of Edinburgh,Peter Simmonds,2013-03-25,2018-09-05,2019-02-28,,https://patents.google.com/patent/US20190060262A1/en,https://patentimages.storage.googleapis.com/88/e9/aa/8b1cd50f53b226/US20190060262A1-20190228-D00001.png
GB-201708643-D0,Optical wireless communications system ,Univ Edinburgh,,2017-05-31,2017-05-31,2017-07-12,,https://patents.google.com/patent/GB201708643D0/en,
GB-201804255-D0,Macrophage-based therapy ,"Univ Edinburgh, Common Services Agency",,2018-03-16,2018-03-16,2018-05-02,,https://patents.google.com/patent/GB201804255D0/en,
EP-2598519-A1,Anti-viral agent ,The University Court Of The University of Edinburgh,"Anthony Nash, Bernadette Dutia, Mark Stevens",2010-07-28,2011-07-28,2013-06-05,,https://patents.google.com/patent/EP2598519A1/en,
US-2012250637-A1,Inter-Carrier Modulation ,The University Court Of The University Of Edinburgh,"Harald Haas, Rami Ismail Taha Abu-Alhiga",2009-09-11,2010-09-10,2012-10-04,,https://patents.google.com/patent/US20120250637A1/en,https://patentimages.storage.googleapis.com/5b/f3/f0/9e0fa7f6391636/US20120250637A1-20121004-D00000.png
GB-202003857-D0,A distributed network traffic data decomposition method ,Univ Edinburgh,,2020-03-17,2020-03-17,2020-04-29,,https://patents.google.com/patent/GB202003857D0/en,
US-2015274764-A1,Galactoside Inhibitor of Galectin-3 and its use for Treating Pulmonary Fibrosis ,Galecto Biotech Ab,"Ulf Nilsson, Hakon Leffler, Neil Henderson, Tariq Sethi, Alison Mackinnon",2011-04-19,2013-10-30,2015-10-01,,https://patents.google.com/patent/US20150274764A1/en,https://patentimages.storage.googleapis.com/ae/04/d4/0f3330f1eee045/US20150274764A1-20151001-D00001.png
JP-2021140769-A,"Medical information processing apparatus, medical information processing method, and medical information processing program ","ザ ユニバーシティ コート オブ ザ ユニバーシティ オブ エジンバラ, Univ Court Of The Univ Of Edinburgh, ザ  ユニバーシティ  コート  オブ  ザ  ユニバーシティ  オブ  エジンバラ, キヤノンメディカルシステムズ株式会社, Canon Medical Systems Corp","グルジェゴルツ・ヤツェンコフ, Jacenkow Grzegorz, ソティリオス・ツァフタリス, Tsaftaris Sotirios, ブライアン・モー, Brian Mohr, アリソン・オニール, O'neil Alison, アネタ・リソフスカ, Lisowska Aneta",2020-03-03,2021-02-15,2021-09-16,,https://patents.google.com/patent/JP2021140769A/en,https://patentimages.storage.googleapis.com/9f/bc/8f/53e52f3d91803c/2021140769-7.png
WO-2012052854-A2,Plant cell lines and methods of isolating the same ,"Unhwa Corporation, University Of Edinburgh","Eun Kyong Lee, Young Woo Jin, Joong Hyun Park, Il Seok Oh, Min Jung Lim, Gary John Loake, Byung-Wook Yun, Thomas Waibel",2010-10-23,2011-10-24,2012-04-26,,https://patents.google.com/patent/WO2012052854A2/en,
GB-201707239-D0,Optical system and method ,Univ Edinburgh,,2017-05-05,2017-05-05,2017-06-21,,https://patents.google.com/patent/GB201707239D0/en,
WO-2015198054-A1,Novel treatment for endometriosis ,The University Court Of The University Of Edinburgh,"Michael Joseph FINNEN, Erin GREAVES",2014-06-27,2015-06-25,2015-12-30,,https://patents.google.com/patent/WO2015198054A1/en,
US-8565175-B2,Out-of-group interference reduction in wireless communication systems ,Fujitsu Limited,"Yiwei FANG, John Thompson",2010-09-06,2011-09-06,2013-10-22,2013-10-22,https://patents.google.com/patent/US8565175B2/en,https://patentimages.storage.googleapis.com/e4/6c/d4/d36409d4f7217d/US08565175-20131022-D00000.png
WO-2014067986-A1,Galactoside inhibitor of galectin-3 and its use for treating pulmonary fibrosis ,"Galecto Biotech Ab, University Of Edinburgh","Ulf Nilsson, Hakon Leffler, Neil Henderson, Tariq Sethi, Alison Mackinnon",2012-10-31,2013-10-30,2014-05-08,,https://patents.google.com/patent/WO2014067986A1/en,
IL-206014-A,Gene expression markers for inflammatory bowel disease ,"Genentech Inc, Univ Edinburgh Of Old College",,2007-11-29,2010-05-27,2014-07-31,,https://patents.google.com/patent/IL206014A/en,
WO-2015124921-A1,Methods and uses for determining the presence of inflammatory bowel disease ,The University Court Of The University Of Edinburgh,"Alexander Adams, Nicholas T VENTHAM, Nicholas A KENNEDY, Elaine NIMMO, Jack Satsangi",2014-02-19,2015-02-18,2015-08-27,,https://patents.google.com/patent/WO2015124921A1/en,
WO-2014191712-A1,A method of analyzing radio-frequencv signals using sub-nyquist sampling ,The University Court Of The University Of Edinburgh,"Michael Evan Davies, Michael LEXA, Fabien MILLIOZ, Mehrdad YAHGOOBI",2013-05-31,2014-05-30,2014-12-04,,https://patents.google.com/patent/WO2014191712A1/en,
CN-113196105-A,Digital pixel ,"感觉光子公司, 爱丁堡大学管理部门","罗伯特·亨德森, 豪德·芬克尔斯坦",2018-11-19,2019-11-19,2021-07-30,,https://patents.google.com/patent/CN113196105A/en,https://patentimages.storage.googleapis.com/af/08/80/8d890518f5a989/HDA0003111733250000041.png
CN-113260874-A,Method and system for spatially distributed gating ,"感觉光子公司, 爱丁堡大学管理部门","罗伯特·亨德森, 豪德·芬克尔斯坦, 尼尔·考尔德, 塔雷克·阿尔·阿巴斯",2018-11-20,2019-11-20,2021-08-13,,https://patents.google.com/patent/CN113260874A/en,https://patentimages.storage.googleapis.com/fb/e8/4d/330e9062db08fd/HDA0003140616940000021.png
US-2014242690-A1,Cystic fibrosis treatment ,"The Chancellor Masters And Scholars Of The University Of Oxford, The University Court Of The University Of Edinburgh, Imperial Innovations Ltd","Eric Walter Frederick Wolfgang Alton, Jane Carolyn Davies, Uta Griesenbach, Stephen Hyde, Deborah Gill, Lee Davies, David John Porteous, Alan Christopher Boyd, Alastair Innes",2011-10-28,2012-10-29,2014-08-28,,https://patents.google.com/patent/US20140242690A1/en,https://patentimages.storage.googleapis.com/59/f3/ff/90a4a7b6a9e874/US20140242690A1-20140828-D00001.png
WO-2012152912-A1,Genetically modified pig as a cancer prone model ,"Newvectys, The University Court Of The University Of Edinburgh, Fundacio Privada Centre De Regulacio Genomica","Chamsy Sarkis, Mark Isalan, Christopher Bruce Alexander Whitelaw, Nicolas GRANDCHAMP",2011-05-12,2012-05-11,2012-11-15,,https://patents.google.com/patent/WO2012152912A1/en,
US-2022298125-A1,3-(5-chloro-2-oxobenzo[d]oxazol-3(2h)-yl) propanoic acid derivatives as kmo inhibitors ,The University Court Of The University Of Edinburgh,"Anne Marie Jeanne Bouillot, Olivier Mirguet, John Liddle, Anne Louise WALKER",2013-12-19,2022-06-02,2022-09-22,,https://patents.google.com/patent/US20220298125A1/en,
US-2018362473-A1,Bioorthogonal methods and compounds ,The University Court Of The University Of Edinburgh,"Asier Unciti-Broceta, Jason Weiss",2013-06-21,2018-05-11,2018-12-20,,https://patents.google.com/patent/US20180362473A1/en,https://patentimages.storage.googleapis.com/f7/6e/92/7291c2ae00ebdd/US20180362473A1-20181220-D00000.png
CN-115210601-A,Pipelined histogram pixels ,"感应光子公司, 爱丁堡大学董事会","R·亨德森, 阿巴斯 T·阿尔, D·斯托拉",2020-01-09,2021-01-07,2022-10-18,,https://patents.google.com/patent/CN115210601A/en,https://patentimages.storage.googleapis.com/27/49/30/7828367e443d18/862194.png
US-2020284884-A1,Extended dynamic range and reduced power imaging for lidar detector arrays ,"The University Court Of The University Of Edinburgh, Sense Photonics, Inc.","Robert Henderson, Tarek Al Abbas, Neil Calder, Hod Finkelstein",2019-03-06,2020-03-05,2020-09-10,,https://patents.google.com/patent/US20200284884A1/en,https://patentimages.storage.googleapis.com/52/c0/ac/79ce3257a3bad2/US20200284884A1-20200910-D00000.png
US-2020233068-A1,Digital pixels and operating methods thereof ,"The University Court Of The University Of Edinburgh, Sense Photonics, Inc.","Robert Henderson, Tarek Al Abbas, Neil Calder",2019-01-18,2020-01-17,2020-07-23,,https://patents.google.com/patent/US20200233068A1/en,https://patentimages.storage.googleapis.com/a6/60/7b/77e0b50b0fe7b7/US20200233068A1-20200723-D00000.png
GB-201611819-D0,Imaging method and apparatus ,Univ Court Of The Univ Of Edinburgh The,,2016-07-07,2016-07-07,2016-08-17,,https://patents.google.com/patent/GB201611819D0/en,
GB-2551701-A,Control or processing system and method ,Univ Court Univ Of Edinburgh,Jaun Pablo Echenique Subiabre Estanislao,2016-06-21,2016-06-21,2018-01-03,,https://patents.google.com/patent/GB2551701A/en,
EP-3533160-A1,Multiuser access for optical communications ,The University Court Of The University of Edinburgh,"Zhe Chen, Harald Haas",2016-10-26,2017-10-06,2019-09-04,,https://patents.google.com/patent/EP3533160A1/en,
EP-4070126-A1,Dram-based lidar pixel ,"Sense Photonics, Inc., The University Court Of The University of Edinburgh","Robert Henderson, Hod Finkelstein",2020-01-27,2021-01-22,2022-10-12,,https://patents.google.com/patent/EP4070126A1/en,
CN-109862786-A,Pig and correlation technique comprising modified CD163 ,爱丁堡大学董事会,"西蒙·杰弗里·利利科, 艾伦·艾奇伯德, 克里斯托弗·布鲁斯·亚历山大·怀特劳, 克里斯丁·泰特-布卡德, 塔哈·艾特-阿里",2016-10-17,2017-10-17,2019-06-07,,https://patents.google.com/patent/CN109862786A/en,
WO-2022144542-A1,Method for predicting condition parameter degradation of a cell ,The University Court Of The University Of Edinburgh,"Calum David STRANGE, Goncalo Jose Nunes DOS REIS",2020-12-31,2021-12-24,2022-07-07,,https://patents.google.com/patent/WO2022144542A1/en,
WO-2018046957-A3,"A reading system, text display method and apparatus ","The University Court Of The University Of Edinburgh, Lothian Health Board","Howard MOSHTAEL, Baljean Dhillon, Ian Underwood",2016-09-09,2017-09-11,2018-04-19,,https://patents.google.com/patent/WO2018046957A3/en,
WO-2015104532-A1,Hydrogen production processing ,"The University Court Of The University Of Edinburgh, Yonsei University","Hyungwoong AHN, Stefano BRANDANI, Mauro LUBERTI, Chang-Ha Lee",2014-01-08,2014-12-24,2015-07-16,,https://patents.google.com/patent/WO2015104532A1/en,
GB-201011079-D0,Process for the manufacture of biofuels ,Court Of Edinburgh Napier Univ,,2010-07-01,2010-07-01,2010-08-18,,https://patents.google.com/patent/GB201011079D0/en,
US-2020092002-A1,Receiver and associated mobile communications device ,The University Court Of The University Of Edinburgh,"Mohamed Sufyan Islim, Harald Haas",2016-12-23,2017-12-19,2020-03-19,,https://patents.google.com/patent/US20200092002A1/en,https://patentimages.storage.googleapis.com/df/10/32/2817ae4cdfbaa8/US20200092002A1-20200319-D00000.png
EP-4034909-A1,Strobing flash lidar with full frame utilization ,"Sense Photonics, Inc., The University Court Of The University of Edinburgh","Hod Finkelstein, Robert Henderson, Tarek AL ABBAS, David Storrar",2019-10-15,2020-10-15,2022-08-03,,https://patents.google.com/patent/EP4034909A1/en,
GB-201313794-D0,Assay assembly and method ,"Univ Glasgow, Univ Edinburgh",,2010-12-03,2011-12-02,2013-09-18,,https://patents.google.com/patent/GB201313794D0/en,
GB-201800668-D0,Routing mechanisms for low-power and lossy networks ,Court Of Edinburgh Napier Univ,,2018-01-16,2018-01-16,2018-02-28,,https://patents.google.com/patent/GB201800668D0/en,
HK-1251621-A1,Biosensor ,Univ Court Univ Of Edinburgh,"Michael P Shaver, Philip J W Hands, David Ferrier",2015-07-08,2018-08-29,2019-02-01,,https://patents.google.com/patent/HK1251621A1/en,
US-2018237480-A1,Staphylococcal antigens ,The University Of Edinburgh,"Jeanette Bannoehr, J. Ross FITZGERALD, Nouri L. Ben Zakour",2009-10-15,2018-01-03,2018-08-23,,https://patents.google.com/patent/US20180237480A1/en,https://patentimages.storage.googleapis.com/de/fe/d7/4ce6c75880b301/US20180237480A1-20180823-D00001.png
JP-2015143697-A,electrode assembly ,"ナノフレックス リミテッド, Nanoflex Ltd, ナノフレックス  リミテッド, ザ・ユニバーシティ・コート・オブ・ザ・ユニバーシティ・オブ・エディンバラＴｈｅ Ｕｎｉｖｅｒｓｉｔｙ Ｃｏｕｒｔ ｏｆ ｔｈｅ Ｕｎｉｖｅｒｓｉｔｙ ｏｆ Ｅｄｉｎｂｕｒｇｈ, Univ Court Of The Univ Of Edinburgh, ザ・ユニバーシティ・コート・オブ・ザ・ユニバーシティ・オブ・エディンバラ","ジョン フリーマン，ネヴィル, John Freeman Neville, ジョン フリーマン，ネヴィル, レイモンド マウント，アンドルー, Raymond Mount Andrew, レイモンド マウント，アンドルー, ジョン ウォルトン，アンソニー, John Walton Anthony, ジョン ウォルトン，アンソニー, ゴードン テリー，ジョナサン, Gordon Terry Jonathan, ゴードン テリー，ジョナサン",2008-11-28,2015-03-10,2015-08-06,,https://patents.google.com/patent/JP2015143697A/en,
US-2019240256-A1,Macrophage-based therapy for use in the treatment of liver injury ,The University Court Of The University Of Edinburgh,"Stuart Forbes, Philip Starkey Lewis, Lesley Forrester",2016-09-19,2017-09-18,2019-08-08,,https://patents.google.com/patent/US20190240256A1/en,https://patentimages.storage.googleapis.com/2e/37/eb/e9d683f789a9f0/US20190240256A1-20190808-D00000.png
US-2012095046-A1,Amido-Isothiazole Compounds and Their Use as Inhibitors of 11Beta-HSD1 for the Treatment of Metabolic Syndrome and Related Disorders ,The University Of Edinburgh,"Scott Peter Webster, Jonathan Robert Seckl, Brian Robert Walker, Peter Ward, Thomas David Pallin, Hazel Joan Dyke, Trevor Robert Perrior",2009-06-15,2010-06-14,2012-04-19,,https://patents.google.com/patent/US20120095046A1/en,
US-2016074493-A1,Immunogenic compositions containing escherichia coli h7 flagella and methods of use thereof ,"The University Court of the University of Edinburg h, Moredun Research Institute, The Scottish Agricultural College","David Gally, Tom Nathan McNeilly, David George Emslie Smith, Chris Low, Arvind Kumar Mahajan, Stuart W. Naylor",2007-10-17,2015-11-23,2016-03-17,,https://patents.google.com/patent/US20160074493A1/en,https://patentimages.storage.googleapis.com/3a/52/0e/ba3ed8cc823f02/US20160074493A1-20160317-D00001.png
CA-156067-S,Waterbirth mirror ,Univ Edinburgh,,2014-02-10,2014-04-07,2014-12-15,2014-12-15,https://patents.google.com/patent/CA156067S/en,
GB-201810312-D0,TSPO binders ,"Univ Court Univ Of Glasgow, Univ Edinburgh",,2018-06-22,2018-06-22,2018-08-08,,https://patents.google.com/patent/GB201810312D0/en,
WO-2015001352-A1,Novel regenerative therapy ,The University Court Of The University Of Edinburgh,"Robin James Milroy FRANKLIN, Veronique Emela MIRON, Charles Ffrench-Constant",2013-07-03,2014-07-03,2015-01-08,,https://patents.google.com/patent/WO2015001352A1/en,
GB-201604331-D0,Fibre-optic probe ,Univ Edinburgh,,2016-03-14,2016-03-14,2016-04-27,,https://patents.google.com/patent/GB201604331D0/en,
AU-2020267283-B2,Nanos knock-out that ablates germline cells ,"The University Court Of The University Of Edinburgh, University Of Maryland, Washington State University","Simon Geoffrey Lillico, Jon Michael OATLEY, Bhanu Prakash Telugu, Christopher Bruce Alexander Whitelaw",2014-07-14,2020-11-13,2022-12-15,2022-12-15,https://patents.google.com/patent/AU2020267283B2/en,
US-2016053281-A1,Enhanced Expression Of RNA Vectors ,The University Court Of The University Of Edinburgh,Peter Simmonds,2013-08-15,2014-03-24,2016-02-25,,https://patents.google.com/patent/US20160053281A1/en,https://patentimages.storage.googleapis.com/07/a5/b6/07cddd740afbb4/US20160053281A1-20160225-D00001.png
GB-202002869-D0,"Flexible devices incorporating electrically-conductive layers, including flexible wireless LC sensors ","Univ Edinburgh, Univ Heriot Watt",,2020-02-28,2020-02-28,2020-04-15,,https://patents.google.com/patent/GB202002869D0/en,
GB-201408091-D0,Methods and uses ,"Univ Edinburgh, Univ London Queen Mary",,2014-05-07,2014-05-07,2014-06-18,,https://patents.google.com/patent/GB201408091D0/en,
US-2014221460-A1,Method for identifying modulators of hcv translation or replication involving the ns5b polypeptide and a pseudoknot ,"University Court Of The University Of Edinburgh, The University Of Warwick","David J. Evans, Peter Simmonds",2011-08-19,2012-08-17,2014-08-07,,https://patents.google.com/patent/US20140221460A1/en,https://patentimages.storage.googleapis.com/d4/02/5c/202e80677621d1/US20140221460A1-20140807-D00001.png
EP-2417453-A1,Detection and/or treatment of diseases associated with autoantibodies ,"The University Of Liverpool, The University Court Of The University of Edinburgh","Philip L. Riches, Stuart H. Ralston, William D. Fraser",2009-04-07,2010-04-07,2012-02-15,,https://patents.google.com/patent/EP2417453A1/en,
US-2014322240-A1,Malaria vaccine ,The University Court Of The University Of Edinburg,"Jane Alexandra Rowe, Ashfaq Ghumra",2011-11-22,2012-11-22,2014-10-30,,https://patents.google.com/patent/US20140322240A1/en,https://patentimages.storage.googleapis.com/01/04/43/949fd9839c69f0/US20140322240A1-20141030-D00001.png
US-2015150965-A1,Adjuvant ,The University Court Of The University Of Edinburg,"Sara Howie, Kenneth Donaldson, Wan Seob Cho",2012-03-26,2013-03-15,2015-06-04,,https://patents.google.com/patent/US20150150965A1/en,https://patentimages.storage.googleapis.com/ba/d2/c1/69dc955505036d/US20150150965A1-20150604-D00001.png
CN-107106707-A,The molecular probe of gramnegative bacterium is detected in vitro and in vivo ,爱丁堡大学董事会,"马克·布拉德利, 安娜玛丽亚·海伦娜·利林坎普夫, 尼古劳斯·阿夫洛尼蒂斯, 马克·文德雷利·埃斯科巴尔, 尼尔·亚历山大·麦克唐纳, 克里斯多佛·哈斯莱特, 卡恩瓦尔迪普·达利瓦, 蒂莫西·西蒙·沃尔什",2014-11-13,2015-11-13,2017-08-29,,https://patents.google.com/patent/CN107106707A/en,
GB-201510189-D0,Microfluidic device ,Univ Edinburgh,,2015-06-11,2015-06-11,2015-07-29,,https://patents.google.com/patent/GB201510189D0/en,
US-2012056810-A1,Data input device and sound generating device ,The University Court Of The University Of Edinburgh,"David John Skulina, Benjaman Warren Schogler",2009-02-05,2010-02-04,2012-03-08,,https://patents.google.com/patent/US20120056810A1/en,https://patentimages.storage.googleapis.com/b7/ef/ba/ea8c167eff148c/US20120056810A1-20120308-D00000.png
CN-113767305-A,Extended dynamic range and reduced power imaging of LIDAR detector arrays ,"感应光子公司, 爱丁堡大学董事会","R·亨德森, T·阿尔阿巴斯, N·卡尔德, H·芬克斯泰因",2019-03-06,2020-03-05,2021-12-07,,https://patents.google.com/patent/CN113767305A/en,https://patentimages.storage.googleapis.com/ad/52/a6/10964711a7a93a/246700.png
WO-2015011470-A1,Method and system for classifying images ,"The University Court Of The University Of Edinburgh, Singapore University Of Technology And Design","Ngai-Man Cheung, Selin Damla AHIPASAOGLU, Peter RICHTARIK, Martin TAKAC",2013-07-23,2014-07-23,2015-01-29,,https://patents.google.com/patent/WO2015011470A1/en,
EP-2421555-A2,Nucleic acid molecule ,"The University Of York, University Of Edinburgh","Paul Kaye, Deborah Smith, Charles Lacey, Anton Aebischer",2009-04-23,2010-04-23,2012-02-29,,https://patents.google.com/patent/EP2421555A2/en,
US-2012183495-A1,Avian colony stimulating factor 1 receptor binding proteins ,University Court Of The University Of Edinburgh,"David Arthur Hume, Dave Burt, David Sester, Valerie Garceau, Jacqueline Smith, Bob Paton",2009-06-23,2010-06-22,2012-07-19,,https://patents.google.com/patent/US20120183495A1/en,https://patentimages.storage.googleapis.com/29/7e/54/6cbca73f3947ac/US20120183495A1-20120719-D00001.png
EP-3271459-A1,Materials and methods for the treatment of vascular disease ,The University Court Of The University of Edinburgh,"Andy Baker, Margaret Dickson BALLANTYNE",2015-03-16,2016-03-16,2018-01-24,,https://patents.google.com/patent/EP3271459A1/en,
GB-201812324-D0,"Near-infraed chromophores, process of preparation and methods of use ",Univ Edinburgh,,2018-07-27,2018-07-27,2018-09-12,,https://patents.google.com/patent/GB201812324D0/en,
GB-201508418-D0,Imaging method ,Univ Edinburgh,,2015-05-15,2015-05-15,2015-07-01,,https://patents.google.com/patent/GB201508418D0/en,
GB-201114293-D0,Endothelial polymers ,Univ Edinburgh,,2011-08-19,2011-08-19,2011-10-05,,https://patents.google.com/patent/GB201114293D0/en,
GB-201516480-D0,Tetrazine as a trigger to release caged cargo ,Univ Edinburgh,,2015-09-17,2015-09-17,2015-11-04,,https://patents.google.com/patent/GB201516480D0/en,
GB-201205360-D0,Biotinidase resistant biotinyl compounds ,Univ Edinburgh,,2012-03-27,2012-03-27,2012-05-09,,https://patents.google.com/patent/GB201205360D0/en,
GB-201504775-D0,Optical probe for thrombin ,Univ Edinburgh,,2015-03-20,2015-03-20,2015-05-06,,https://patents.google.com/patent/GB201504775D0/en,
US-2013096178-A1,Genetic markers for paget's disease ,The University Court Of The University Of Edinburgh,"Stuart H. RALSTON, Omar Albagha",2010-04-14,2011-04-13,2013-04-18,,https://patents.google.com/patent/US20130096178A1/en,https://patentimages.storage.googleapis.com/0e/67/a3/2f96dc8e65cad4/US20130096178A1-20130418-D00001.png
GB-201304623-D0,A method of generating predetermined luminance levels across an electronic visual display ,Univ Edinburgh,,2013-03-14,2013-03-14,2013-05-01,,https://patents.google.com/patent/GB201304623D0/en,
GB-201903664-D0,"Small, orthogonal and tunable dyes and photosensitizers ",Univ Edinburgh,,2019-03-18,2019-03-18,2019-05-01,,https://patents.google.com/patent/GB201903664D0/en,
GB-202008994-D0,Assay method ,Univ Edinburgh,,2020-06-12,2020-06-12,2020-07-29,,https://patents.google.com/patent/GB202008994D0/en,
US-9374246-B2,Radio frequency digital receiver system and method ,"Selex Es Ltd, The University Court Of The University Of Edinburgh","Graham Henry Mackerron, Bernerd Mulgrew",2011-03-10,2012-03-09,2016-06-21,2016-06-21,https://patents.google.com/patent/US9374246B2/en,https://patentimages.storage.googleapis.com/40/d4/2e/f305ded03f4365/US09374246-20160621-D00000.png
CN-114096879-A,Event driven shared memory pixel ,"感应光子公司, 爱丁堡大学董事会","R·亨德森, H·芬克斯泰因",2019-05-01,2020-05-01,2022-02-25,,https://patents.google.com/patent/CN114096879A/en,https://patentimages.storage.googleapis.com/0d/b9/d0/acdabb690d853b/268948.png
US-8815820-B2,Anti viral therapy ,The University Court Of The University Of Edinburgh,Amy Buck,2009-03-30,2010-03-30,2014-08-26,2014-08-26,https://patents.google.com/patent/US8815820B2/en,https://patentimages.storage.googleapis.com/c1/c2/89/bb4532a0e6ea73/US08815820-20140826-D00001.png
US-2014065679-A1,Production of enantiomerically purified amino acids ,"The University Of Edinburgh, Dr. Reddy's Laboratories (Eu) Limited","Scott Baxter, Dominic Campopiano, Karen Elizabeth Holt-Tiffin",2011-04-12,2012-04-10,2014-03-06,,https://patents.google.com/patent/US20140065679A1/en,
GB-201603645-D0,Frame selection in medical image data ,Univ Edinburgh,,2016-03-02,2016-03-02,2016-04-13,,https://patents.google.com/patent/GB201603645D0/en,
GB-201318394-D0,Composition ,"Univ Edinburgh, Finnen Lucinda A",,2013-10-17,2013-10-17,2013-12-04,,https://patents.google.com/patent/GB201318394D0/en,
GB-201718802-D0,Polymers for the capture of cfDNA from whole blood and its elution ,Univ Edinburgh,,2017-11-14,2017-11-14,2017-12-27,,https://patents.google.com/patent/GB201718802D0/en,
GB-201908811-D0,Defect mediated lyotropic nematic gel ,Univ Edinburgh,,2019-06-19,2019-06-19,2019-07-31,,https://patents.google.com/patent/GB201908811D0/en,
GB-201015492-D0,Binding and non-binding polymers ,Univ Edinburgh,,2010-09-16,2010-09-16,2010-10-27,,https://patents.google.com/patent/GB201015492D0/en,
CA-2794066-A1,Galactoside inhibitor of galectins ,"Neil Henderson, Tariq Sethi, Alison Mackinnon, Hakon Leffler, Ulf Nilsson, University Of Edinburgh, Galecto Biotech Ab","Neil Henderson, Tariq Sethi, Alison Mackinnon, Hakon Leffler, Ulf Nilsson",2012-10-31,2012-10-31,2014-04-30,,https://patents.google.com/patent/CA2794066A1/en,
GB-201608716-D0,Bioorthogonal compounds and methods ,Univ Edinburgh,,2016-05-18,2016-05-18,2016-06-29,,https://patents.google.com/patent/GB201608716D0/en,
GB-201420223-D0,Molecular probes and methods using the same ,Univ Edinburgh,,2014-11-13,2014-11-13,2014-12-31,,https://patents.google.com/patent/GB201420223D0/en,
GB-201702392-D0,Methods for cancer diagnosis using a gene expression signature ,Univ Edinburgh,,2017-02-14,2017-02-14,2017-03-29,,https://patents.google.com/patent/GB201702392D0/en,
GB-201420221-D0,Molecular probes and methods using the same ,Univ Edinburgh,,2014-11-13,2014-11-13,2014-12-31,,https://patents.google.com/patent/GB201420221D0/en,
CA-2755874-A1,Polymers for growing cells ,"University Court Of The University Of Edinburgh, David C. Hay, John P. Iredale, Mark Bradley, Juan J. Diaz-Mochon, Salvatore Pernagallo","David C. Hay, John P. Iredale, Mark Bradley, Juan J. Diaz-Mochon, Salvatore Pernagallo",2009-03-20,2010-03-19,2010-09-23,,https://patents.google.com/patent/CA2755874A1/en,
CN-112513428-A,Ultra-high temperature thermal energy storage system ,爱丁堡大学董事会,亚当·罗宾逊,2018-05-23,2019-05-22,2021-03-16,,https://patents.google.com/patent/CN112513428A/en,https://patentimages.storage.googleapis.com/61/5a/08/e755c5f1142060/HDA0002905721360000101.png
GB-201402915-D0,Compositions and methods ,Univ Edinburgh,,2014-02-19,2014-02-19,2014-04-02,,https://patents.google.com/patent/GB201402915D0/en,
US-10294227-B2,Compounds ,University Court Of The University Of Edinburgh,"Asier Unciti-Broceta, Craig FRASER, Neil O. Carragher",2015-05-21,2016-04-15,2019-05-21,2019-05-21,https://patents.google.com/patent/US10294227B2/en,https://patentimages.storage.googleapis.com/31/bc/46/f5ab602bf14d01/US10294227-20190521-D00001.png
GB-201416858-D0,Methods of in Vitro Oocyte Development ,Univ Edinburgh,,2014-09-24,2014-09-24,2014-11-05,,https://patents.google.com/patent/GB201416858D0/en,
GB-201501000-D0,Lanthanum thiosulfate and methods of preparation of the same ,Univ Edinburgh,,2015-01-21,2015-01-21,2015-03-04,,https://patents.google.com/patent/GB201501000D0/en,
CN-112867789-A,Hematopoietic stem cell therapy ,爱丁堡大学董事会,"卡米尔·罗穆亚尔德·克朗克, 多纳尔·奥卡罗尔",2018-03-29,2019-03-29,2021-05-28,,https://patents.google.com/patent/CN112867789A/en,https://patentimages.storage.googleapis.com/d1/03/41/3936cc7ab5fb26/HDA0002807957930000101.png
GB-201415864-D0,Methods of detecting of multidrug resistant bacteria ,Univ Edinburgh,,2014-09-08,2014-09-08,2014-10-22,,https://patents.google.com/patent/GB201415864D0/en,
US-2016037105-A1,Pixel array and method for controlling a pixel array ,"Stmicroelectronics (Research & Development) Limited, The University Court Of The University Of Edinburgh","Shatabda Saha, John Kevin Moore",2014-07-30,2015-06-05,2016-02-04,,https://patents.google.com/patent/US20160037105A1/en,https://patentimages.storage.googleapis.com/63/90/97/b1be44259a3518/US20160037105A1-20160204-D00000.png
GB-201415688-D0,Method and Systems ,Univ Edinburgh,,2014-09-04,2014-09-04,2014-10-22,,https://patents.google.com/patent/GB201415688D0/en,
EP-2917370-A1,Electrochemical method for denaturing or hybridising nucleic acid molecules ,The University Court Of The University of Edinburgh,"Till Bachmann, Andrew Mount, Jason Crain, Schulze HOLGER",2012-11-12,2013-11-12,2015-09-16,,https://patents.google.com/patent/EP2917370A1/en,
GB-201819200-D0,Polypeptide and uses thereof ,Univ Edinburgh,,2018-11-26,2018-11-26,2019-01-09,,https://patents.google.com/patent/GB201819200D0/en,
GB-201903671-D0,Small molecule photosensitizers for photodynamic therapy ,Univ Edinburgh,,2019-03-18,2019-03-18,2019-05-01,,https://patents.google.com/patent/GB201903671D0/en,
GB-201816633-D0,Genetically modified avians and method for the reconstitution thereof ,Univ Edinburgh,,2018-10-12,2018-10-12,2018-11-28,,https://patents.google.com/patent/GB201816633D0/en,
CA-2925033-A1,Hetero-transglycosylase and uses thereof ,"Bayer Cropscience Nv, The University Court Of The University Of Edinburgh, Frank Meulewaeter, Ilse VAN DEN BRANDE, Stephen C. Fry, Kyle E. Mohler, Lenka FRANKOVA, Tom J. Simmons, Claire HOLLAND, Andrew Hudson, Basf Se","Frank Meulewaeter, Ilse VAN DEN BRANDE, Stephen C. Fry, Kyle E. Mohler, Lenka FRANKOVA, Tom J. Simmons, Claire HOLLAND, Andrew Hudson",2013-09-24,2014-09-24,2015-04-02,,https://patents.google.com/patent/CA2925033A1/en,
US-2012044846-A1,Operation of a telecommunications system ,The University Court Of The University Of Edinburgh,"Stefan Ivanov Videv, Harald Haas, Rui Wang, John Thompson",2010-08-17,2011-08-03,2012-02-23,,https://patents.google.com/patent/US20120044846A1/en,https://patentimages.storage.googleapis.com/ba/a9/e4/e4e44fe8cd53b7/US20120044846A1-20120223-D00000.png
GB-201410339-D0,Image capture apparatus and method ,Univ Edinburgh,,2014-06-10,2014-06-10,2014-07-23,,https://patents.google.com/patent/GB201410339D0/en,
WO-2013128175-A1,Aluminum salen and salan catalysts for ring-opening polymerisation of cyclic esters ,The University Court Of The University Of Edinburgh,"Michael Shaver, Edward Cross",2012-02-27,2013-02-26,2013-09-06,,https://patents.google.com/patent/WO2013128175A1/en,
WO-2015004475-A2,Compositions and methods ,The University Court Of The University Of Edinburgh,"Thomas H GILLINGWATER, Thomas M WISHART, Catherina BECKER",2013-07-10,2014-07-10,2015-01-15,,https://patents.google.com/patent/WO2015004475A2/en,
WO-2014053855-A1,Microelectrode for molten salts ,The University Court Of The University Of Edinburgh,"Andrew R MOUNT, Johnathan G TERRY, Anthony J WALTON",2012-10-05,2013-10-04,2014-04-10,,https://patents.google.com/patent/WO2014053855A1/en,
GB-201120496-D0,Water treatment and monitoring ,Univ Edinburgh,,2011-11-29,2011-11-29,2012-01-11,,https://patents.google.com/patent/GB201120496D0/en,
WO-2012042020-A2,Glyscosylation markers for the diagnosis of maturity onset diabetes of the young ,"The University Court Of The University Of Edinburgh, National Institute for Bioprocessing Research and Training Limited, Genos Ltd","Harry Campbell, Igor Rudan, Alan F. Wright, Jayesh Jagunnathan Kattla, Pauline Rudd, Gordan Lauc",2010-09-30,2011-09-30,2012-04-05,,https://patents.google.com/patent/WO2012042020A2/en,
GB-201101793-D0,Weight related disorders ,Univ Edinburgh,,2011-02-02,2011-02-02,2011-03-16,,https://patents.google.com/patent/GB201101793D0/en,
WO-2011095755-A1,Waste water recovery ,"H2Ology Limited, The University Court Of The University Of Edinburgh","Iain Alexander Stewart Robinson, Colin John Cunningham",2010-02-03,2010-02-03,2011-08-11,,https://patents.google.com/patent/WO2011095755A1/en,
WO-2016092299-A1,Methods and kits for predicting the response to therapy of cancer ,"Medical Research Council, Lothian Health Board, The University Court Of The University Of Edinburgh","Andrew Sims, John Michael DIXON, Arran TURNBULL",2014-12-09,2015-12-09,2016-06-16,,https://patents.google.com/patent/WO2016092299A1/en,
TW-201140123-A,Locating electromagnetic signal sources ,Univ Edinburgh,"Tughrul Sati Arslan, Zankar Upendrakumar Sevak, Firas Alsehly",2009-12-23,2010-12-23,2011-11-16,,https://patents.google.com/patent/TW201140123A/en,
WO-2014006379-A1,Stem cell culture with modulators of the g protein signal transduction pathway ,University Of Edinburgh,"Paul Alexandre DE SOUSA, Robert Peter Millar, Stephen Christopher PELLS, Alexander Ermakov, Mark Bradley",2012-07-04,2013-06-28,2014-01-09,,https://patents.google.com/patent/WO2014006379A1/en,
EP-3551743-A1,Adsorbent for anaerobic digestion processes ,The University Court Of The University of Edinburgh,"Jan Mumme, Franziska SROCKE, Andrew Free, Julian PIETRZYK",2016-12-06,2017-12-06,2019-10-16,,https://patents.google.com/patent/EP3551743A1/en,
WO-2018115872-A1,"Communication apparatus, methods and system ",The University Court Of The University Of Edinburgh,"Harald Haas, Stefan I. VIDEV, Lee HOUSE",2016-12-23,2017-12-20,2018-06-28,,https://patents.google.com/patent/WO2018115872A1/en,
CN-113767301-A,Gated window dependent illumination of a flash LIDAR ,"感觉光子公司, 爱丁堡大学管理部门","罗伯特·亨德森, 塔雷克·阿尔·阿巴斯, 尼尔·考尔德, 豪德·芬克尔斯坦",2019-01-31,2020-01-31,2021-12-07,,https://patents.google.com/patent/CN113767301A/en,https://patentimages.storage.googleapis.com/48/d3/ad/aadb86eb242b19/HDA0003265946760000021.png
WO-2018015726-A1,"Receiver assembly, data communications system, and data communications method ","Oxford University Innovation Limited, The University Court Of The University Of St. Andrews, The University Court Of The University Of Edinburgh","Dominic Christopher O'brien, Stephen Collins, Ifor David William Samuel, Pavlos MANOUSIADIS, Graham Alexander TURNBULL, Harald Haas",2016-07-22,2017-07-17,2018-01-25,,https://patents.google.com/patent/WO2018015726A1/en,
WO-2018185516-A1,Methods and pharmaceutical compositions for treating cardiovascular toxicity induced by anti-cancer therapy ,"INSERM (Institut National de la Santé et de la Recherche Médicale), Université Paris Descartes, Assistance Publique - Hôpitaux De Paris, The University Court Of The University Of Edinburgh","Bertrand Tavitian, Neeraj DHAUN, Joevin SOURDON, Pierre-Louis Tharaux",2017-04-05,2017-04-05,2018-10-11,,https://patents.google.com/patent/WO2018185516A1/en,
US-2016244860-A1,Aliphatic-aromatic heterocyclic compounds and uses thereof in metal extractant compositions ,"Cytec Industries Inc., The University Court Of The University Of Edinburgh","James William ROEBUCK, Thomas Sassi, Adam James FISCHMANN, Violina GRIFFIN, Peter Anthony Tasker",2015-02-20,2016-02-19,2016-08-25,,https://patents.google.com/patent/US20160244860A1/en,
US-10208166-B2,"Polyphosphonate, and lens and camera module including the same ","Samsung Electro-Mechanics Co., Ltd., The University Court Of The University Of Edinburgh","Hoe-Chul Jung, Michael Patrick Shaver, Emily Kate Macdonald",2015-03-31,2016-03-18,2019-02-19,2019-02-19,https://patents.google.com/patent/US10208166B2/en,https://patentimages.storage.googleapis.com/cf/5c/69/45f0d85a936478/US10208166-20190219-D00000.png
US-2022334253-A1,Strobe based configurable 3d field of view lidar system ,"Sense Photonics, Inc., The University Court Of The University Of Edinburgh","Tarek Al Abbas, Neil Calder, Robert Henderson, Hod Finkelstein",2019-10-01,2020-09-30,2022-10-20,,https://patents.google.com/patent/US20220334253A1/en,https://patentimages.storage.googleapis.com/fe/de/b5/a3b33933cabf5a/US20220334253A1-20221020-D00000.png
AU-2015367396-C1,3-(6-alkoxy-5-chlorobenzo[d]isoxazol-3-yl)propanoic acid useful as kynurenine monooxygenase inhibitors ,The University Court Of The University Of Edinburgh,"Anne Marie Jeanne Bouillot, Alexis Denis, John Liddle, Ann Louise Walker",2014-12-19,2015-12-17,2019-05-16,2019-05-16,https://patents.google.com/patent/AU2015367396C1/en,
AU-2016266548-B2,"3-(6-chloro-3-oxo-3,4-dihydro-(2h)-1,4-benzoxazin-4-yl) propanoic acid derivatives and their use as KMO inhibitors ",The University Court Of The University Of Edinburgh,"Anne Marie Jeanne Bouillot, Alexis Denis, John Liddle, Olivier Mirguet, Ann Louise Walker",2015-05-22,2016-05-19,2019-04-18,2019-04-18,https://patents.google.com/patent/AU2016266548B2/en,
US-2020308551-A1,Methods for producing hepatocytes ,"Biolamina Ab, The University Of Edinburgh","Louise Kristina Hagbard, Carl Gunnar Jesper Ericsson, Katherine Rachel Cameron, David Colin Hay, Stuart John Forbes, Hassan Rashidi",2015-10-30,2020-06-16,2020-10-01,,https://patents.google.com/patent/US20200308551A1/en,https://patentimages.storage.googleapis.com/69/32/d8/1d0ded79cb8f72/US20200308551A1-20201001-D00001.png
WO-2022031600-A1,Methods and systems for power-efficient subsampled 3d imaging ,"Sense Photonics, Inc., The University Court Of The University Of Edinburgh","Salvatore Caporale, David Storrar, Hod Finkelstein, Tarek AL ABBAS, Robert Henderson",2020-08-03,2021-08-02,2022-02-10,,https://patents.google.com/patent/WO2022031600A1/en,
WO-2017158148-A1,Polymers and uses thereof in manufacturing of 'living' heart valves ,"Centro Cardiologico Monzino, The University Court Of The University Of Edinburgh","Maurizio PESCE, Rosaria Santoro, Mark Bradley, Seshasailam VENKATESWARAN",2016-03-17,2017-03-17,2017-09-21,,https://patents.google.com/patent/WO2017158148A1/en,
GB-201705334-D0,Method for identification of digital content ,Edinburgh Napier Univ,,2017-04-03,2017-04-03,2017-05-17,,https://patents.google.com/patent/GB201705334D0/en,
US-2021244904-A1,Tube fastener device ,The Court Of Edinburgh Napier University,"Cameron James McEwan Perrie, Elizabeth Christina Adamson, William Ernest Titley",2017-11-13,2018-11-13,2021-08-12,,https://patents.google.com/patent/US20210244904A1/en,https://patentimages.storage.googleapis.com/c9/cb/d1/55fbd242be64cb/US20210244904A1-20210812-D00000.png
WO-2011000934-A1,Enabling synthesis of speech having a target characteristic ,The University Court Of The Unviersity Of Edinburgh,"Junichi Yamagishi, Simon Alistair King, Stephen John Renals",2009-07-02,2010-07-01,2011-01-06,,https://patents.google.com/patent/WO2011000934A1/en,
WO-2013076947-A1,A method for positively or negatively regulating the assembly of newly synthesized cenp-a to exogenous alphoid dna containing cenp-b boxes in mammalian cell lines ,"Kazusa Dna Research Institute, The United States Of America, As Represented By The Secretary, Department Of Health And Human Services, The University Court Of The University Edinburgh","Hiroshi Masumoto, Jun-ichirou OHZEKI, Vladimir Larionov, William C. Earnshaw",2011-11-22,2012-11-16,2013-05-30,,https://patents.google.com/patent/WO2013076947A1/en,https://patentimages.storage.googleapis.com/cc/f7/ab/7aa4f448bf3f5d/JPOXMLDOC01-appb-D000001.png
EP-3694931-B1,Surface coating ,The University Court of the University of Edinburgh,"Gary George WELLS, Rodrigo LEDESMA-AGUILAR",2017-10-10,2018-10-10,2022-12-21,2022-12-21,https://patents.google.com/patent/EP3694931B1/en,https://patentimages.storage.googleapis.com/70/81/a8/b88d0cda4acf5d/imgf0001.png
IT-201600130691-A1,WAVE MOTORCYCLE GENERATOR BASED ON A DIELECTRIC ELASTOMER WITH STIFF COMPENSATION ,"Scuola Superiore Santanna, Alma Mater Studiorum Universtita Di Bologna, The Univ Of Edinburgh, Wave Energy Centre – Centro De Energia Das Ondas","Marco Fontana, Luca Daniele, Giacomo Moretti, Rocco Vertechy, Boris Teillant, Miguel Vicente, Antonio Sarmento, David Forehand, David Ingram",2016-12-23,2016-12-23,2018-06-23,,https://patents.google.com/patent/IT201600130691A1/en,
GB-202020124-D0,Bamboo construction element ,Court Of Edinburgh Napier Univ,,2020-12-18,2020-12-18,2021-02-03,,https://patents.google.com/patent/GB202020124D0/en,
GB-201712570-D0,"Communication apparatus, method and system ","Univ Edinburgh, Univ Oxford Innovation Ltd, Univ Court Univ St Andrews",,2017-08-04,2017-08-04,2017-09-20,,https://patents.google.com/patent/GB201712570D0/en,
JP-2022036075-A,"Method for training neural network to deliver viewpoints of objects using unlabeled pairs of images, and corresponding system ","トヨタ自動車株式会社, Toyota Motor Corp, ザ ユニバーシティ コート オブ ザ ユニバーシティ オブ エジンバラ, Univ Court Of The Univ Of Edinburgh","マイアー スベン, Meier Sven, マリオッティ オクテイブ, Mariotti Octave, バイレン ハカン, Bilen Hakan",2020-08-21,2021-08-20,2022-03-04,,https://patents.google.com/patent/JP2022036075A/en,https://patentimages.storage.googleapis.com/33/9e/8a/62e25cddf3fbd2/2022036075000009.png
GB-202109069-D0,Compounds and method ,"Univ Edinburgh, Univ Court Univ St Andrews",,2021-06-24,2021-06-24,2021-08-11,,https://patents.google.com/patent/GB202109069D0/en,
GB-201704722-D0,MECP2 Based therapy ,"Univ Edinburgh, Univ Court Univ Of Glasgow",,2017-03-24,2017-03-24,2017-05-10,,https://patents.google.com/patent/GB201704722D0/en,
JP-2013229877-A,Improvement to reconfigurable antenna ,"Univ Court Of The Univ Of Edinburgh, ザ  ユニバーシティ  コート  オブ  ザ  ユニバーシティ  オブ  エジンバラ","Arslan Tughrul, トゥグルル アルスラン, John Walton Anthony, アンソニー  ジョン ウォルトン, R Haridas Nakul, ナクル  アール． ハリダス, Osman El-Rayis Ahmed, アフマド  オスマン エル−ライス",2007-06-13,2013-04-30,2013-11-07,,https://patents.google.com/patent/JP2013229877A/en,https://patentimages.storage.googleapis.com/0b/c5/0d/2862dc9eb38093/2013229877-3.png
JP-2022162552-A,"Neural network training method, neural network training system, and neural network ","トヨタ自動車株式会社, Toyota Motor Corp, ザ ユニバーシティ コート オブ ザ ユニバーシティ オブ エジンバラ, Univ Court Of The Univ Of Edinburgh","マイアー スベン, Meier Sven, マリオッティ オクテイブ, Mariotti Octave, バイレン ハカン, Bilen Hakan, マック エイダ オイシン, Macaodha Oisin",2021-04-12,2022-04-12,2022-10-24,,https://patents.google.com/patent/JP2022162552A/en,https://patentimages.storage.googleapis.com/5e/c5/8d/45ec860d6f14fb/2022162552000018.png
GB-201704704-D0,MeCP2 expression cassettes ,"Univ Court Univ Of Glasgow, Univ Edinburgh",,2017-03-24,2017-03-24,2017-05-10,,https://patents.google.com/patent/GB201704704D0/en,
GB-202215946-D0,Method and apparatus for preparing a tubular structure ,"Univ Edinburgh, Univ Strathclyde",,2022-10-27,2022-10-27,2022-12-14,,https://patents.google.com/patent/GB202215946D0/en,
ES-2548927-A1,"Purine derivatives as inhibitors of dapk-1 (Machine-translation by Google Translate, not legally binding) ","Universidad De Granada, University Court Of The University Of Edinburgh","Ignacio MOLINA PINEDA DE LAS INFANTAS, Sara TORRES RUSILLO, Pablo FERNÁNDEZ RUBIO, María José PINEDA DE LAS INFANTAS Y VILLATORO, Juan José DÍAZ MOCHÓN, Asier UNICITI BROCETA",2014-03-21,2014-03-21,2015-10-21,,https://patents.google.com/patent/ES2548927A1/en,
GB-201716238-D0,Wireless optical communications ,"Univ Strathclyde, Univ Edinburgh",,2017-10-05,2017-10-05,2017-11-22,,https://patents.google.com/patent/GB201716238D0/en,
CA-2825549-A1,Transgenic pig for mutant gucy2d as cone dystrophy model ,"Centre National De La Recherche Scientifique, Asile Des Aveugles, The University Court Of The University Of Edinburgh, Universite Pierre Et Marie Curie (Paris 6), Chamsy Sarkis, Christopher Bruce Alexander Whitelaw, Simon LILLICO, Corinne KOSTIC, Yvan ARSENIJEVIC","Chamsy Sarkis, Christopher Bruce Alexander Whitelaw, Simon LILLICO, Corinne KOSTIC, Yvan ARSENIJEVIC",2011-01-27,2012-01-27,2012-08-02,,https://patents.google.com/patent/CA2825549A1/en,
GB-202207983-D0,Methods of preparing functional surafces and surfaces prepared thereby ,"Univ Of Northumbria At Newcastle, Univ Edinburgh",,2022-05-30,2022-05-30,2022-07-13,,https://patents.google.com/patent/GB202207983D0/en,
GB-201818977-D0,Islet cell engraftment ,"Univ Nottingham, Univ Edinburgh",,2018-11-21,2018-11-21,2019-01-09,,https://patents.google.com/patent/GB201818977D0/en,
GB-202301243-D0,Apparatus and method for pitching a turbine blade ,Univ Edinburgh,,2023-01-27,2023-01-27,2023-03-15,,https://patents.google.com/patent/GB202301243D0/en,
GB-202204729-D0,Electrically directed gene expression (edge) ,Univ Edinburgh,,2022-03-31,2022-03-31,2022-05-18,,https://patents.google.com/patent/GB202204729D0/en,
GB-201906975-D0,Treatment of ards ,Univ Edinburgh,,2019-05-17,2019-05-17,2019-07-03,,https://patents.google.com/patent/GB201906975D0/en,
GB-201514412-D0,Determination of influenza and HEV susceptibility ,Univ Edinburgh,,2015-08-13,2015-08-13,2015-09-30,,https://patents.google.com/patent/GB201514412D0/en,
CN-112654344-A,Anti-fibrotic compositions ,"板层小体生物医学有限公司, 爱丁堡大学董事会","亚历克·麦克莱恩, 玛格丽特·考特尼, 林西·霍华德, 史蒂文·波蒂厄斯, 大卫·科利, 格里·麦克拉克伦",2018-04-17,2019-04-17,2021-04-13,,https://patents.google.com/patent/CN112654344A/en,https://patentimages.storage.googleapis.com/45/23/a0/2baadf5c785bfc/HDA0002828428800000041.png
GB-202301357-D0,Memory device ,Univ Edinburgh,,2022-12-19,2023-01-31,2023-03-15,,https://patents.google.com/patent/GB202301357D0/en,
EP-2598163-A1,Recombinant trypanosoma theileri parasite ,The University Court Of The University of Edinburgh,Keith Roland Matthews,2010-07-29,2011-07-29,2013-06-05,,https://patents.google.com/patent/EP2598163A1/en,
GB-202217921-D0,Efficacy of chronic pelvic pain treatment ,Univ Edinburgh,,2022-11-29,2022-11-29,2023-01-11,,https://patents.google.com/patent/GB202217921D0/en,
GB-201117269-D0,Peptoids for the phrophlyactic and therapeutic clearance of bacteria ,Univ Edinburgh,,2011-10-06,2011-10-06,2011-11-16,,https://patents.google.com/patent/GB201117269D0/en,
GB-201517227-D0,Genetically-edited swine ,Univ Edinburgh,,2015-09-29,2015-09-29,2015-11-11,,https://patents.google.com/patent/GB201517227D0/en,
GB-201008228-D0,Command interface ,Univ Edinburgh,,2010-05-18,2010-05-18,2010-06-30,,https://patents.google.com/patent/GB201008228D0/en,
GB-201204688-D0,Polymer-glass composite material ,Univ Edinburgh,,2012-03-16,2012-03-16,2012-05-02,,https://patents.google.com/patent/GB201204688D0/en,
GB-201517226-D0,Genetically-edited swine ,Univ Edinburgh,,2015-09-29,2015-09-29,2015-11-11,,https://patents.google.com/patent/GB201517226D0/en,
GB-201517219-D0,Brain transcriptome assay ,Univ Edinburgh,,2015-09-29,2015-09-29,2015-11-11,,https://patents.google.com/patent/GB201517219D0/en,
GB-201206522-D0,Single-photon avalanche diode structure and silicon photomultiplier ,"St Microelectronics Res & Dev, Univ Edinburgh",,2012-04-13,2012-04-13,2012-05-30,,https://patents.google.com/patent/GB201206522D0/en,
GB-201602535-D0,Improved flu vaccine yield ,Univ Edinburgh,,2016-02-12,2016-02-12,2016-03-30,,https://patents.google.com/patent/GB201602535D0/en,
GB-201609247-D0,A sensing structure and method of forming a sensing structure ,Univ Edinburgh,,2016-05-25,2016-05-25,2016-07-06,,https://patents.google.com/patent/GB201609247D0/en,
GB-201704698-D0,Product ,Univ Edinburgh,,2017-03-24,2017-03-24,2017-05-10,,https://patents.google.com/patent/GB201704698D0/en,
GB-201214974-D0,"Avian proteins, nucleic acids and uses thereof ",Univ Edinburgh,,2012-08-22,2012-08-22,2012-10-03,,https://patents.google.com/patent/GB201214974D0/en,
GB-201706064-D0,Biomarkers for glucocorticoid action ,Univ Edinburgh,,2017-04-18,2017-04-18,2017-05-31,,https://patents.google.com/patent/GB201706064D0/en,
GB-201707183-D0,Macrophage-based therapy ,Univ Edinburgh,,2017-05-05,2017-05-05,2017-06-21,,https://patents.google.com/patent/GB201707183D0/en,
GB-201712498-D0,Methods of producting vaccine compositions ,Univ Edinburgh,,2017-08-03,2017-08-03,2017-09-20,,https://patents.google.com/patent/GB201712498D0/en,
GB-201712952-D0,Immunomodulatory agent ,Univ Edinburgh,,2017-08-11,2017-08-11,2017-09-27,,https://patents.google.com/patent/GB201712952D0/en,
GB-201007440-D0,Prion detection assay ,"Common Services Agency, Univ Edinburgh",,2010-05-04,2010-05-04,2010-06-16,,https://patents.google.com/patent/GB201007440D0/en,
GB-201713926-D0,Gene editing method ,Univ Edinburgh,,2017-08-30,2017-08-30,2017-10-11,,https://patents.google.com/patent/GB201713926D0/en,
GB-201718593-D0,Improvements relating to time to amplitude conversion in SPAD sensors ,Univ Edinburgh,,2017-11-10,2017-11-10,2017-12-27,,https://patents.google.com/patent/GB201718593D0/en,
GB-201720064-D0,Compounds ,Univ Edinburgh,,2017-12-01,2017-12-01,2018-01-17,,https://patents.google.com/patent/GB201720064D0/en,
GB-201110577-D0,Culturing microorganisms ,"Scottish Agricultural College The, Univ Edinburgh, Lothian Hospital Trust The",,2011-06-22,2011-06-22,2011-08-03,,https://patents.google.com/patent/GB201110577D0/en,
GB-201512219-D0,Liver injury biomarkers ,Univ Edinburgh,,2015-07-13,2015-07-13,2015-08-19,,https://patents.google.com/patent/GB201512219D0/en,
GB-201021968-D0,Neural cells ,Univ Edinburgh,,2010-12-23,2010-12-23,2011-02-02,,https://patents.google.com/patent/GB201021968D0/en,
GB-201018632-D0,A robotic modular system ,Univ Edinburgh,,2010-11-04,2010-11-04,2010-12-22,,https://patents.google.com/patent/GB201018632D0/en,
GB-201018410-D0,A robotic modular system ,Univ Edinburgh,,2010-11-01,2010-11-01,2010-12-15,,https://patents.google.com/patent/GB201018410D0/en,
GB-201511724-D0,Synthetic multiphase systems ,Univ Edinburgh,,2015-07-03,2015-07-03,2015-08-19,,https://patents.google.com/patent/GB201511724D0/en,
GB-201008295-D0,Manufacturing synthetic motion ,Univ Edinburgh,,2010-05-19,2010-05-19,2010-06-30,,https://patents.google.com/patent/GB201008295D0/en,
GB-201007270-D0,Passive variable damper ,Univ Edinburgh,,2010-04-30,2010-04-30,2010-06-16,,https://patents.google.com/patent/GB201007270D0/en,
GB-201006442-D0,Storing a directory tree structure ,Univ Edinburgh,,2010-04-17,2010-04-17,2010-06-02,,https://patents.google.com/patent/GB201006442D0/en,
GB-202212464-D0,"Decision support tool, system and method ",Univ Edinburgh,,2022-08-26,2022-08-26,2022-10-12,,https://patents.google.com/patent/GB202212464D0/en,
GB-201510967-D0,"Fluorogenic amino acid derivatives, process of preparation thereof and methods of use ",Univ Edinburgh,,2015-06-22,2015-06-22,2015-08-05,,https://patents.google.com/patent/GB201510967D0/en,
GB-202212125-D0,Treatment ,Univ Edinburgh,,2022-08-19,2022-08-19,2022-10-05,,https://patents.google.com/patent/GB202212125D0/en,
GB-202211199-D0,Selective extraction of rhodium from hydrochloric acid solutions comprising rhodium and iridium ,Univ Edinburgh,,2022-08-01,2022-08-01,2022-09-14,,https://patents.google.com/patent/GB202211199D0/en,
GB-201720274-D0,Optical communications access point ,Univ Edinburgh,,2017-12-05,2017-12-05,2018-01-17,,https://patents.google.com/patent/GB201720274D0/en,
GB-201800340-D0,Imaging system and method ,Univ Edinburgh,,2018-01-09,2018-01-09,2018-02-21,,https://patents.google.com/patent/GB201800340D0/en,
GB-201806122-D0,Macrophage use ,Univ Edinburgh,,2018-04-13,2018-04-13,2018-05-30,,https://patents.google.com/patent/GB201806122D0/en,
GB-201806118-D0,Macrophage use ,Univ Edinburgh,,2018-04-13,2018-04-13,2018-05-30,,https://patents.google.com/patent/GB201806118D0/en,
GB-201003803-D0,Improvements relating to mobile devices ,Univ Edinburgh,,2010-03-08,2010-03-08,2010-04-21,,https://patents.google.com/patent/GB201003803D0/en,
GB-202211051-D0,Rna polymerases ,Univ Edinburgh,,2022-07-28,2022-07-28,2022-09-14,,https://patents.google.com/patent/GB202211051D0/en,
GB-201806278-D0,Pulmonary-Proctectant ,"Lamellar Biomedical Ltd, Univ Edinburgh",,2018-04-17,2018-04-17,2018-05-30,,https://patents.google.com/patent/GB201806278D0/en,
GB-202208889-D0,Fluid level monitoring system ,Univ Edinburgh,,2022-06-16,2022-06-16,2022-08-10,,https://patents.google.com/patent/GB202208889D0/en,
GB-201806569-D0,Method of treatment ,Univ Edinburgh,,2018-04-23,2018-04-23,2018-06-06,,https://patents.google.com/patent/GB201806569D0/en,
GB-201807036-D0,"Communication systems, apparatus and methods ",Univ Edinburgh,,2018-04-30,2018-04-30,2018-06-13,,https://patents.google.com/patent/GB201807036D0/en,
GB-201811627-D0,Inert nanocapsules ,Univ Edinburgh,,2018-07-16,2018-07-16,2018-08-29,,https://patents.google.com/patent/GB201811627D0/en,
GB-201814067-D0,Compounds for the inhibition of cyclophilins ,Univ Edinburgh,,2018-08-29,2018-08-29,2018-10-10,,https://patents.google.com/patent/GB201814067D0/en,
GB-201820629-D0,Marker ,Univ Edinburgh,,2018-12-18,2018-12-18,2019-01-30,,https://patents.google.com/patent/GB201820629D0/en,
GB-201903014-D0,Macrophage markers in cancer ,Univ Edinburgh,,2019-03-06,2019-03-06,2019-04-17,,https://patents.google.com/patent/GB201903014D0/en,
GB-201903015-D0,Macrophage expression in breast cancer ,Univ Edinburgh,,2019-03-08,2019-03-08,2019-04-17,,https://patents.google.com/patent/GB201903015D0/en,
GB-201903317-D0,Biocircuit ,Univ Edinburgh,,2019-03-11,2019-03-11,2019-04-24,,https://patents.google.com/patent/GB201903317D0/en,
GB-201903963-D0,Biocircuit ,Univ Edinburgh,,2019-03-22,2019-03-22,2019-05-08,,https://patents.google.com/patent/GB201903963D0/en,
GB-202208575-D0,Activation of noncoding host gene loci ,Univ Edinburgh,,2022-06-13,2022-06-13,2022-07-27,,https://patents.google.com/patent/GB202208575D0/en,
GB-202207592-D0,Controllable gene expression ,Univ Edinburgh,,2022-05-24,2022-05-24,2022-07-06,,https://patents.google.com/patent/GB202207592D0/en,
GB-201909655-D0,Avian enteroids ,Univ Edinburgh,,2019-07-04,2019-07-04,2019-08-21,,https://patents.google.com/patent/GB201909655D0/en,
GB-201911068-D0,Modified higher plants ,Univ Edinburgh,,2019-08-02,2019-08-02,2019-09-18,,https://patents.google.com/patent/GB201911068D0/en,
GB-201912154-D0,Biomarker ,Univ Edinburgh,,2019-08-23,2019-08-23,2019-10-09,,https://patents.google.com/patent/GB201912154D0/en,
GB-201912179-D0,Engineered CRISPRa ,Univ Edinburgh,,2019-08-23,2019-08-23,2019-10-09,,https://patents.google.com/patent/GB201912179D0/en,
GB-201912198-D0,Engineered CRISPRa ,Univ Edinburgh,,2019-08-25,2019-08-25,2019-10-09,,https://patents.google.com/patent/GB201912198D0/en,
GB-202207383-D0,Imaging device and imaging system ,Univ Edinburgh,,2022-05-19,2022-05-19,2022-07-06,,https://patents.google.com/patent/GB202207383D0/en,
GB-202206515-D0,"Endoscopic device, system and method ",Univ Edinburgh,,2022-05-04,2022-05-04,2022-06-15,,https://patents.google.com/patent/GB202206515D0/en,
AU-2013201718-A1,Pluripotent cells from rat and other species ,The University Court Of The University Of Edinburgh,"Austin Gerard Smith, Qi-Long Ying",2006-08-01,2013-03-20,2013-04-11,,https://patents.google.com/patent/AU2013201718A1/en,
GB-201912528-D0,Parasitic nematode vaccine ,Univ Edinburgh,,2019-08-30,2019-08-30,2019-10-16,,https://patents.google.com/patent/GB201912528D0/en,
GB-202205893-D0,Single photon avalanche diode macropixel ,Univ Edinburgh,,2022-04-22,2022-04-22,2022-06-08,,https://patents.google.com/patent/GB202205893D0/en,
GB-202004535-D0,Solar cells ,Univ Edinburgh,,2020-03-27,2020-03-27,2020-05-13,,https://patents.google.com/patent/GB202004535D0/en,
GB-202005394-D0,Immunomodulatory agents ,Univ Edinburgh,,2020-04-14,2020-04-14,2020-05-27,,https://patents.google.com/patent/GB202005394D0/en,
GB-202205364-D0,Ophthalmological viscoelastic composition ,"Hyaltech Ltd, Univ Edinburgh",,2022-04-12,2022-04-12,2022-05-25,,https://patents.google.com/patent/GB202205364D0/en,
GB-201509300-D0,Assay ,Univ Edinburgh,,2015-05-29,2015-05-29,2015-07-15,,https://patents.google.com/patent/GB201509300D0/en,
GB-201303366-D0,CSF-1 based therapeutics ,Univ Edinburgh,,2013-02-26,2013-02-26,2013-04-10,,https://patents.google.com/patent/GB201303366D0/en,
GB-201506806-D0,Rheumatoid arthritis patient stratification ,Univ Edinburgh,,2015-04-22,2015-04-22,2015-06-03,,https://patents.google.com/patent/GB201506806D0/en,
GB-201512207-D0,Responder detection ,Univ Edinburgh,,2015-07-13,2015-07-13,2015-08-19,,https://patents.google.com/patent/GB201512207D0/en,
GB-201503418-D0,Construction of synthetic TALE DNA binding domains ,Univ Edinburgh,,2015-02-27,2015-02-27,2015-04-15,,https://patents.google.com/patent/GB201503418D0/en,
GB-202204054-D0,Sensing device and apparatus ,Univ Edinburgh,,2022-03-23,2022-03-23,2022-05-04,,https://patents.google.com/patent/GB202204054D0/en,
GB-201503207-D0,Female health compounds ,Univ Edinburgh,,2015-02-26,2015-02-26,2015-04-15,,https://patents.google.com/patent/GB201503207D0/en,
GB-201420294-D0,Detection of onchocerca infection ,Univ Edinburgh,,2014-11-14,2014-11-14,2014-12-31,,https://patents.google.com/patent/GB201420294D0/en,
GB-202201242-D0,Recombinant optimized mecp2 cassettes and methods for treating rett syndrome and related disorders ,Univ Edinburgh,,2022-01-31,2022-01-31,2022-03-16,,https://patents.google.com/patent/GB202201242D0/en,
GB-202115581-D0,Treatment of fibrosis ,Univ Edinburgh,,2021-10-29,2021-10-29,2021-12-15,,https://patents.google.com/patent/GB202115581D0/en,
GB-202114838-D0,Articular fixation system ,Univ Edinburgh,,2021-10-18,2021-10-18,2021-12-01,,https://patents.google.com/patent/GB202114838D0/en,
GB-202114374-D0,Endometriosis biomarker ,"Univ Edinburgh, Singapore Mit Alliance For Research & Tech Centre",,2021-10-07,2021-10-07,2021-11-24,,https://patents.google.com/patent/GB202114374D0/en,
GB-202114342-D0,Nanoparticles from bacteria ,Univ Edinburgh,,2021-10-07,2021-10-07,2021-11-24,,https://patents.google.com/patent/GB202114342D0/en,
GB-202007906-D0,Method of transfecting macrophages ,Univ Edinburgh,,2020-05-27,2020-05-27,2020-07-08,,https://patents.google.com/patent/GB202007906D0/en,
GB-202112807-D0,Genetic resistance to viral disease in salmonid fish ,Univ Edinburgh,,2021-09-08,2021-09-08,2021-10-20,,https://patents.google.com/patent/GB202112807D0/en,
GB-201414732-D0,Synthetic multiphase systems ,Univ Edinburgh,,2014-08-19,2014-08-19,2014-10-01,,https://patents.google.com/patent/GB201414732D0/en,
GB-202111930-D0,Cancer treatment ,"Reprofilix Ltd, Univ Edinburgh",,2021-08-19,2021-08-19,2021-10-06,,https://patents.google.com/patent/GB202111930D0/en,
GB-202108355-D0,Granzyme B detection ,Univ Edinburgh,,2021-06-11,2021-06-11,2021-07-28,,https://patents.google.com/patent/GB202108355D0/en,
GB-202107990-D0,Feed forward cassettes ,Univ Edinburgh,,2021-06-03,2021-06-03,2021-07-21,,https://patents.google.com/patent/GB202107990D0/en,
GB-201413685-D0,Functionalised rhodamines ,Univ Edinburgh,,2014-08-01,2014-08-01,2014-09-17,,https://patents.google.com/patent/GB201413685D0/en,
GB-201405977-D0,A receiver apparatus and method ,Univ Edinburgh,,2014-04-02,2014-04-02,2014-05-14,,https://patents.google.com/patent/GB201405977D0/en,
GB-202107462-D0,Hydraulic control system ,Univ Edinburgh,,2021-05-26,2021-05-26,2021-07-07,,https://patents.google.com/patent/GB202107462D0/en,
GB-202007905-D0,Cryopressing macrophages ,Univ Edinburgh,,2020-05-27,2020-05-27,2020-07-08,,https://patents.google.com/patent/GB202007905D0/en,
GB-201403212-D0,Compositions and methods ,Univ Edinburgh,,2014-02-24,2014-02-24,2014-04-09,,https://patents.google.com/patent/GB201403212D0/en,
GB-202007903-D0,Method of producing macrophages ,Univ Edinburgh,,2020-05-27,2020-05-27,2020-07-08,,https://patents.google.com/patent/GB202007903D0/en,
GB-201321504-D0,Novel analgesic therapy ,Univ Edinburgh,,2013-12-05,2013-12-05,2014-01-22,,https://patents.google.com/patent/GB201321504D0/en,
GB-202008274-D0,Group 15 metal halide salt electrodes ,Univ Edinburgh,,2020-06-02,2020-06-02,2020-07-15,,https://patents.google.com/patent/GB202008274D0/en,
GB-202009006-D0,Apparatus and methods for wireless data communication using sectrum white spaces ,Univ Edinburgh,,2020-06-12,2020-06-12,2020-07-29,,https://patents.google.com/patent/GB202009006D0/en,
GB-201303537-D0,CSF-1 based therapeutics ,Univ Edinburgh,,2013-02-28,2013-02-28,2013-04-10,,https://patents.google.com/patent/GB201303537D0/en,
GB-201312103-D0,Novel cellular regenerative therapy ,Univ Edinburgh,,2013-07-03,2013-07-03,2013-08-21,,https://patents.google.com/patent/GB201312103D0/en,
GB-201312037-D0,Novel cellular regenerative therapy ,Univ Edinburgh,,2013-07-04,2013-07-04,2013-08-21,,https://patents.google.com/patent/GB201312037D0/en,
GB-201321410-D0,Novel screening method ,Univ Edinburgh,,2013-12-04,2013-12-04,2014-01-15,,https://patents.google.com/patent/GB201321410D0/en,
GB-202009098-D0,Enhanced mitochondrial response ,Univ Edinburgh,,2020-06-15,2020-06-15,2020-07-29,,https://patents.google.com/patent/GB202009098D0/en,
GB-201320894-D0,CSF-1 Therapeutics ,Univ Edinburgh,,2013-11-27,2013-11-27,2014-01-08,,https://patents.google.com/patent/GB201320894D0/en,
GB-202009588-D0,Electrospinning ,Univ Edinburgh,,2020-06-23,2020-06-23,2020-08-05,,https://patents.google.com/patent/GB202009588D0/en,
GB-202010024-D0,Feed forward cassettes ,Univ Edinburgh,,2020-06-30,2020-06-30,2020-08-12,,https://patents.google.com/patent/GB202010024D0/en,
CA-133941-S,Electronic user interface device ,Univ Edinburgh,,2010-02-03,2010-02-03,2011-01-25,2011-01-25,https://patents.google.com/patent/CA133941S/en,
GB-2467227-B,Communications subnetworks ,Univ Edinburgh,"John Milligan Hannah, Junkang Ma",2009-01-22,2010-01-21,2012-09-26,2012-09-26,https://patents.google.com/patent/GB2467227B/en,
GB-202018216-D0,"Apparatus, system and method for use in materials testing ",Univ Edinburgh,,2020-11-19,2020-11-19,2021-01-06,,https://patents.google.com/patent/GB202018216D0/en,
GB-202012496-D0,Adaptive hybrid optical detection ,Univ Edinburgh,,2020-08-11,2020-08-11,2020-09-23,,https://patents.google.com/patent/GB202012496D0/en,
GB-202105947-D0,Amplification of single stranded DNA ,Univ Edinburgh,,2021-04-26,2021-04-26,2021-06-09,,https://patents.google.com/patent/GB202105947D0/en,
GB-202102696-D0,Predicting resistance to tilapia lake virus ,"Univ Edinburgh, Worldfish Center Malaysia Office",,2021-02-25,2021-02-25,2021-04-14,,https://patents.google.com/patent/GB202102696D0/en,
EP-2498809-A1,Immune system modulating composition ,University Court of the University of Edinburgh,Jose Antonio Vazquez Boland,2009-11-11,2010-11-11,2012-09-19,,https://patents.google.com/patent/EP2498809A1/en,
GB-202101369-D0,Sensor Device for Imaging ,Univ Edinburgh,,2021-02-01,2021-02-01,2021-03-17,,https://patents.google.com/patent/GB202101369D0/en,
GB-202019484-D0,CHO cell modification ,Univ Edinburgh,,2020-12-10,2020-12-10,2021-01-27,,https://patents.google.com/patent/GB202019484D0/en,
GB-202206336-D0,Recombinant therapeutic FMR1 constructs and methods of treating fragile X syndrome and related disorders ,Univ Edinburgh,,2022-04-29,2022-04-29,2022-06-15,,https://patents.google.com/patent/GB202206336D0/en,
GB-201313833-D0,Tissue manipulation device ,Univ Edinburgh,,2013-08-02,2013-08-02,2013-09-18,,https://patents.google.com/patent/GB201313833D0/en,
GB-201313895-D0,Novel analgesic therapy ,Univ Edinburgh,,2013-08-02,2013-08-02,2013-09-18,,https://patents.google.com/patent/GB201313895D0/en,
GB-202111287-D0,Transcription factor ,Univ Edinburgh,,2021-08-04,2021-08-04,2021-09-15,,https://patents.google.com/patent/GB202111287D0/en,
GB-201214946-D0,Optimising wave energy extraction ,Univ Edinburgh,,2012-08-22,2012-08-22,2012-10-03,,https://patents.google.com/patent/GB201214946D0/en,
GB-201215483-D0,Modalyzer ,"Pal Saptarshi Rishi, Univ Edinburgh",,2012-08-30,2012-08-30,2012-10-17,,https://patents.google.com/patent/GB201215483D0/en,
GB-201312393-D0,Compositions and Methods ,Univ Edinburgh,,2013-07-10,2013-07-10,2013-08-21,,https://patents.google.com/patent/GB201312393D0/en,
GB-201521454-D0,Nucleic acid aditing systems ,Univ Edinburgh,,2015-12-04,2015-12-04,2016-01-20,,https://patents.google.com/patent/GB201521454D0/en,
GB-202110701-D0,Method of selective precipitation of metals using amide compounds ,Univ Edinburgh,,2021-07-26,2021-07-26,2021-09-08,,https://patents.google.com/patent/GB202110701D0/en,
US-2022002400-A1,Methods of Treating Influenza A Virus Infections ,"President And Fellows Of Harvard College, The General Hospital Corporation Dba Massachusetts General Hospital, University Of Edinburgh","Bo Li, Nir Hacohen, J. Kenneth Baillie",2019-03-27,2021-09-24,2022-01-06,,https://patents.google.com/patent/US20220002400A1/en,https://patentimages.storage.googleapis.com/f9/c8/c0/a081bfc7313db2/US20220002400A1-20220106-D00000.png
GB-202117727-D0,Fap detection ,Univ Edinburgh,,2021-12-08,2021-12-08,2022-01-19,,https://patents.google.com/patent/GB202117727D0/en,
GB-201503485-D0,Methods & Kits ,Medical Res Council And Univ Edinburgh The And Lothian Health Board,,2015-03-02,2015-03-02,2015-04-15,,https://patents.google.com/patent/GB201503485D0/en,
GB-202117821-D0,A method of providing peptides ,Univ Edinburgh,,2021-12-09,2021-12-09,2022-01-26,,https://patents.google.com/patent/GB202117821D0/en,
GB-201421904-D0,Methods and kits ,Medical Res Council And Univ Edinburgh The And Lothian Health Board,,2014-12-09,2014-12-09,2015-01-21,,https://patents.google.com/patent/GB201421904D0/en,
GB-201503381-D0,Nucleic acid editing systems ,Univ Edinburgh,,2015-02-27,2015-02-27,2015-04-15,,https://patents.google.com/patent/GB201503381D0/en,
GB-202211123-D0,Cancer treatment ,Univ Edinburgh,,2022-07-29,2022-07-29,2022-09-14,,https://patents.google.com/patent/GB202211123D0/en,
WO-2021191094-A1,Erbb-targeted therapies for neuropathic pain ,"University Court Of The University Of Edinburgh, Merck Patent Gmbh","Susan Fleetwood-Walker, Rory Mitchell",2020-03-24,2021-03-22,2021-09-30,,https://patents.google.com/patent/WO2021191094A1/en,
GB-201502622-D0,Assay construct ,Univ Edinburgh,,2015-02-17,2015-02-17,2015-04-01,,https://patents.google.com/patent/GB201502622D0/en,
GB-201521450-D0,Assay construct ,Univ Edinburgh,,2015-12-04,2015-12-04,2016-01-20,,https://patents.google.com/patent/GB201521450D0/en,
US-11214799-B2,"HA-specific influenza virus attenuated vaccine comprising mutations in segment 7, and uses therefor ",The University Court Of The University Of Edinburg Old College,"Darrell R. Kapczynski, Paul Digard, Lonneke Vervelde, David L. Suarez",2019-03-12,2020-03-10,2022-01-04,2022-01-04,https://patents.google.com/patent/US11214799B2/en,https://patentimages.storage.googleapis.com/a8/ff/12/7a500c79b18f80/US11214799-20220104-D00001.png
US-2023023897-A1,System and method for cell characterisation in biological tissue ,"The University Court Of The University Of Glasgow, The University Court Of The University Of Edinburgh","John Richard MERCER, Steven NEALE, Anubhav BUSSOOA, Daniel HOARE, Nosrat MIRZAI, Jakub CZYZEWSKI, Michael HOLSGROVE, Srinjoy Mitra, Andreas TSIAMIS, Jamie MARLAND",2021-07-26,2021-07-26,2023-01-26,,https://patents.google.com/patent/US20230023897A1/en,https://patentimages.storage.googleapis.com/71/01/86/b3092c65dbb92a/US20230023897A1-20230126-D00000.png
GB-2604903-A,Detection of Ransomware ,The Court Of Edinburgh Napier Univ Constituted By The Napier College Of Commerce And Technology No 2,"Buchanan Bill, Mclaren Peter, Russell Gordon, Tan Zhiyuan",2021-03-18,2021-03-18,2022-09-21,,https://patents.google.com/patent/GB2604903A/en,
GB-201613169-D0,Modulation scheme for communications systems ,Univ Of Edinburgh The Univ Court Of The,,2016-07-29,2016-07-29,2016-09-14,,https://patents.google.com/patent/GB201613169D0/en,
GB-201615903-D0,Sample preparation device ,Univ Court Of The Univ Of Edinburgh The,,2016-09-19,2016-09-19,2016-11-02,,https://patents.google.com/patent/GB201615903D0/en,
CA-3184028-A1,Transgene expression system ,"Stuart Robert COBB, The University Court Of The University Of Edinburgh, Paul Ross, Ralph David HECTOR, Susan Rosser, Adam Mol","Stuart Robert COBB, Paul Ross, Ralph David HECTOR, Susan Rosser, Adam Mol",2020-06-30,2021-06-29,2022-01-06,,https://patents.google.com/patent/CA3184028A1/en,
AU-2011203346-A8,Detection of cellular stress ,"Cxr Biosciences Limited, The University Court Of The University Of Edinburgh","Kenneth Brown, Anthony John Clark, Clifford Roy Elcombe, Christopher Bruce Alexander Whitelaw, Charles Roland Wolf",2004-07-16,2011-07-07,2011-08-11,,https://patents.google.com/patent/AU2011203346A8/en,
EP-4036238-A1,Functional nucleic acid molecule and method ,The University Court of the University of Edinburgh,"Ute Koeber, Mantas Matjusaitis, Steven Pollard",2021-01-27,2021-01-27,2022-08-03,,https://patents.google.com/patent/EP4036238A1/en,https://patentimages.storage.googleapis.com/74/3b/c0/37153eb69fe0ac/imgf0001.png
EP-4038088-A1,Adenovirus vectors and uses thereof ,"Janssen Vaccines & Prevention B.V., Batavia Biosciences B.V., The University Court Of The University of Edinburgh, Niklas Arnberg Konsult AB","Jerôme Hubertina Henricus Victor Custers, Menzo Jans Emko Havenga, Mónika BALLMANN, Angelique Alida Corina Lemckert, Andrew Baker, Niklas Arnberg, Gyozo KAJAN",2019-10-03,2020-10-02,2022-08-10,,https://patents.google.com/patent/EP4038088A1/en,
WO-2017212294-A1,Method for generating mast cells ,The University Court Of The University Of Edinburgh,"Elaine Dzierzak, Mari-Liis Kauts, Polynikis KAIMAKIS",2016-06-09,2017-06-09,2017-12-14,,https://patents.google.com/patent/WO2017212294A1/en,
WO-2023017267-A1,Method for joining thermoplastic articles ,The University Court Of The University Of Edinburgh,"Dipa ROY, Conchúr Ó BRÁDAIGH, Kate Niamh O'ROURKE, Ogwa Winifred OBANDE",2021-08-10,2022-08-10,2023-02-16,,https://patents.google.com/patent/WO2023017267A1/en,
WO-2021038213-A1,Engineered crispra ,The University Court Of The University Of Edinburgh,"Baojun WANG, Yang Liu",2019-08-23,2020-08-24,2021-03-04,,https://patents.google.com/patent/WO2021038213A1/en,
WO-2022055833-A1,Clocked active quench/recharge and gain cell memory pixel ,"Sense Photonics, Inc., The University Court Of The University Of Edinburgh","Robert Henderson, Tarek AL ABBAS, Hod Finkelstein",2020-09-11,2021-09-07,2022-03-17,,https://patents.google.com/patent/WO2022055833A1/en,
WO-2023017264-A1,Tyrosine kinase inhibitors ,The University Court Of The University Of Edinburgh,"Carolin TEMPS, Stephen Croke, Neil O. CARRAGHER, Asier Unciti-Broceta",2021-08-11,2022-08-10,2023-02-16,,https://patents.google.com/patent/WO2023017264A1/en,
WO-2022238696-A1,Radiation-activatable compounds and uses thereof ,The University Court Of The University Of Edinburgh,"Mark Bradley, Jin GENG, Kevin Neumann, Yichuan Zhang",2021-05-12,2022-05-11,2022-11-17,,https://patents.google.com/patent/WO2022238696A1/en,
WO-2022238678-A1,A system comprising a nematic liquid crystal and an interface ,The University Court Of The University Of Edinburgh,Tiffany Wood,2021-05-11,2022-04-28,2022-11-17,,https://patents.google.com/patent/WO2022238678A1/en,
GB-201006201-D0,Process for the manufacture of cellulose-based fibres and the fibres thus obtained ,Court Of Edinburgh Napier Univ,,2010-04-14,2010-04-14,2010-06-02,,https://patents.google.com/patent/GB201006201D0/en,
GB-201818498-D0,"Method for processing fibrous cellulosic material, products and uses thereof ",Court Of Edinburgh Napier Univ,,2018-11-13,2018-11-13,2018-12-26,,https://patents.google.com/patent/GB201818498D0/en,
GB-202300569-D0,Private key system and method ,Court Of Edinburgh Napier Univ,,2023-01-13,2023-01-13,2023-03-01,,https://patents.google.com/patent/GB202300569D0/en,
GB-202004690-D0,Composition for enhancing immune response of cells ,Edinburgh Napier Univ,,2020-03-31,2020-03-31,2020-05-13,,https://patents.google.com/patent/GB202004690D0/en,
GB-201902028-D0,Augmented reality methods and systems ,Court Of Edinburgh Napier Univ,,2019-02-14,2019-02-14,2019-04-03,,https://patents.google.com/patent/GB201902028D0/en,
GB-201705333-D0,System and method for management of confidential data ,Edinburgh Napier Univ,,2017-04-03,2017-04-03,2017-05-17,,https://patents.google.com/patent/GB201705333D0/en,
GB-202208072-D0,Software management system ,Court Of Edinburgh Napier Univ,,2022-05-31,2022-05-31,2022-07-13,,https://patents.google.com/patent/GB202208072D0/en,
GB-201705474-D0,Peripheral Scuba Mask ,Edinburgh Napier Univ,,2017-04-05,2017-04-05,2017-05-17,,https://patents.google.com/patent/GB201705474D0/en,
GB-201705541-D0,Compostable disposable tableware made from eggshell waste ,Edinburgh Napier Univ,,2017-04-05,2017-04-05,2017-05-17,,https://patents.google.com/patent/GB201705541D0/en,
GB-201705443-D0,Movement of riding a horse in chair ,"Hunter Callum James, Edinburgh Napier Univ",,2017-04-04,2017-04-04,2017-05-17,,https://patents.google.com/patent/GB201705443D0/en,
GB-201705542-D0,Compostable disposable material made from eggshell waste ,Edinburgh Napier Univ,,2017-04-05,2017-04-05,2017-05-17,,https://patents.google.com/patent/GB201705542D0/en,
GB-202212381-D0,Hearing abilities assessment ,Court Of Edinburgh Napier Univ,,2022-08-25,2022-08-25,2022-10-12,,https://patents.google.com/patent/GB202212381D0/en,
GB-201707755-D0,Biodegradable material from a raw calcium carbonate based material and a biodegradable fibril or fibre based binding agent ,Edinburgh Napier Univ,,2017-05-15,2017-05-15,2017-06-28,,https://patents.google.com/patent/GB201707755D0/en,
GB-201705378-D0,Recycled tyre heated outdoor seating ,Edinburgh Napier Univ,,2017-04-04,2017-04-04,2017-05-17,,https://patents.google.com/patent/GB201705378D0/en,
GB-201004485-D0,Improved method for determining replicative senescence in T lymphoctes ,Court Of Edinburgh Napier Univ,,2010-03-18,2010-03-18,2010-05-05,,https://patents.google.com/patent/GB201004485D0/en,
GB-201006136-D0,Process for the manufacture of cellulose-based fibres and the fibres thus obtained ,Court Of Edinburgh Napier Univ,,2010-04-13,2010-04-13,2010-05-26,,https://patents.google.com/patent/GB201006136D0/en,
GB-201705344-D0,Luna ,Edinburgh Napier Univ,,2017-04-03,2017-04-03,2017-05-17,,https://patents.google.com/patent/GB201705344D0/en,
GB-201705345-D0,Feelix ,Edinburgh Napier Univ,,2017-04-03,2017-04-03,2017-05-17,,https://patents.google.com/patent/GB201705345D0/en,
GB-201615923-D0,Macrophage-based therapy ,Univ Court Of The Univ Of Edinburgh The,,2016-09-19,2016-09-19,2016-11-02,,https://patents.google.com/patent/GB201615923D0/en,
GB-201611448-D0,A locomotion platform and mutiagent system ,Univ Court Of The Univ Of Edinburgh The,,2016-06-30,2016-06-30,2016-08-17,,https://patents.google.com/patent/GB201611448D0/en,
WO-2023278547-A1,Highly parallel large memory histogramming pixel for direct time of flight lidar ,"Sense Photonics, Inc., The University Court Of The University Of Edinburgh","Tarek AL ABBAS, Robert Henderson",2021-06-30,2022-06-29,2023-01-05,,https://patents.google.com/patent/WO2023278547A1/en,
WO-2022175498-A1,Tolerance to theileriosis infection in cattle ,"The University Court Of The University Of Edinburgh, International Livestock Research Institute (Ilri), Scotland's Rural College (Sruc)","James Prendergast, David Wragg, Philip TOYE, Elizabeth Cook, Tatjana STITT",2021-02-19,2022-02-18,2022-08-25,,https://patents.google.com/patent/WO2022175498A1/en,
GB-201705489-D0,Drawing/painting/writing aid for those suffering from arthritic symptoms ,Edinburgh Napier Univ,,2017-04-05,2017-04-05,2017-05-17,,https://patents.google.com/patent/GB201705489D0/en,
