search URL:,https://patents.google.com/?assignee=glasgow+univ&after=filing:20100101&language=ENGLISH
id,title,assignee,inventor/author,priority date,filing/creation date,publication date,grant date,result link,representative figure link
US-2018008542-A1,Pharmaceutical composition ,"University Of Strathclyde, University Court Of The University Of Glasgow","Barry Douglas Moore, Marie Claire Parker, Johann Partridge, Jan Vos, Michaela Maria Kreiner, Howard Norman Ernest Stevens, Maria Victoria Flores, Alistair Ross",2003-01-09,2017-06-02,2018-01-11,,https://patents.google.com/patent/US20180008542A1/en,https://patentimages.storage.googleapis.com/94/0d/a5/57713cdbbef38f/US20180008542A1-20180111-D00001.png
US-8692192-B2,Methods and systems for mass spectrometry ,University Of Washington Through Its Center For Commercialization,"David R. Goodlett, Scott R. Heron, Jon Cooper",2009-11-13,2013-04-08,2014-04-08,2014-04-08,https://patents.google.com/patent/US8692192B2/en,https://patentimages.storage.googleapis.com/d6/6a/ce/b49695f99ec4ef/US08692192-20140408-D00000.png
CA-2854715-C,Apparatus and methods for the electrochemical generation of oxygen and/or hydrogen ,"The University Court Of The University Of Glasgow, Leroy Cronin, Mark SYMES","Leroy Cronin, Mark SYMES",2011-11-08,2012-11-08,2021-04-27,2021-04-27,https://patents.google.com/patent/CA2854715C/en,
CA-2931654-C,Fluidics apparatus and fluidics substrate ,"The University Court Of The University Of Glasgow, Rab Wilson, Jonathan M. Cooper, Julien Reboud","Rab Wilson, Jonathan M. Cooper, Julien Reboud",2009-08-24,2010-08-24,2018-11-27,2018-11-27,https://patents.google.com/patent/CA2931654C/en,
US-9962677-B2,Methods of evolutionary synthesis including embodied chemical syntheses ,The University Court Of The University Of Glasgow,Leroy Cronin,2012-05-25,2017-08-04,2018-05-08,2018-05-08,https://patents.google.com/patent/US9962677B2/en,https://patentimages.storage.googleapis.com/42/bc/ca/5b61e498543195/US09962677-20180508-D00000.png
US-9513171-B2,"Terahertz radiation detector, focal plane array incorporating terahertz detector, multispectral metamaterial absorber, and combined optical filter and terahertz absorber ",The University Court Of The University Of Glasgow,"David Robert Sime Cumming, James Paul Grant, Iain James Hugh McCrindle",2012-11-27,2013-11-26,2016-12-06,2016-12-06,https://patents.google.com/patent/US9513171B2/en,https://patentimages.storage.googleapis.com/c7/3e/31/1ec7c4685e18e2/US09513171-20161206-D00000.png
US-2018338997-A1,Therapeutic uses of microvesicles and related micrornas ,The University Court Of The University Of Glasgow,"Paul Shiels, Wayne Davies",2010-08-13,2017-12-01,2018-11-29,,https://patents.google.com/patent/US20180338997A1/en,https://patentimages.storage.googleapis.com/f1/c3/13/28b07a8b76b5d4/US20180338997A1-20181129-D00001.png
CA-2827825-C,"Fluidics apparatus for surface acoustic wave manipulation of fluid samples, use of fluidics apparatus and process for the manufacture of fluidics apparatus ","The University Court Of The University Of Glasgow, Rab Wilson, Jonathan M. Cooper, Julien Reboud","Rab Wilson, Jonathan M. Cooper, Julien Reboud",2011-02-24,2012-02-24,2019-09-03,2019-09-03,https://patents.google.com/patent/CA2827825C/en,
JP-2018148921-A,Production of erythrocytes ,"ザ コモン サーヴィシス エージェンシー, Common Services Agency:The, ザ  コモン  サーヴィシス  エージェンシー, ユニバーシティ コート オブ ザ ユニバーシティ オブ グラスゴー, Univ Court Of The Univ Of Glasgow, ユニバーシティ  コート  オブ  ザ  ユニバーシティ  オブ  グラスゴー","マウントフォード，ジョアンヌ, Mountford Joanne, オリバー，エマニュエル, Oliver Emmanuel",2012-07-20,2018-06-04,2018-09-27,,https://patents.google.com/patent/JP2018148921A/en,https://patentimages.storage.googleapis.com/5c/04/08/ab4aa2fd1f6aef/2018148921-5.png
JP-2019059733-A,Phosphodiesterase 4d7 as prostate cancer marker ,"コーニンクレッカ フィリップス エヌ ヴェＫｏｎｉｎｋｌｉｊｋｅ Ｐｈｉｌｉｐｓ Ｎ．Ｖ．, Koninklijke Philips Nv, コーニンクレッカ  フィリップス  エヌ  ヴェ, ザ ユニバーシティー コート オブ ザ ユニバーシティー オブ グラスゴー, Univ Court Of The Univ Of Glasgow, ザ  ユニバーシティー  コート  オブ  ザ  ユニバーシティー  オブ  グラスゴー","ホフマン，ラルフ, Hoffmann Ralf, デー ハウスライ，ミレス, D Houslay Miles, デー ハウスライ，ミレス, イェー ペー ヘンデルソン，ダーフィト, j p henderson David, イェー  ペー ヘンデルソン，ダーフィト",2009-05-12,2018-10-31,2019-04-18,,https://patents.google.com/patent/JP2019059733A/en,https://patentimages.storage.googleapis.com/21/7a/c7/1e23ccf9cd7a60/2019059733-4.png
US-8980190-B2,Plasma generation and use of plasma generation apparatus ,The University Court Of The University Of Glasgow,"Declan Andrew Diver, Hugh Potts",2009-11-03,2010-11-03,2015-03-17,2015-03-17,https://patents.google.com/patent/US8980190B2/en,https://patentimages.storage.googleapis.com/01/af/ed/db55930fe4a6ef/US08980190-20150317-D00000.png
EP-3054832-B1,Endoscopy capsule with spad array for detecting fluorescence emitted by biological tissue ,The University Court Of The University Of Glasgow,"David Robert Sime Cumming, Mohammed AL-RAWHANI",2013-10-10,2014-10-09,2018-08-01,2018-08-01,https://patents.google.com/patent/EP3054832B1/en,https://patentimages.storage.googleapis.com/7e/66/04/13bc7b582a2fd8/imgf0001.png
US-2016326237-A1,Methods of treatment for guillain-barre syndrome ,"Annexon, Inc., The University Of Glasgow","Arnon Rosenthal, Michael Leviten, Hugh J. Willison, Rhona McGonigal",2013-05-15,2015-11-12,2016-11-10,,https://patents.google.com/patent/US20160326237A1/en,https://patentimages.storage.googleapis.com/b5/df/91/e6373f77c67bca/US20160326237A1-20161110-D00001.png
EP-2814611-B1,Apparatus and methods for the preparation of reaction vessels with a 3d-printer ,The University Court Of The University Of Glasgow,Leroy Cronin,2012-02-17,2013-02-18,2020-06-17,2020-06-17,https://patents.google.com/patent/EP2814611B1/en,https://patentimages.storage.googleapis.com/00/ca/8b/ff0096a56ab54d/imgf0001.png
US-2017297913-A1,Hydrogen Generation ,The University Court Of The University Of Glasgow,"Leroy Cronin, Mark Symes, Greig Chisholm, Benjamin Rausch",2014-09-11,2015-09-11,2017-10-19,,https://patents.google.com/patent/US20170297913A1/en,https://patentimages.storage.googleapis.com/1a/e4/30/bfb7023978815a/US20170297913A1-20171019-D00001.png
EP-3025099-B1,Control device and method for buildings ,University Court of Glasgow Caledonian University,"Hadi LARIJANI, Ali AHMADINIA, Rohinton EMMANUEL, Abbas JAVED",2013-07-24,2014-07-17,2018-12-26,2018-12-26,https://patents.google.com/patent/EP3025099B1/en,https://patentimages.storage.googleapis.com/12/33/1a/21950da8034400/imgf0001.png
US-11050219-B2,Laser device and method for its operation ,The University Court Of The University Of Glasgow,"Richard Hogg, David Childs, Richard Taylor",2016-05-06,2017-05-05,2021-06-29,2021-06-29,https://patents.google.com/patent/US11050219B2/en,https://patentimages.storage.googleapis.com/f3/01/47/deaf3fd361717f/US11050219-20210629-D00000.png
JP-2022184996-A,Engineered parasites for delivering protein to central nervous system (cns) ,"ラモット・アット・テル・アビブ・ユニバーシテイ・リミテッド, Ramot At Tel Aviv University Ltd, ザ ユニヴァーシティー コート オブ ザ ユニヴァーシティー オブ グラスゴー, Univ Court Of The Univ Of Glasgow :The","オーデッド レチャヴィ, Rechavi Oded, シャハール ブラチャ, Bracha Shahar, リラチ シャイナー, Sheiner Lilach",2016-06-29,2022-09-22,2022-12-13,,https://patents.google.com/patent/JP2022184996A/en,https://patentimages.storage.googleapis.com/7b/e9/37/515c6eb2a3c0aa/2022184996000210.png
JP-2019205431-A,Phosphodiesterase 4d7 as marker for malignant hormone-sensitive prostate cancer ,"コーニンクレッカ フィリップス エヌ ヴェＫｏｎｉｎｋｌｉｊｋｅ Ｐｈｉｌｉｐｓ Ｎ．Ｖ．, Koninklijke Philips Nv, コーニンクレッカ  フィリップス  エヌ  ヴェ, ザ ユニバーシティー コート オブ ザ ユニバーシティー オブ グラスゴー, Univ Court Of The Univ Of Glasgow, ザ  ユニバーシティー  コート  オブ  ザ  ユニバーシティー  オブ  グラスゴー","ラルフ ホフマン, Hoffmann Ralf, ラルフ ホフマン, マイルズ デー ホウスレイ, D Houslay Miles, マイルズ  デー ホウスレイ, デービッド ジェイ ピー ヘンダーソン, j p henderson David, デービッド  ジェイ  ピー ヘンダーソン",2009-05-12,2019-06-04,2019-12-05,,https://patents.google.com/patent/JP2019205431A/en,https://patentimages.storage.googleapis.com/01/14/b5/931554deb9db9d/2019205431-7.png
JP-2020073480-A,Materials and methods for modulation of tendon healing ,"ザ ユニバーシティー コート オブ ザ ユニバーシティー オブ グラスゴー, Univ Court Of The Univ Of Glasgow, ザ  ユニバーシティー  コート  オブ  ザ  ユニバーシティー  オブ  グラスゴー","スチュアート ギルクリスト，デリク, Stewart Gilchrist Derek, スチュアート ギルクリスト，デリク, リンジー ミラー，ニール, Lindsay Millar Neal, リンジー ミラー，ニール",2014-01-14,2019-10-17,2020-05-14,,https://patents.google.com/patent/JP2020073480A/en,https://patentimages.storage.googleapis.com/c9/34/31/f650b536d3b466/2020073480-5.png
JP-2012187120-A,Material and method relating to cell-based therapy ,"Univ Court Of The Univ Of Glasgow, ザ・ユニヴァーシティ・コート・オブ・ザ・ユニヴァーシティ・オブ・グラスゴー","Paul G Shiels, ポール・ジー・シールズ, R Wayne Davies, アール・ウェイン・デイヴィース",2005-05-13,2012-06-20,2012-10-04,,https://patents.google.com/patent/JP2012187120A/en,
GB-201814688-D0,Single photon avaalanche detector method for use therof and method for it's manufacture ,"Univ Court Univ Of Glasgow, Univ Heriot Watt",,2018-09-10,2018-09-10,2018-10-24,,https://patents.google.com/patent/GB201814688D0/en,
CN-110945015-A,MECP 2-based therapies ,"爱丁堡大学董事会, 格拉斯哥大学理事会","艾德里安·伯德, 丽贝卡·蒂洛森, 斯图亚特·罗伯特·科布, 拉尔夫·大卫·赫克特",2017-03-24,2018-03-23,2020-03-31,,https://patents.google.com/patent/CN110945015A/en,https://patentimages.storage.googleapis.com/8f/c5/fd/884de948bf2bbf/HDA0002284620610000021.png
US-2013047728-A1,Apparatus and method for the manipulation of objects using ultrasound ,"University Of Dundee, University Of Southampton, University Of Glasgow, University Of Bristol","Sandy Cochran, Bruce Drinkwater, Martyn Hill, David CUMMING",2009-09-21,2010-09-21,2013-02-28,,https://patents.google.com/patent/US20130047728A1/en,https://patentimages.storage.googleapis.com/21/ea/6e/ef5f91d35e0922/US20130047728A1-20130228-D00000.png
GB-201320636-D0,Compounds ,"Medical Res Council, Univ Otago, Univ Glasgow",,2013-11-22,2013-11-22,2014-01-08,,https://patents.google.com/patent/GB201320636D0/en,
GB-201810944-D0,Machine learning ,Univ Court Univ Of Glasgow,,2018-07-04,2018-07-04,2018-08-15,,https://patents.google.com/patent/GB201810944D0/en,
GB-201702724-D0,Sensor and devices incorporating sensors ,Univ Court Univ Of Glasgow,,2017-02-20,2017-02-20,2017-04-05,,https://patents.google.com/patent/GB201702724D0/en,
CA-3090334-A1,Method and system for nonlinear optical process optimization via temporal pulse splitting ,"The University Of Sussex, The University Court Of The University Of Glasgow, Institut National De La Recherche Scientifique, Benjamin WETZEL, Michael Kues, Christian REIMER, Robin HELSTEN, Piotr ROZTOCKI, Yoann JESTIN, Roberto Morandotti","Benjamin WETZEL, Michael Kues, Christian REIMER, Robin HELSTEN, Piotr ROZTOCKI, Yoann JESTIN, Roberto Morandotti",2018-02-05,2019-02-05,2019-08-08,,https://patents.google.com/patent/CA3090334A1/en,
GB-201819928-D0,Method for generating persulfate ,Univ Court Univ Of Glasgow,,2018-12-06,2018-12-06,2019-01-23,,https://patents.google.com/patent/GB201819928D0/en,
EP-2440890-A2,Measurement of mass flow ,University Court of Glasgow Caledonian University,"John R. Pugh, Donald Mcglinchey, Elizabeth A. Knight, Paul Mckenna, Yingna Zheng, Qiang Liu",2009-06-11,2010-06-11,2012-04-18,,https://patents.google.com/patent/EP2440890A2/en,
EP-2723409-A2,Polymeric materials ,"Invibio Limited, The University Court Of The University Of Glasgow","Nuno Sereno, Vaughn WILLIAMS, Marcus Jarman-Smith, Nikolaj Gadegaard",2011-06-24,2012-06-21,2014-04-30,,https://patents.google.com/patent/EP2723409A2/en,
AU-2016235036-A1,Reassortant btv and ahsv vaccines ,"Merial, Inc., The University Court Of The University Of Glasgow","Jean-Christophe Audonnet, Pascal HUDELET, Sandro Filipe Nunes, Massimo Palmarini",2012-06-13,2016-10-03,2016-10-27,,https://patents.google.com/patent/AU2016235036A1/en,
US-2013280219-A1,Materials and methods relating to cell based therapies ,The University Court Of The University Of Glasgow,Paul Shiels,2008-05-09,2013-05-21,2013-10-24,,https://patents.google.com/patent/US20130280219A1/en,https://patentimages.storage.googleapis.com/8b/5e/c2/2ce8e27a01ebc9/US20130280219A1-20131024-D00001.png
US-2022184067-A1,Microvascular angina ,"The University Court Of The University Of Glasgow, Cambridge Enterprise Limited","Colin Berry, Thomas J. Ford, DAVENPORT Anthony P",2019-02-12,2020-02-12,2022-06-16,,https://patents.google.com/patent/US20220184067A1/en,https://patentimages.storage.googleapis.com/ad/a0/d9/dead7e6fac7228/US20220184067A1-20220616-D00000.png
US-10258987-B2,Fluid infection using acoustic waves ,"President And Fellows Of Harvard College, The University Court Of The University Of Glasgow","David A. Weitz, Thomas Franke",2014-06-26,2015-06-25,2019-04-16,2019-04-16,https://patents.google.com/patent/US10258987B2/en,https://patentimages.storage.googleapis.com/81/64/69/73b51ad9b3256a/US10258987-20190416-D00000.png
CA-2959203-A1,Measurement of acceleration ,"The University Court Of The University Of Glasgow, Paul CAMPSIE, Giles Dominic HAMMOND, Richard Paul MIDDLEMISS, Douglas John PAUL, Antonio SAMARELLI","Paul CAMPSIE, Giles Dominic HAMMOND, Richard Paul MIDDLEMISS, Douglas John PAUL, Antonio SAMARELLI",2014-08-26,2015-08-26,2016-03-03,,https://patents.google.com/patent/CA2959203A1/en,
AU-2015345130-B2,Nebulisation of liquids ,The University Court Of The University Of Glasgow,"Jonathan Cooper, Julien Reboud, Robert Wilson",2014-11-11,2015-11-11,2020-03-05,2020-03-05,https://patents.google.com/patent/AU2015345130B2/en,
EP-2712465-A2,Sample nebulization ,The University Court Of The University Of Glasgow,"Julien Reboud, Robert Wilson, Jonathan Cooper",2011-05-19,2012-05-18,2014-04-02,,https://patents.google.com/patent/EP2712465A2/en,
ES-2647413-T3,Colicins to treat bacterial infections ,The University Court Of The University Of Glasgow,"Daniel Walker, Karen Smith",2012-07-13,2013-07-12,2017-12-21,2017-12-21,https://patents.google.com/patent/ES2647413T3/en,
US-11556831-B2,Method and system for generation and control of high-dimensional multi-partite quantum states ,"Institut National De La Recherche Scientifique, The University Court Of The University Of Glasgow","Michael Kues, Christian Reimer, Stefania Sciara, Piotr Roztocki, Luis ROMERO CORTES, José AZAÑA, Yoann JESTIN, Roberto Morandotti",2017-11-29,2018-11-28,2023-01-17,2023-01-17,https://patents.google.com/patent/US11556831B2/en,https://patentimages.storage.googleapis.com/26/7d/bf/2b1db9ce723dd6/US11556831-20230117-D00000.png
US-2019390250-A1,Fragmentation of chains of nucleic acids ,The University Court Of The University Of Glasgow,"Robert Wilson, Jonathan M. Cooper, Julien Reboud",2016-10-10,2017-10-10,2019-12-26,,https://patents.google.com/patent/US20190390250A1/en,https://patentimages.storage.googleapis.com/83/ed/ee/50127b1a94db81/US20190390250A1-20191226-D00000.png
US-10768175-B2,"Plasmonic device, method of manufacturing a plasmonic device and method of analysis using a plasmonic device ",The Univ. Court Of The Univ. Of Glasgow,"Nikolaj Holledig GADEGAARD, Affar Shahid KARIMULLAH, Malcolm KADODWALA",2016-06-23,2017-06-22,2020-09-08,2020-09-08,https://patents.google.com/patent/US10768175B2/en,https://patentimages.storage.googleapis.com/76/e0/6f/2986b589da0cc2/US10768175-20200908-D00000.png
DK-201770576-A1,Method for determining pathological tissue damage and diagnosing infectious disease in fish ,"Biomar Group As, Marine Harvest (Scotland) Ltd, Univ Glasgow Court","Peter David Eckersall, Mark James Thomas Braceland, David John Cockerill, John William Tinsley, Ralph Anthony Bickerdike",2014-12-22,2017-07-17,2017-07-24,,https://patents.google.com/patent/DK201770576A1/en,
WO-2016001686-A1,SUCCINATE DEHYDROGENASE INHIBITORS (SDHi's) ,"Medical Research Council, The University Court Of The University Of Glasgow","Edward CHOUCHANI, Thomas Krieg, Kourosh SAEB-PARSY, Michael Patrick Murphy, Lorraine WORK, Christian Frezza",2014-07-03,2015-07-03,2016-01-07,,https://patents.google.com/patent/WO2016001686A1/en,
CO-6870004-A2,Methods of modulating a microarn in the treatment of pulmonary arterial hypertension ,"Univ Court Of The University Os Glasgow, Cambridge Entpr Ltd","Andrew Baker, Margaret Maclean, Nicholas Morrell",2011-05-09,2013-11-14,2014-02-20,,https://patents.google.com/patent/CO6870004A2/en,
IL-203479-A,Isolated nucleic acid sequence which is complementary to a nucleic acid sequence encoding a mutant pneumolysim (ply) protein ,"Univ Glasgow, Lea Ann Kirkham, Timothy John Mitchell",,2004-05-07,2010-01-24,2013-04-30,,https://patents.google.com/patent/IL203479A/en,
US-9922713-B2,Memory device ,The University Court Of The University Of Glasgow,"Leroy Cronin, Asen Asenov",2013-10-31,2014-10-30,2018-03-20,2018-03-20,https://patents.google.com/patent/US9922713B2/en,https://patentimages.storage.googleapis.com/47/4f/f5/4ec43dcd641a4b/US09922713-20180320-D00000.png
US-10128095-B2,Methods and systems of treating a particle beam and performing mass spectroscopy ,University Court Of University Of Glasgow,"Stewart Freeman, Richard Shanks",2014-06-26,2015-06-26,2018-11-13,2018-11-13,https://patents.google.com/patent/US10128095B2/en,https://patentimages.storage.googleapis.com/43/8d/cb/4830856acb546b/US10128095-20181113-D00000.png
US-2018037903-A1,Methods and means for increasing stress tolerance and biomass in plants ,"The University Court Of The University Of Glasgow, Bayer Cropscience Lp","Anna AMTMANN, Matthew Hannah, Veronique Gossele, Manuel LOPEZ-VERNAZA, Giorgio PERRELLA, Christoph VERDUYN",2013-01-29,2017-10-20,2018-02-08,,https://patents.google.com/patent/US20180037903A1/en,https://patentimages.storage.googleapis.com/fc/f4/e9/e88f8fd83e9d23/US20180037903A1-20180208-D00001.png
GB-2502007-A,Assay assembly and method ,"Univ Glasgow, Univ Edinburgh","Ekaterina Olegovna Mckenna, Yifan Li, Andrew Robert Pitt, Anthony John Walton, William Parkes",2010-12-03,2011-12-02,2013-11-13,,https://patents.google.com/patent/GB2502007A/en,
WO-2015025180-A1,Cholesterol modulation ,Glasgow Caledonian University,Annette GRAHAM,2013-08-23,2014-08-22,2015-02-26,,https://patents.google.com/patent/WO2015025180A1/en,
US-2021063136-A1,System and method for stabalization of multi-path optical interferometers ,"Institut National De La Recherche Scientifique, The University Court Of The University Of Glasgow","Mehedi Islam, Piotr Roztocki, Michael Kues, Christian Reimer, Bennet Fischer, Stefania Sciara, Robin Helsten, Yanbing Zhang, Yoann JESTIN, Roberto Morandotti",2019-08-29,2020-08-31,2021-03-04,,https://patents.google.com/patent/US20210063136A1/en,https://patentimages.storage.googleapis.com/bb/3c/10/74d3831e213f95/US20210063136A1-20210304-D00000.png
US-2018064850-A1,Biocompatible implants for use in tendon therapy ,The University Court Of The University Of Glasgow,"Derek Stewart GILCHRIST, Neal Lindsay MILLAR",2015-03-09,2016-03-09,2018-03-08,,https://patents.google.com/patent/US20180064850A1/en,https://patentimages.storage.googleapis.com/c5/e5/74/b28b4007bc467b/US20180064850A1-20180308-D00000.png
CN-202215411-U,Electromagnetic field ignition coupling device for internal combustion engine ,"四川得弘电子科技有限公司, 英国格拉斯哥大学","李耘, 孙方, 陈伟, 邹谋举",2011-09-28,2011-09-28,2012-05-09,2012-05-09,https://patents.google.com/patent/CN202215411U/en,https://patentimages.storage.googleapis.com/30/72/cb/745ea957414e4b/110928160341.png
GB-2552933-B,Optical illuminator ,Univ Court Of Glasgow Caledonian Univ,"Ramirez-Iniguez Roberto, Babadi Sina, Boutaleb Tuleen",2016-07-26,2016-07-26,2023-01-25,2023-01-25,https://patents.google.com/patent/GB2552933B/en,
US-2017362184-A1,Pro-survival compounds ,"University Court Of The University Of Glasgow, Heriot-Watt University","Joanne Mountford, Graeme Milligan, Dave Adams",2014-12-11,2015-12-11,2017-12-21,,https://patents.google.com/patent/US20170362184A1/en,https://patentimages.storage.googleapis.com/38/79/88/48df2660ee38aa/US20170362184A1-20171221-D00001.png
US-9642875-B2,Compounds and their effects on appetite control and insulin sensitivity ,"The University Court Of The University Of Glasgow, Imperial Innovations Limited","Gary Frost, Douglas Morrison, Thomas Preston",2012-07-31,2013-07-31,2017-05-09,2017-05-09,https://patents.google.com/patent/US9642875B2/en,https://patentimages.storage.googleapis.com/ad/40/0f/0a87010ff50466/US09642875-20170509-D00001.png
GB-201810312-D0,TSPO binders ,"Univ Court Univ Of Glasgow, Univ Edinburgh",,2018-06-22,2018-06-22,2018-08-08,,https://patents.google.com/patent/GB201810312D0/en,
US-10767153-B2,Mechanical bioreactor ,"The University Court Of The University Of Glasgow, The University Of The West Of Scotland","Matthew Dalby, Habib NIKUKAR, Gabriel PEMBERTON, Adam CURTIS, Stuart Reid, Peter Childs",2015-08-19,2016-08-19,2020-09-08,2020-09-08,https://patents.google.com/patent/US10767153B2/en,https://patentimages.storage.googleapis.com/16/c8/c6/392a9ea1ccae6f/US10767153-20200908-D00000.png
GB-201708369-D0,Insect trap ,"Univ Court Univ Of Glasgow, Ifakara Health Inst",,2014-10-31,2015-10-30,2017-07-12,,https://patents.google.com/patent/GB201708369D0/en,
GB-201709006-D0,Method of fabricating a monolithic sensor device from a layered structure ,Univ Court Univ Of Glasgow,,2017-06-06,2017-06-06,2017-07-19,,https://patents.google.com/patent/GB201709006D0/en,
GB-201712556-D0,Materials and methods for inducing regulatory T cells ,Univ Court Univ Of Glasgow,,2017-08-04,2017-08-04,2017-09-20,,https://patents.google.com/patent/GB201712556D0/en,
GB-201801170-D0,Use of polyoxometalate mediators ,Univ Court Univ Of Glasgow,,2018-01-24,2018-01-24,2018-03-07,,https://patents.google.com/patent/GB201801170D0/en,
GB-201800299-D0,Digital reactioware ,Univ Court Univ Of Glasgow,,2018-01-09,2018-01-09,2018-02-21,,https://patents.google.com/patent/GB201800299D0/en,
GB-201814093-D0,Photochromic and electrochromic compounds ,Univ Court Univ Of Glasgow,,2018-08-30,2018-08-30,2018-10-17,,https://patents.google.com/patent/GB201814093D0/en,
GB-201915222-D0,Diagnostic and prognostic biomarkers of disease remission in rheumatoid arthritis ,Univ Court Univ Of Glasgow,,2019-10-21,2019-10-21,2019-12-04,,https://patents.google.com/patent/GB201915222D0/en,
ES-2749465-A1,"Use of boron and its derivatives for the treatment of muscular dystrophies. (Machine-translation by Google Translate, not legally binding) ","Consorcio Centro De Investig Biomedica En Red M P, Univ Valencia, Univ Glasgow Court","Tortosa Patricia Rico, Sánchez Manuel Salmerón, Allepuz Rubén Artero, Schonbrunn Ariadna Bargiela, Alonso Manuel Pérez",2018-09-20,2018-09-20,2020-03-20,,https://patents.google.com/patent/ES2749465A1/en,
EP-2795388-B1,Optical element ,University Court of Glasgow Caledonian University,"Roberto Ramirez-Iniguez, Firdaus Muhammad SUKKI, Brian Stewart, Scott Mcmeekin",2011-12-22,2012-12-21,2022-02-02,2022-02-02,https://patents.google.com/patent/EP2795388B1/en,https://patentimages.storage.googleapis.com/9b/02/3b/9be14fb53a3734/imgf0001.png
GB-201806775-D0,"Display apparatus, controller therefor and method of controlling the same ",Univ Court Univ Of Glasgow,,2018-04-25,2018-04-25,2018-06-06,,https://patents.google.com/patent/GB201806775D0/en,
EP-2430189-B1,Phosphodiesterase 9a as prostate cancer marker ,"Koninklijke Philips N.V., University Court Of The University Of Glasgow","Ralf Hoffmann, Miles D. Houslay, David J. P. Henderson",2009-05-12,2010-05-11,2018-11-21,2018-11-21,https://patents.google.com/patent/EP2430189B1/en,https://patentimages.storage.googleapis.com/d6/ac/4b/5bf91acb24d9dd/imgf0001.png
GB-201708338-D0,Metabolite detection apparatus and method of detecting metabolites ,Univ Court Univ Of Glasgow,,2017-05-24,2017-05-24,2017-07-05,,https://patents.google.com/patent/GB201708338D0/en,
GB-201908547-D0,Method and apparatus for three-dimensional imaging ,Univ Court Univ Of Glasgow,,2019-06-14,2019-06-14,2019-07-31,,https://patents.google.com/patent/GB201908547D0/en,
GB-201708339-D0,Metabolite detection apparatus and method of detecting metabolites ,Univ Court Univ Of Glasgow,,2017-05-24,2017-05-24,2017-07-05,,https://patents.google.com/patent/GB201708339D0/en,
EP-2464286-A1,Improved method of determining metabolic function ,"Greater Glasgow Health Board, University Court of The University of Glasgow","Celestine Santosh, William Holmes, Rosario Lopez",2009-09-04,2010-09-03,2012-06-20,,https://patents.google.com/patent/EP2464286A1/en,
GB-201504387-D0,Materials and methods for the treatment of vascular disease ,Univ Glasgow,,2015-03-16,2015-03-16,2015-04-29,,https://patents.google.com/patent/GB201504387D0/en,
EP-2925223-A1,Improved methods of assessing metabolic function ,"Greater Glasgow Health Board, The University Court Of The University Of Glasgow","Graeme DEUCHAR, Celestine Santosh",2012-11-27,2013-11-27,2015-10-07,,https://patents.google.com/patent/EP2925223A1/en,
CN-113166812-A,Pre-operative risk stratification based on PDE4D7 and DHX9 expression ,"皇家飞利浦有限公司, 格拉斯哥大学委员会","G·贝利, R·D·霍夫曼",2018-10-11,2019-10-11,2021-07-23,,https://patents.google.com/patent/CN113166812A/en,https://patentimages.storage.googleapis.com/cb/dd/a2/41216bd23734f3/HDA0003107685320000061.png
EP-2398894-A1,Retention of a stem cell phenotype ,University Court of The University of Glasgow,"Matthew Dalby, Nikolaj Gadegaard, Richard Oreffo",2009-02-23,2010-02-23,2011-12-28,,https://patents.google.com/patent/EP2398894A1/en,
EP-3204753-B1,A hydrodynamic focussing method and related device ,The University Court Of The University Of Glasgow,"Xiaofei Yuan, Huabing Yin, Andrew GLIDLE",2014-10-09,2015-10-09,2020-04-22,2020-04-22,https://patents.google.com/patent/EP3204753B1/en,https://patentimages.storage.googleapis.com/34/21/ba/f5dae99ea3c882/imgf0001.png
CN-102410126-B,Ignition method and system for internal combustion engine ,"四川得弘电子科技有限公司, 英国格拉斯哥大学","李耘, 陈伟, 孙方",2011-09-28,2011-09-28,2013-11-20,2013-11-20,https://patents.google.com/patent/CN102410126B/en,https://patentimages.storage.googleapis.com/52/e5/78/04e4194df79f65/HDA0000096763910000011.png
AU-2010282547-A1,Methods and compositions for treating leukemia ,"Novartis Ag, The University Court Of The University Of Glasgow","Mhairi Copland, Marion Dorsch, David Irvine, Paul W. Manley, Stefan Peukert",2009-08-12,2010-08-11,2012-02-16,,https://patents.google.com/patent/AU2010282547A1/en,
GB-201315755-D0,Device and method for causing aggregation of blood cells and method of treating bleeding from an injury. ,Univ Glasgow,,2013-09-04,2013-09-04,2013-10-16,,https://patents.google.com/patent/GB201315755D0/en,
CN-202451343-U,Ignition system of internal combustion engine ,"四川得弘电子科技有限公司, 英国格拉斯哥大学","李耘, 陈伟, 孙方",2011-09-28,2011-09-28,2012-09-26,2012-09-26,https://patents.google.com/patent/CN202451343U/en,https://patentimages.storage.googleapis.com/11/96/d8/678da9a7596728/HDA0000096701750000042.png
GB-201315532-D0,Methods for detecting proteins ,Univ Glasgow,,2013-08-30,2013-08-30,2013-10-16,,https://patents.google.com/patent/GB201315532D0/en,
EP-3183785-B1,Improved laser structure ,The University Court of the University of Glasgow,"Richard James Edward TAYLOR, David T D CHILDS, Richard Hogg",2014-08-22,2015-08-21,2020-01-15,2020-01-15,https://patents.google.com/patent/EP3183785B1/en,https://patentimages.storage.googleapis.com/e3/7a/08/6cf8b40785a9fc/imgf0001.png
GB-201410631-D0,Method and apparatus for evaluating defocus in an image of a scene ,Univ Glasgow,,2014-06-13,2014-06-13,2014-07-30,,https://patents.google.com/patent/GB201410631D0/en,
US-9981005-B2,Methods for increasing DISC1 in a subject with schizophrenia or bipolar disorder by an antagonist inhibiting DISC1 binding to FBXW7 ,The University Court Of The University Of Glasgow,George Baillie,2013-09-27,2014-09-29,2018-05-29,2018-05-29,https://patents.google.com/patent/US9981005B2/en,https://patentimages.storage.googleapis.com/d4/d0/80/072d7f0c620036/US09981005-20180529-D00001.png
US-2018321164-A1,Method of analyzing molecular properties and spectrometer for the same ,"The University Court Of The University Of Glasgow, Max-Planck-Gesellschaft Zur Förderung Der Wissensc Haften E.V.","Robert P. CAMERON, Jörg B. GÖTTE, Stephen M. Barnett",2015-11-06,2016-11-04,2018-11-08,,https://patents.google.com/patent/US20180321164A1/en,https://patentimages.storage.googleapis.com/4c/71/b3/95c56580cee7d5/US20180321164A1-20181108-D00000.png
GB-201104114-D0,Polarisation control device ,Univ Glasgow,,2011-03-10,2011-03-10,2011-04-27,,https://patents.google.com/patent/GB201104114D0/en,
GB-201021551-D0,Method & apparatus ,"Doosan Power Systems Ltd, Univ The Glasgow",,2010-12-21,2010-12-21,2011-02-02,,https://patents.google.com/patent/GB201021551D0/en,
CN-202217579-U,Electromagnetic coupler for ignition of internal combustion engine ,"四川得弘电子科技有限公司, 英国格拉斯哥大学","李耘, 陈伟, 孙方",2011-09-28,2011-09-28,2012-05-09,2012-05-09,https://patents.google.com/patent/CN202217579U/en,https://patentimages.storage.googleapis.com/47/e5/fb/509bfe699ff755/HDA0000096766520000041.png
US-2022039395-A1,Insect control agents ,"The University Court Of The University Of Glasgow, The Usa, As Represented By The Sec Of Agriculture","Lucy Alford, Julian A. DOW, Shireen A. DAVIES, Ronald J. Nachman",2018-12-03,2019-12-03,2022-02-10,,https://patents.google.com/patent/US20220039395A1/en,https://patentimages.storage.googleapis.com/c0/24/ad/ebed6c63bda392/US20220039395A1-20220210-D00000.png
EP-3200813-B1,Pulmonary administration of pyocins for treating bacterial respiratory infections ,The University Court Of The University Of Glasgow,"Daniel Walker, Laura MCCAUGHEY",2014-09-23,2015-09-22,2021-04-07,2021-04-07,https://patents.google.com/patent/EP3200813B1/en,https://patentimages.storage.googleapis.com/fd/2c/27/3c7af45c5bdc1e/imgf0001.png
GB-201219110-D0,Cell seeding method and device ,Univ Glasgow,,2012-10-24,2012-10-24,2012-12-05,,https://patents.google.com/patent/GB201219110D0/en,
WO-2014091373-A1,Cellular and molecular therapies for peripheral vascular disease ,The University Court Of The University Of Glasgow,"Paul Shiels, Wayne Davies",2012-12-11,2013-12-05,2014-06-19,,https://patents.google.com/patent/WO2014091373A1/en,
WO-2011042682-A2,"Intermediate band semiconductor photovoltaic devices, uses thereof and methods for their manufacture ",The University Court Of The University Of Glasgow,Colin Stanley,2009-10-09,2010-09-29,2011-04-14,,https://patents.google.com/patent/WO2011042682A2/en,
CN-102360868-B,Electromagnetic coupling device for ignition of internal combustion engine ,"四川得弘电子科技有限公司, 英国格拉斯哥大学","李耘, 陈伟, 孙方",2011-09-28,2011-09-28,2013-10-16,2013-10-16,https://patents.google.com/patent/CN102360868B/en,https://patentimages.storage.googleapis.com/58/3c/0d/67908e87a4fc6e/HDA0000096437300000032.png
WO-2017009253-A1,Methods and means for increasing stress tolerance and biomass in plants ,"The University Court Of The University Of Glasgow, Bayer Cropscience Lp","Anna Amtmann, Giorgio PERRELLA, Matthew Hannah",2015-07-10,2016-07-08,2017-01-19,,https://patents.google.com/patent/WO2017009253A1/en,
GB-201708504-D0,Analog-to-digital converter and method for operating same ,"Univ Court Univ Of Glasgow, Univ Electronic Science & Tech China, Univ Of Pavia",,2017-05-26,2017-05-26,2017-07-12,,https://patents.google.com/patent/GB201708504D0/en,
US-2023023897-A1,System and method for cell characterisation in biological tissue ,"The University Court Of The University Of Glasgow, The University Court Of The University Of Edinburgh","John Richard MERCER, Steven NEALE, Anubhav BUSSOOA, Daniel HOARE, Nosrat MIRZAI, Jakub CZYZEWSKI, Michael HOLSGROVE, Srinjoy Mitra, Andreas TSIAMIS, Jamie MARLAND",2021-07-26,2021-07-26,2023-01-26,,https://patents.google.com/patent/US20230023897A1/en,https://patentimages.storage.googleapis.com/71/01/86/b3092c65dbb92a/US20230023897A1-20230126-D00000.png
US-2022389414-A1,Molecular computing methods and systems for solving computational problems ,"The Governing Council Of The University Of Toronto, Wisconsin Alumni Research Foundation, The University Court Of The University Of Glasgow, President And Fellows Of Harvard College, Northwestern University","Alan Aspuru-Guzik, Si Yue GUO, Tony Chang-Chi Wu, Pascal Thomas FRIEDERICH, Randall Howard Goldsmith, Leroy Cronin, Abhishek Sharma, Yudong Cao, Nathan C. Gianneschi, Christopher James FORMAN",2019-10-28,2020-10-28,2022-12-08,,https://patents.google.com/patent/US20220389414A1/en,https://patentimages.storage.googleapis.com/82/e0/f0/314d84c832803c/US20220389414A1-20221208-D00000.png
GB-202204372-D0,A vital signs monitoring system ,"Univ Of The West Of Scotland, Univ Court Univ Of Glasgow",,2022-03-28,2022-03-28,2022-05-11,,https://patents.google.com/patent/GB202204372D0/en,
GB-201915054-D0,Diagnosis ,"Univ London Queen Mary, Univ Court Univ Of Glasgow",,2019-10-17,2019-10-17,2019-12-04,,https://patents.google.com/patent/GB201915054D0/en,
GB-201704722-D0,MECP2 Based therapy ,"Univ Edinburgh, Univ Court Univ Of Glasgow",,2017-03-24,2017-03-24,2017-05-10,,https://patents.google.com/patent/GB201704722D0/en,
GB-201704704-D0,MeCP2 expression cassettes ,"Univ Court Univ Of Glasgow, Univ Edinburgh",,2017-03-24,2017-03-24,2017-05-10,,https://patents.google.com/patent/GB201704704D0/en,
EP-3247790-A1,Cell maturation process ,"Scottish National Blood Transfusion Service, University Court of The University of Glasgow, Loughborough University Innovations Limited","Robert Thomas, Forhad AHMED, Rachel BAYLEY, Joanne Mountford, Katie GLEN",2015-01-23,2016-01-22,2017-11-29,,https://patents.google.com/patent/EP3247790A1/en,
GB-201012855-D0,Apparatus and method for the manipulation of objects using ultrasound ,"Univ Dundee, Univ Southampton, Univ Glasgow, Univ Bristol",,2010-07-30,2010-07-30,2010-09-15,,https://patents.google.com/patent/GB201012855D0/en,
GB-202007708-D0,Materials and methods for treatment of dupuytren's disease ,Univ Court Univ Of Glasgow,,2020-05-22,2020-05-22,2020-07-08,,https://patents.google.com/patent/GB202007708D0/en,
GB-201908318-D0,Anti-parasitic agents ,Univ Court Univ Of Glasgow,,2019-06-11,2019-06-11,2019-07-24,,https://patents.google.com/patent/GB201908318D0/en,
GB-202207147-D0,Localised surface plasmonic sensing ,Univ Court Univ Of Glasgow,,2022-05-16,2022-05-16,2022-06-29,,https://patents.google.com/patent/GB202207147D0/en,
GB-202001489-D0,Surface plasmonic sensing ,Univ Court Univ Of Glasgow,,2020-02-04,2020-02-04,2020-03-18,,https://patents.google.com/patent/GB202001489D0/en,
GB-202003993-D0,Method for estimating molecular ,Univ Court Univ Of Glasgow,,2020-03-19,2020-03-19,2020-05-06,,https://patents.google.com/patent/GB202003993D0/en,
GB-202005170-D0,Apparatus and method for biomarker detection ,Univ Court Univ Of Glasgow,,2020-04-08,2020-04-08,2020-05-20,,https://patents.google.com/patent/GB202005170D0/en,
GB-202005633-D0,Fluid handling device and methods ,Univ Court Univ Of Glasgow,,2020-04-17,2020-04-17,2020-06-03,,https://patents.google.com/patent/GB202005633D0/en,
GB-202006243-D0,Automated chemical synthesis platform ,Univ Court Univ Of Glasgow,,2020-04-28,2020-04-28,2020-06-10,,https://patents.google.com/patent/GB202006243D0/en,
GB-202006449-D0,"Supercapacitor device, manufacture and uses thereof ",Univ Court Univ Of Glasgow,,2020-05-01,2020-05-01,2020-06-17,,https://patents.google.com/patent/GB202006449D0/en,
GB-202008445-D0,Insect neuropeptide analogues ,Univ Court Univ Of Glasgow,,2020-06-04,2020-06-04,2020-07-22,,https://patents.google.com/patent/GB202008445D0/en,
GB-201918539-D0,Compounds for use in treatment and prophylaxis ,Univ Court Univ Of Glasgow,,2019-12-16,2019-12-16,2020-01-29,,https://patents.google.com/patent/GB201918539D0/en,
GB-202001040-D0,Microvascular angina ,"Univ Court Univ Of Glasgow, Cambridge Entpr Ltd",,2020-01-24,2020-01-24,2020-03-11,,https://patents.google.com/patent/GB202001040D0/en,
GB-201912343-D0,Liquid characterisation ,Univ Court Univ Of Glasgow,,2019-08-28,2019-08-28,2019-10-09,,https://patents.google.com/patent/GB201912343D0/en,
EP-2914271-A2,Agents for the prevention and/or treatment of central nervous system damage ,"The University Of Liverpool, The University Court Of The University Of Glasgow","Jeremy Ewan Turnbull, Scott Ernest GUIMOND, Sophie Marie THOMPSON, Susan Carol BARNETT, Jennifer Rosemary HIGGINSON",2012-11-01,2013-11-01,2015-09-09,,https://patents.google.com/patent/EP2914271A2/en,
AU-2018361975-A1,Method of treating tendinopathy using interleukin-17 (IL-17) antagonists ,"Novartis Ag, University Court Of The University Of Glasgow","Gerard Bruin, Shea CARTER, Frank Kolbinger, Iain Mcinnes, Neal MILLAR, Linda Mindeholm, Matthias Schieker, Eckhard Weber",2017-11-02,2018-11-01,2020-05-07,,https://patents.google.com/patent/AU2018361975A1/en,
GB-201814450-D0,Antisense oligonucleotides ,Univ Court Univ Of Glasgow,,2018-09-05,2018-09-05,2018-10-17,,https://patents.google.com/patent/GB201814450D0/en,
GB-201808149-D0,Protected amino acids ,Univ Court Univ Of Glasgow,,2018-05-18,2018-05-18,2018-07-11,,https://patents.google.com/patent/GB201808149D0/en,
GB-201803549-D0,Networked reaction systems ,Univ Court Univ Of Glasgow,,2018-03-06,2018-03-06,2018-04-18,,https://patents.google.com/patent/GB201803549D0/en,
GB-201802529-D0,Calibration method and apparatus ,Univ Court Univ Of Glasgow,,2018-02-16,2018-02-16,2018-04-04,,https://patents.google.com/patent/GB201802529D0/en,
US-11542518-B2,Methods for optogenetic manipulation of stomatal function ,University Court Of The University Of Glasgow,"John Christie, Mike BLATT",2019-02-19,2020-02-19,2023-01-03,2023-01-03,https://patents.google.com/patent/US11542518B2/en,https://patentimages.storage.googleapis.com/d3/34/d3/1124fdef442b5f/US11542518-20230103-D00000.png
GB-201905314-D0,Scintillating waveguide support apparatus ,"Lynkeos Tech Limited, Univ Court Univ Of Glasgow",,2019-04-15,2019-04-15,2019-05-29,,https://patents.google.com/patent/GB201905314D0/en,
GB-201901913-D0,Microvascular angina ,"Univ Court Univ Of Glasgow, Cambridge Entpr Ltd",,2019-02-12,2019-02-12,2019-04-03,,https://patents.google.com/patent/GB201901913D0/en,
GB-201901078-D0,Electrochemical device and method for its manufacture ,Univ Court Univ Of Glasgow,,2019-01-25,2019-01-25,2019-03-13,,https://patents.google.com/patent/GB201901078D0/en,
GB-201815424-D0,Chemical computer ,Univ Court Univ Of Glasgow,,2018-09-21,2018-09-21,2018-11-07,,https://patents.google.com/patent/GB201815424D0/en,
EP-3805785-A1,Device for characterising the actimetry of a subject in real time ,"Centre National de la Recherche Scientifique, ENSEA - Ecole Nationale Supérieure de l'Electronique et de ses Applications, Université Cergy-Pontoise, The University Court of the University of Glasgow","Olivier Romain, Julien LEKERNEC, Jordane LORANDEL, Francesco FIORANELLI",2019-10-07,2019-10-07,2021-04-14,,https://patents.google.com/patent/EP3805785A1/en,https://patentimages.storage.googleapis.com/f7/e2/24/6e4701a4ce85fa/imgf0001.png
GB-202010407-D0,Micromachined mechcahnical part and methods of fabrication thereof ,Univ Court Univ Of Glasgow,,2020-07-07,2020-07-07,2020-08-19,,https://patents.google.com/patent/GB202010407D0/en,
GB-202015531-D0,A heat pump system ,Univ Court Univ Of Glasgow,,2020-09-30,2020-09-30,2020-11-11,,https://patents.google.com/patent/GB202015531D0/en,
GB-202019762-D0,Compounds for use in treatment and prophylaxis ,Univ Court Univ Of Glasgow,,2020-12-15,2020-12-15,2021-01-27,,https://patents.google.com/patent/GB202019762D0/en,
GB-202103243-D0,Targeting peptide ,Univ Court Univ Of Glasgow,,2021-03-09,2021-03-09,2021-04-21,,https://patents.google.com/patent/GB202103243D0/en,
GB-202301005-D0,Fluorescence lifetime determination ,Univ Court Univ Of Glasgow,,2023-01-24,2023-01-24,2023-03-08,,https://patents.google.com/patent/GB202301005D0/en,
GB-202110897-D0,Ultrasonic transducer ,Univ Court Univ Of Glasgow,,2021-07-29,2021-07-29,2021-09-15,,https://patents.google.com/patent/GB202110897D0/en,
GB-202113077-D0,Composition for 3D tissue culture ,Univ Court Univ Of Glasgow,,2021-09-14,2021-09-14,2021-10-27,,https://patents.google.com/patent/GB202113077D0/en,
GB-202203339-D0,Targeting peptide ,Univ Court Univ Of Glasgow,,2022-03-10,2022-03-10,2022-04-27,,https://patents.google.com/patent/GB202203339D0/en,
GB-202203955-D0,Hybrid chemical computer ,Univ Court Univ Of Glasgow,,2022-03-21,2022-03-21,2022-05-04,,https://patents.google.com/patent/GB202203955D0/en,
GB-202205277-D0,Apparatus and method for detecting hidden objects ,Univ Court Univ Of Glasgow,,2022-04-11,2022-04-11,2022-05-25,,https://patents.google.com/patent/GB202205277D0/en,
GB-202205885-D0,Particulate transport ,Univ Court Univ Of Glasgow,,2022-04-22,2022-04-22,2022-06-08,,https://patents.google.com/patent/GB202205885D0/en,
GB-202206455-D0,Dielectrophoresis (DEP) microfluidic device ,"Epigem Ltd, Univ Court Univ Of Glasgow",,2022-05-03,2022-05-03,2022-06-15,,https://patents.google.com/patent/GB202206455D0/en,
GB-202300942-D0,Methods and systems for passive RFID-based occupancy determination ,Univ Court Univ Of Glasgow,,2023-01-23,2023-01-23,2023-03-08,,https://patents.google.com/patent/GB202300942D0/en,
GB-202208347-D0,Targets for cancer therapy ,Univ Court Univ Of Glasgow,,2022-06-07,2022-06-07,2022-07-20,,https://patents.google.com/patent/GB202208347D0/en,
GB-202209476-D0,Chemical synthesis platform ,Univ Court Univ Of Glasgow,,2022-06-28,2022-06-28,2022-08-10,,https://patents.google.com/patent/GB202209476D0/en,
GB-202210503-D0,Materials and methods for treatment of chronic myeloid leukemia (CML) ,Univ Court Univ Of Glasgow,,2022-07-18,2022-07-18,2022-08-31,,https://patents.google.com/patent/GB202210503D0/en,
GB-202211318-D0,Method of reducing nitro compounds ,Univ Court Univ Of Glasgow,,2022-08-03,2022-08-03,2022-09-14,,https://patents.google.com/patent/GB202211318D0/en,
GB-202300853-D0,C-raf inhibitors ,Univ Court Univ Of Glasgow,,2023-01-20,2023-01-20,2023-03-08,,https://patents.google.com/patent/GB202300853D0/en,
GB-202219576-D0,Polypeptides ,Univ Court Univ Of Glasgow,,2022-12-22,2022-12-22,2023-02-08,,https://patents.google.com/patent/GB202219576D0/en,
GB-202217097-D0,Granular material conveyance and transfer apparatus ,Univ Court Univ Of Glasgow,,2022-11-16,2022-11-16,2022-12-28,,https://patents.google.com/patent/GB202217097D0/en,
GB-201401068-D0,Cell maturation process ,"Scottish Nat Blood Transfusion Service, Univ Loughborough, Univ Glasgow",,2014-01-22,2014-01-22,2014-03-05,,https://patents.google.com/patent/GB201401068D0/en,
GB-201707743-D0,Three dimensional structure with sensor capability ,Univ Court Univ Of Glasgow,,2017-05-15,2017-05-15,2017-06-28,,https://patents.google.com/patent/GB201707743D0/en,
GB-201716375-D0,Semiconductor device ,Univ Court Univ Of Glasgow,,2017-10-06,2017-10-06,2017-11-22,,https://patents.google.com/patent/GB201716375D0/en,
GB-201800436-D0,Imaging system ,Univ Court Univ Of Glasgow,,2018-01-11,2018-01-11,2018-02-28,,https://patents.google.com/patent/GB201800436D0/en,
GB-202213747-D0,Methods and platform for chemical synthesis ,Univ Court Univ Of Glasgow,,2022-09-20,2022-09-20,2022-11-02,,https://patents.google.com/patent/GB202213747D0/en,
GB-202213839-D0,Biomagnetidm measurement system and method for sensing biomagnetic signals ,Univ Court Univ Of Glasgow,,2022-09-22,2022-09-22,2022-11-09,,https://patents.google.com/patent/GB202213839D0/en,
GB-202217098-D0,Granular material conveyance and transfer apparatus ,Univ Court Univ Of Glasgow,,2022-11-16,2022-11-16,2022-12-28,,https://patents.google.com/patent/GB202217098D0/en,
GB-202215240-D0,Photonic device ,"Univ Court Univ Of Glasgow, Vector Photonics Ltd",,2022-10-14,2022-10-14,2022-11-30,,https://patents.google.com/patent/GB202215240D0/en,
WO-2015200779-A3,Methods of prevention and treatment of viral disease by use of ddx3 inhibitors ,"The Johns Hopkins University, University Of Glasgow","Venu Raman, Arvind H. Patel",2014-06-26,2015-06-26,2016-08-11,,https://patents.google.com/patent/WO2015200779A3/en,
GB-201214106-D0,Immunomodulatory compounds ,"Univ Strathclyde, Univ Glasgow",,2012-08-07,2012-08-07,2012-09-19,,https://patents.google.com/patent/GB201214106D0/en,
WO-2021072056-A1,"P53 peptide disrupters of f0x04:p53 protein binding, variants and conjugates thereof. ","Portage Glasgow Limited, University Of Glasgow","Frank W. MARCOUX, George Scott BAILLIE, Connor Macleod BLAIR",2019-10-08,2020-10-08,2021-04-15,,https://patents.google.com/patent/WO2021072056A1/en,
GB-201010945-D0,Devices and methods for monitoring and/or treatment of tumours ,"Univ Glasgow, Greater Glasgow Health Board",,2010-06-29,2010-06-29,2010-08-11,,https://patents.google.com/patent/GB201010945D0/en,
GB-201503124-D0,Network-on-chip analysis system ,Univ Glasgow,,2015-02-25,2015-02-25,2015-04-08,,https://patents.google.com/patent/GB201503124D0/en,
EP-4124661-A1,Personalization in prostate cancer by use of the prostate cancer pde4d7 knock-down score ,"Koninklijke Philips N.V., The University Court of the University of Glasgow","Ralf Dieter HOFFMANN, George Baillie",2021-07-26,2021-07-26,2023-02-01,,https://patents.google.com/patent/EP4124661A1/en,https://patentimages.storage.googleapis.com/1e/28/69/0432dd521d38c8/imgf0001.png
GB-201517655-D0,Polypeptide synthesis ,Univ Glasgow,,2015-10-06,2015-10-06,2015-11-18,,https://patents.google.com/patent/GB201517655D0/en,
GB-201321237-D0,Materials and methods for treatment of pulmonary arterial hypertension ,Univ Glasgow,,2013-12-02,2013-12-02,2014-01-15,,https://patents.google.com/patent/GB201321237D0/en,
AU-2014201941-A1,Methods and compositions for treating leukemia ,"Novartis Ag, The University Court Of The University Of Glasgow","Mhairi Copland, Marion Dorsch, David Irvine, Paul W. Manley, Stefan Peukert",2009-08-12,2014-04-04,2014-04-24,,https://patents.google.com/patent/AU2014201941A1/en,
GB-201415583-D0,Electronic Device ,Univ The Glasgow,,2014-09-03,2014-09-03,2014-10-15,,https://patents.google.com/patent/GB201415583D0/en,
US-2023012505-A1,Sensor readout circuit for a biomagnetism measurement system ,The University Court Of The University Of Glasgow,"Hadi HEIDARI, Siming ZUO",2021-07-19,2021-07-19,2023-01-19,,https://patents.google.com/patent/US20230012505A1/en,https://patentimages.storage.googleapis.com/9f/a6/de/746f39677b6feb/US20230012505A1-20230119-D00000.png
ES-2668494-B1,TAO ALOSTERIC INHIBITORS AS ANTIPARASITARY AND YANTIFUNGIC AGENTS ,"Consejo Superior Investigacion, Univ Glasgow Court","Christophe Dardonville, Koning Hendrik Pieter De, Godwin Unekwuojo Ebiloma",2016-10-17,2016-10-17,2019-02-26,2019-02-26,https://patents.google.com/patent/ES2668494B1/en,
GB-201208770-D0,Compounds for use in the treatment of adenovirus infections ,Univ Glasgow,,2012-05-17,2012-05-17,2012-07-04,,https://patents.google.com/patent/GB201208770D0/en,
GB-201416570-D0,Materials and methods for treatment of pulmonary arterial hypertenion ,Univ Glasgow,,2014-09-19,2014-09-19,2014-11-05,,https://patents.google.com/patent/GB201416570D0/en,
GB-201114898-D0,Pixel circuit ,Univ Glasgow,,2011-08-26,2011-08-26,2011-10-12,,https://patents.google.com/patent/GB201114898D0/en,
GB-201404488-D0,Materials and methods for decreasing Raf-1 activation ,Univ Glasgow,,2014-03-13,2014-03-13,2014-04-30,,https://patents.google.com/patent/GB201404488D0/en,
GB-201303830-D0,"Methods,unit and device relating to the manufacture,processing,synthesising or screening of radiopharmaceutical compositions ",Univ Glasgow,,2013-03-04,2013-03-04,2013-04-17,,https://patents.google.com/patent/GB201303830D0/en,
GB-201508931-D0,Materials and methods for tissue regeneration ,Univ Glasgow The And Georgia Tech Res Corp,,2015-05-26,2015-05-26,2015-07-01,,https://patents.google.com/patent/GB201508931D0/en,
GB-201021622-D0,Preparation of N-Formyl benzotriazoles ,Univ Glasgow,,2010-12-21,2010-12-21,2011-02-02,,https://patents.google.com/patent/GB201021622D0/en,
EP-2624860-A2,Inhibitors of PDE4 binding to HSP20 ,The University Court Of The University Of Glasgow,"George Baillie, Miles Houslay, Jon Day",2010-10-08,2011-10-07,2013-08-14,,https://patents.google.com/patent/EP2624860A2/en,
CN-115542217-A,Echo interval shuffling for echo planar imaging ,"西门子医疗有限公司, 格拉斯哥大学","帕特里克·利比希, 大卫·安德鲁·波特, 罗宾·海德曼",2021-06-30,2022-06-28,2022-12-30,,https://patents.google.com/patent/CN115542217A/en,https://patentimages.storage.googleapis.com/05/10/70/9ad4d798627d60/HDA0003717576990000011.png
GB-201104681-D0,Roles for chitinase-like proteins in disease states ,Univ Glasgow,,2011-03-18,2011-03-18,2011-05-04,,https://patents.google.com/patent/GB201104681D0/en,
GB-201319262-D0,Electronic device ,Univ Glasgow,,2013-10-31,2013-10-31,2013-12-18,,https://patents.google.com/patent/GB201319262D0/en,
EP-2859094-A1,Genetically modified schmallenberg virus (sbv) for use as vaccine ,The University Court of the University of Glasgow,"Richard M ELLIOT, Gjon BLAKQORI, Elina KOUDRIAKOVA, Beryl MAZEL-SANCHEZ, Xiaohong Shi",2012-06-11,2013-06-07,2015-04-15,,https://patents.google.com/patent/EP2859094A1/en,
US-9840705-B2,Materials and methods for treatment of pulmonary arterial hypertension ,The University Court Of The University Of Glasgow,"Margaret R. MACLEAN, Emma WALLACE, Andrew H. Baker",2013-12-02,2014-12-01,2017-12-12,2017-12-12,https://patents.google.com/patent/US9840705B2/en,https://patentimages.storage.googleapis.com/28/c5/52/8b9c59361aaf27/US09840705-20171212-D00001.png
US-2017198347-A1,Methods and systems for measuring t cell diversity ,The University Court Of The University Of Glasgow,"Edward Seungho Lee, Andrew James Yates",2016-01-12,2017-01-12,2017-07-13,,https://patents.google.com/patent/US20170198347A1/en,https://patentimages.storage.googleapis.com/e8/de/95/2f65f5c00025f2/US20170198347A1-20170713-D00001.png
GB-201101205-D0,Sample cell and apparatus for spectroscopy and spectroscopic method ,Univ Glasgow,,2011-01-24,2011-01-24,2011-03-09,,https://patents.google.com/patent/GB201101205D0/en,
GB-201522690-D0,Nanostructured surfaces ,Univ Glasgow,,2015-12-22,2015-12-22,2016-02-03,,https://patents.google.com/patent/GB201522690D0/en,
GB-2606712-A,Information consensus in distributed critical systems ,Univ Glasgow Court,"Zhang Lei, Xu Hao",2021-05-13,2021-05-13,2022-11-23,,https://patents.google.com/patent/GB2606712A/en,
US-10248032-B1,Dual cone-based polarizer ,"Gooch And Housego Plc, The University Court Of The University Of Glasgow","Peter Edward Mackay, Jonathan Gavin Ironside-Smith, Sonja Franke-Arnold, Neal Matthew Radwell",2018-04-17,2018-04-17,2019-04-02,2019-04-02,https://patents.google.com/patent/US10248032B1/en,https://patentimages.storage.googleapis.com/f4/c3/65/1956b84d013ecd/US10248032-20190402-D00000.png
GB-201418193-D0,"Thermoelectric materials,devices and methods for their manufacture ",Univ Glasgow,,2014-10-14,2014-10-14,2014-11-26,,https://patents.google.com/patent/GB201418193D0/en,
GB-201518839-D0,Conjugates ,Univ Glasgow,,2015-10-23,2015-10-23,2015-12-09,,https://patents.google.com/patent/GB201518839D0/en,
GB-201503969-D0,Reporter gene assay ,Univ Glasgow,,2015-03-09,2015-03-09,2015-04-22,,https://patents.google.com/patent/GB201503969D0/en,
WO-2019185129-A1,Bacterial pathogen derived resistance in plants ,The University Court Of The University Of Glasgow,"William Rooney, Daniel Walker, Joel MILNER, Rhys GRINTER",2018-03-27,2018-03-27,2019-10-03,,https://patents.google.com/patent/WO2019185129A1/en,
SG-10202001005X-A,Methods Of Generating Body Designs For Vehicles Such As Ships ,"Sembcorp Marine Repairs & Upgrades Pte Ltd, Univ Glasgow Court","Joo Hock Ang, Sook Fern Cindy Goh, Prabhakarrao Jirafe Vijay, Li Yun",2020-02-04,2020-02-04,2021-09-29,,https://patents.google.com/patent/SG10202001005XA/en,
EP-2650672-A1,Integrated hydrogel waveguide outcoupler and sensor device ,"Fundacion Tecnalia Research & Innovation, Fundació Privada Institut Català de Nanotecnologia, University Of Glasgow, Institució Catalana de Recerca i Estudis Avançats","Isabel Obieta Vailallonga, Ali Z. Khokhar, Leire Bilbao Alba, Virginia Saez Martinez, Clivia Sotomayor Torres, Timothy Kehoe, Nikolaos Kehagias, Achille Francone, Claudia DELGADO SIMAO, Nikolaj Gadegaard",2012-04-13,2012-04-13,2013-10-16,,https://patents.google.com/patent/EP2650672A1/en,https://patentimages.storage.googleapis.com/14/0b/6d/41bf9cf3010b4c/imgf0001.png
WO-2017109086-A1,Methods for determining pathological tissue damage in higher vertebrates ,"Biomar Group A/S, Marine Harvest (Scotland) Limited, The University Court Of The University Of Glasgow","Peter David Eckersall, Mark James Thomas Braceland, David John Cockerill, John William Tinsley, Ralph Anthony Bickerdike",2015-12-22,2016-12-22,2017-06-29,,https://patents.google.com/patent/WO2017109086A1/en,
