search URL:,https://patents.google.com/?assignee=Univ+Leeds&after=filing:20100101&language=ENGLISH
id,title,assignee,inventor/author,priority date,filing/creation date,publication date,grant date,result link,representative figure link
US-10009175-B2,Secure communication ,The University Of Leeds,"Benjamin Thomas Hornsby Varcoe, Matthew Christopher John Everitt",2012-05-23,2013-05-23,2018-06-26,2018-06-26,https://patents.google.com/patent/US10009175B2/en,https://patentimages.storage.googleapis.com/14/aa/a7/7ed79b3f825cd4/US10009175-20180626-D00000.png
AU-2016219702-B2,Composite bone implants ,University Of Leeds,"Hazel FERMOR, John Fisher, Jahid Hasan, Eileen Ingham, Gemma JONES",2012-09-04,2016-08-26,2017-03-09,2017-03-09,https://patents.google.com/patent/AU2016219702B2/en,
ES-2900616-T3,Data center networks based on passive optics ,Univ Leeds Innovations Ltd,"Jaafar Elmirghani, Taisir El-Gorashi, Ali Hammadi",2014-11-26,2015-11-26,2022-03-17,2022-03-17,https://patents.google.com/patent/ES2900616T3/en,
US-10732017-B2,"Tomography apparatus, multi-phase flow monitoring system, and corresponding methods ",University Of Leeds,"Mi Wang, Jiabin Jia, Yousef FARAJ, Qiang Wang",2014-09-15,2015-09-15,2020-08-04,2020-08-04,https://patents.google.com/patent/US10732017B2/en,https://patentimages.storage.googleapis.com/c4/92/19/f9a047baefe6fc/US10732017-20200804-D00000.png
US-10468009-B2,Ultrasound generation ,The University Of Leeds,"Steven Freear, David Matthew Joseph Cowell, Peter Raymond Smith",2012-12-19,2013-12-13,2019-11-05,2019-11-05,https://patents.google.com/patent/US10468009B2/en,https://patentimages.storage.googleapis.com/05/a2/70/0a0b16ab2577fc/US10468009-20191105-D00000.png
EP-2448545-B1,Catalysed dye systems ,The University Of Leeds,"Richard Simon Blackburn, Patrick Columba Mcgowan, Christopher Martin Pask, Christopher Mark Rayner",2009-07-02,2010-06-30,2016-09-07,2016-09-07,https://patents.google.com/patent/EP2448545B1/en,
US-9207198-B2,Electrical tomography apparatus and method and current driver ,The University Of Leeds,"Mi Wang, Jiabin Jia",2009-06-22,2010-06-22,2015-12-08,2015-12-08,https://patents.google.com/patent/US9207198B2/en,https://patentimages.storage.googleapis.com/0b/42/e7/6d421d7ec99a87/US09207198-20151208-D00000.png
AU-2017206237-B2,Scaffold Proteins Derived From Plant Cystatins ,University Of Leeds,"Michael Mcpherson, Darren TOMLINSON",2013-02-14,2017-07-20,2019-09-12,2019-09-12,https://patents.google.com/patent/AU2017206237B2/en,
EP-2477597-B1,Natural hair dyes ,University Of Leeds,"Richard Simon Blackburn, Paul Martin Rose, Christopher Mark Rayner",2009-05-15,2010-05-14,2018-10-03,2018-10-03,https://patents.google.com/patent/EP2477597B1/en,
US-9560986-B2,Magnetometer for medical use ,University Of Leeds,Benjamin Thomas Hornsby Varcoe,2012-07-02,2013-07-01,2017-02-07,2017-02-07,https://patents.google.com/patent/US9560986B2/en,https://patentimages.storage.googleapis.com/5d/40/c0/81b9bc5d7e71bf/US09560986-20170207-D00000.png
US-9404202-B2,Carbon fibre yarn and method for the production thereof ,University Of Leeds,"Carl Anthony Lawrence, Simon Brian Havis, Mahmudul Akonda",2010-02-05,2011-02-07,2016-08-02,2016-08-02,https://patents.google.com/patent/US9404202B2/en,https://patentimages.storage.googleapis.com/b8/17/cc/449a1226d3dafc/US09404202-20160802-D00000.png
US-2022305011-A1,Factor xiia inhibitors ,University Of Leeds,"Helen PHILIPPOU, Richard POSTER, Colin Fishwick, Charlotte REVILL, Ian Yule, Roger Taylor, Alan Naylor, Philip Spencer Fallon, Stuart CROSBY, Anna Hopkins, Lucie Juliette GUETZOYAN, Alistair James MACNAIR, Mark Richard Stewart, Natalie Louise Winfield",2018-03-29,2019-03-28,2022-09-29,,https://patents.google.com/patent/US20220305011A1/en,https://patentimages.storage.googleapis.com/db/e2/69/0bceec3e4b7858/US20220305011A1-20220929-D00000.png
US-8900438-B2,Electrolytic cell and electrochemical process using an electrode ,University Of Leeds,"Animesh Jha, Xiaobing Yang",2005-06-21,2012-03-12,2014-12-02,2014-12-02,https://patents.google.com/patent/US8900438B2/en,https://patentimages.storage.googleapis.com/56/77/e6/53eadedcd69c9f/US08900438-20141202-D00000.png
US-8970618-B2,Virtual microscopy ,"University Of Leeds, The Leeds Teaching Hospitals Nhs Trust","Roy RUDDLE, Darren TREANOR",2011-06-16,2012-06-08,2015-03-03,2015-03-03,https://patents.google.com/patent/US8970618B2/en,https://patentimages.storage.googleapis.com/e9/f2/41/2a48de4c127c1c/US08970618-20150303-D00000.png
US-9312469-B2,Ceramic ,University Of Leeds,"Andrew John Bell, Timothy Comyn",2010-07-28,2011-07-19,2016-04-12,2016-04-12,https://patents.google.com/patent/US9312469B2/en,https://patentimages.storage.googleapis.com/78/d8/57/2bed3269b30b05/US09312469-20160412-D00001.png
EP-3033178-B1,Method and apparatus for manipulating particles ,University of Leeds,"Christoph Walti, Alban Josiah SMITH, Richard O'RORKE, Alexander Giles Davies, Christopher David WOOD",2013-08-14,2014-05-08,2021-06-16,2021-06-16,https://patents.google.com/patent/EP3033178B1/en,https://patentimages.storage.googleapis.com/e0/41/c7/a1396c22c121aa/imgf0001.png
US-11414385-B2,"Compounds and methods for treating, detecting, and identifying compounds to treat apicomplexan parasitic diseases ","The University Of Chicago, University Of Leeds, The J. Craig Venter Institute, Institute For Systems Biology, U.S. Government, as represented by The Secretary of the Army Medical Command (MEDCOM), The University Of Strathclyde","Rima McLeod, Martin McPhillie, Colin W. G. Fishwick, Hernan Alejandro Lorenzi, Kai Wang, Taek-Kyun Kim, Yong Zhou, Leroy E. Hood, Ying Zhou, Kamal El Bissati, Mark Hickman, QiGui Li, Craig Roberts",2015-12-21,2016-12-20,2022-08-16,2022-08-16,https://patents.google.com/patent/US11414385B2/en,https://patentimages.storage.googleapis.com/2a/46/f9/e2c40eb61d3bbc/US11414385-20220816-D00001.png
US-2014370416-A1,Proton exchange membrane fuel cell ,The University Of Leeds,"Nahla Eid Alhazmi, Derek Binns Ingham, Mohamad Saeed Ismail, Kevin James Hughes, Lin Ma, Mohamed Poukashanian",2011-12-13,2012-12-07,2014-12-18,,https://patents.google.com/patent/US20140370416A1/en,https://patentimages.storage.googleapis.com/95/0f/ba/fd34d485be4cba/US20140370416A1-20141218-D00000.png
JP-2014223331-A,Tissue preparation for meniscus implantation ,"ユニヴァーシティ・オヴ・リーズ, Univ Of Leeds","インガム，アイリーン, Ingham Eileen, フィッシャー，ジョン, Fisher John, ステイプルトン，トーマス, Stapleton Thomas, イングラム，ジョアン, Ingram Joanne",2006-11-16,2014-06-27,2014-12-04,,https://patents.google.com/patent/JP2014223331A/en,https://patentimages.storage.googleapis.com/50/18/0b/4ee3d6aaee13ca/2014223331-2.png
JP-2021098722-A,Metal complexes ,"ユニバーシティ オブ リーズ, Univ Of Leeds, ユニバーシティ  オブ  リーズ","スティーヴン・フィリップ・マースデン, Philip Marsden Stephen, パトリック・コルンバ・マッゴーワン, Columba Mcgowan Patrick, ロバータ・ラナーロ, Lanaro Roberta, アンドリュー・ジョン・ブラッカー, John Blacker Andrew",2015-12-18,2021-03-05,2021-07-01,,https://patents.google.com/patent/JP2021098722A/en,https://patentimages.storage.googleapis.com/ca/d0/08/93c5973455b69b/2021098722-68.png
JP-2012121798-A,Extraction process for reactive metal oxide ,"Univ Of Leeds, ザ  ユニヴァーシティ  オヴ  リーズ","Animesh Jha, ジャー，アニメシュ, Pailo Antony Malpan, マルパン，パイロ，アントニー, Tathavadkar Vilas Dattatray, タサヴァドカー，ヴィラス，ダッタトレイ",2003-06-16,2011-12-16,2012-06-28,,https://patents.google.com/patent/JP2012121798A/en,https://patentimages.storage.googleapis.com/29/6b/65/68e2c87522adcd/2012121798-7.png
JP-2011045753-A,Repair of damaged tissue ,"Univ Of Leeds, ユニバーシティ  オブ  リーズ","Bahaa Seedhom, シードム バハー, Kei Toyoda, 敬 豊田, Michael Pullan, プラン マイケル",1999-12-03,2010-11-05,2011-03-10,,https://patents.google.com/patent/JP2011045753A/en,https://patentimages.storage.googleapis.com/be/28/52/72cfe878d2efe2/2011045753-3.png
JP-2012232296-A,Apparatus and method for delivering medicine ,"Univ Of Leeds, ユニバーシティ  オブ  リーズ","Andrew Mcintosh, ムシントシュ アンドリュー, Novid Beheshti, ベヘシュティ ノビッド",2005-09-26,2012-06-06,2012-11-29,,https://patents.google.com/patent/JP2012232296A/en,https://patentimages.storage.googleapis.com/2f/1b/22/485e6983557ba5/2012232296-3.png
US-9447151-B2,Beta sheet tapes ribbons in tissue engineering ,The University Of Leeds,"Neville Boden, Amalia Aggeli, Eileen Ingham, Jennifer Kirkham",2002-07-15,2016-03-10,2016-09-20,2016-09-20,https://patents.google.com/patent/US9447151B2/en,https://patentimages.storage.googleapis.com/92/18/dc/9bdf4852e50cd7/US09447151-20160920-D00001.png
AU-2010227259-A1,Scaffold ,"Neotherix Limited, The University Of Bradford, University Of Leeds","Marcel De Matas, Peter Iddon, Michael Raxworthy, Simon Wood, Xuebin Yang",2009-03-23,2010-03-23,2011-11-10,,https://patents.google.com/patent/AU2010227259A1/en,
ES-2900822-T3,Laser system for imaging and analysis of materials and corresponding method ,"Univ Queensland, Univ Leeds Innovations Ltd","Aleksandar D Rakic, Paul Dean, Edmund Linfield, Karl Bertung, Yah Leng Lim, Stephen James Wilson, Dragan Indjin, Alexander Giles Davies, Thomas Taimre",2013-08-22,2014-08-22,2022-03-18,2022-03-18,https://patents.google.com/patent/ES2900822T3/en,
WO-2013190149-A1,Hybrid self-reinforced composite material ,"Katholieke Universiteit Leuven, KU LEUVEN R&D, University Of Leeds","Mark J. Bonner, Larissa GORBATIKH, Peter J. Hine, Yentl SWOLFS, Ignaas Verpoest, Ian M. Ward",2012-06-22,2013-06-24,2013-12-27,,https://patents.google.com/patent/WO2013190149A1/en,
GB-201706559-D0,Magnetometer for medical use ,Univ Leeds Innovations Ltd,,2016-04-25,2017-04-25,2017-06-07,,https://patents.google.com/patent/GB201706559D0/en,
GB-201807014-D0,Factor xlla inhibitors ,Univ Leeds Innovations Ltd,,2018-04-30,2018-04-30,2018-06-13,,https://patents.google.com/patent/GB201807014D0/en,
CN-103282798-A,Aerosol detection ,"自然环境研究委员会, 大不列颠及北爱尔兰商务创新技巧部, 利兹大学","艾伦·迈克尔·沃尔利, 斯蒂芬·大卫·莫布斯, 詹姆斯·马修·海伍德",2010-09-27,2011-09-19,2013-09-04,,https://patents.google.com/patent/CN103282798A/en,https://patentimages.storage.googleapis.com/23/ed/92/59968a48c53088/HDA00002975577200041.png
US-2021369824-A1,Methods and materials for treating cancer ,"Mayo Foundation For Medical Education And Research, Leeds University","Richard G. Vile, Timothy J. Kottke, Jose S. Pulido, Alan A. Melcher, Peter Selby",2010-02-10,2020-11-04,2021-12-02,,https://patents.google.com/patent/US20210369824A1/en,https://patentimages.storage.googleapis.com/8b/fe/0f/63741633a25861/US20210369824A1-20211202-D00000.png
EP-3652644-A1,Data centre utilisation forecasting system and method ,University of Leeds,"Paul Michael Townend, Jie Xu, Ismael SOLIS MORENO",2017-07-12,2018-07-11,2020-05-20,,https://patents.google.com/patent/EP3652644A1/en,
EP-3359713-A1,Composite fibre ,University of Leeds,"Parikshit GOSWAMI, Timothy Smith, Andrew HEBDEN, Stephen Russell",2015-10-08,2016-10-06,2018-08-15,,https://patents.google.com/patent/EP3359713A1/en,
EP-3747972-A1,A method of inhibiting scale in a geological formation ,University of Leeds,"Nasser GHORBANI, Niall Fleming, Mark Wilson, Nikil KAPUR, Anne Neville",2012-06-07,2013-06-06,2020-12-09,,https://patents.google.com/patent/EP3747972A1/en,https://patentimages.storage.googleapis.com/23/d1/57/e7213bf3de55fe/imgf0001.png
US-2021263040-A1,Method and device for protein preparation ,University Of Leeds,Alexandre Zougman,2013-10-24,2021-04-16,2021-08-26,,https://patents.google.com/patent/US20210263040A1/en,https://patentimages.storage.googleapis.com/9e/14/d2/0a0caf34108051/US20210263040A1-20210826-D00001.png
CN-106471473-A,Mechanism for the too high distribution of server in the minds of in control data ,利兹大学,"I·S·莫雷诺, P·M·汤恩德, P·M·加若凡, 徐洁",2014-05-21,2015-05-19,2017-03-01,,https://patents.google.com/patent/CN106471473A/en,
GB-201101637-D0,Fabric evaluation apparatus and method ,Univ Leeds,,2011-01-31,2011-01-31,2011-03-16,,https://patents.google.com/patent/GB201101637D0/en,
EP-2976112-B1,Improvements in and relating to collagen based materials ,University of Leeds,"Giuseppe TRONCI, Stephen John Russell, David John Wood",2013-03-22,2014-03-21,2022-02-16,2022-02-16,https://patents.google.com/patent/EP2976112B1/en,https://patentimages.storage.googleapis.com/54/2c/19/a29861ef4ebe60/imgf0001.png
EP-2595548-A1,Surgical retraction device and procedure ,"The University Of Leeds, Peter Robert Culmer","Peter Robert Culmer, David George Jayne, Anne Neville",2010-07-23,2011-07-25,2013-05-29,,https://patents.google.com/patent/EP2595548A1/en,
EP-2978890-B1,Novel method for coloration and treatment of substrates ,University Of Leeds,Stephen Martin Burkinshaw,2013-03-25,2014-03-25,2019-06-19,2019-06-19,https://patents.google.com/patent/EP2978890B1/en,https://patentimages.storage.googleapis.com/d9/3d/7f/867a25168700d7/imgf0001.png
EP-2625745-A1,Reflective substrate ,The University Of Leeds,"David Paul Steenson, Stephen John Russell",2010-10-05,2011-10-05,2013-08-14,,https://patents.google.com/patent/EP2625745A1/en,
EP-2726111-A2,Microbubble generation ,The University Of Leeds,"Sally Anne PEYMAN, Radwa Hassan ABOU-SALEH, Stephen Derek EVANS",2011-06-29,2012-06-29,2014-05-07,,https://patents.google.com/patent/EP2726111A2/en,
CA-2797441-A1,Process for the capture of carbon dioxide ,"The University Of Leeds, Christopher Mark Rayner, Guillaume Robert Jean-Francois Raynel","Christopher Mark Rayner, Guillaume Robert Jean-Francois Raynel",2010-04-28,2011-04-28,2011-11-03,,https://patents.google.com/patent/CA2797441A1/en,
AU-2014215934-B2,Tissue engineered constructs ,"University Of Leeds, Xiros Limited","Scott FINLAY, Bahaa Botros Seedhom",2014-06-25,2014-08-19,2016-08-11,2016-08-11,https://patents.google.com/patent/AU2014215934B2/en,
WO-2022101361-A2,Automated assessment of wound tissue ,"Astrazeneca Ab, University Of Leeds","Yinhai Wang, Adrian Mark FREEMAN",2019-11-12,2021-11-11,2022-05-19,,https://patents.google.com/patent/WO2022101361A2/en,
US-2022031706-A1,Trpc ion channel inhibitors for use in therapy ,University Of Leeds,"David John BEECH, Richard James FOSTER, Sin Ying CHEUNG, Baptiste Michel RODE",2017-02-09,2021-10-15,2022-02-03,,https://patents.google.com/patent/US20220031706A1/en,https://patentimages.storage.googleapis.com/ae/7e/78/d878087179d816/US20220031706A1-20220203-D00000.png
WO-2011007185-A1,Generating and detecting radiation ,"University Of Leeds, The Centre For Integrated Photonics Ltd","Edmund Linfield, John Cunningham, Alexander Giles Davies, Christopher Wood, Paul John Cannard, David Graham Moodie, Xin Chen, Michael James Robertson",2009-07-17,2010-07-19,2011-01-20,,https://patents.google.com/patent/WO2011007185A1/en,
US-2017143813-A1,Methods and materials for treating cancer ,"Mayo Foundation For Medical Education And Research, University Of Leeds","Jose S. Pulido, Richard G. Vile, Timothy J. Kottke, Alan A. Melcher, Peter Selby",2012-03-15,2016-11-22,2017-05-25,,https://patents.google.com/patent/US20170143813A1/en,https://patentimages.storage.googleapis.com/35/39/0f/e68bcf11bc167c/US20170143813A1-20170525-D00001.png
US-2016377571-A1,Biosensor ,University Of Leeds,"Laurence Andrew Nelson, Zachary Coldrick",2007-07-31,2016-01-19,2016-12-29,,https://patents.google.com/patent/US20160377571A1/en,https://patentimages.storage.googleapis.com/df/db/c3/78a0844e204588/US20160377571A1-20161229-D00001.png
US-2019167773-A1,Methods and materials for treating cancer ,"Mayo Foundation For Medical Education And Research, University Of Leeds","Richard G. Vile, Timothy J. Kottke, Jill M. Thompson, Jose S. Pulido, Alan A. Melcher, Peter Selby",2014-03-19,2018-12-05,2019-06-06,,https://patents.google.com/patent/US20190167773A1/en,https://patentimages.storage.googleapis.com/37/00/52/59d0a2806c9a7b/US20190167773A1-20190606-D00001.png
GB-201103631-D0,Identification of candidate therapeutics ,Univ Leeds,,2011-03-03,2011-03-03,2011-04-13,,https://patents.google.com/patent/GB201103631D0/en,
US-2019256413-A1,Novel Material ,University Of Leeds,"Gin Jose, Toney Teddy Fernandez, Peter John Grant, Animesh Jha, Sikha Saha, David Paul Steenson",2012-02-08,2019-02-08,2019-08-22,,https://patents.google.com/patent/US20190256413A1/en,https://patentimages.storage.googleapis.com/e4/b7/81/01ba3a53847daa/US20190256413A1-20190822-D00000.png
US-9951103-B2,Beta sheet tapes ribbons in tissue engineering ,University Of Leeds,"Neville Boden, Amalia Aggeli, Eileen Ingham, Jennifer Kirkham",2002-07-15,2017-03-16,2018-04-24,2018-04-24,https://patents.google.com/patent/US9951103B2/en,https://patentimages.storage.googleapis.com/97/17/3e/1b9c13967131ae/US09951103-20180424-D00001.png
AU-2014203460-A1,Acellular vascular products ,Tissue Regenix Limited,"John Fisher, Eileen Ingham, Stacy-Paul Wilshaw",2010-09-27,2014-06-25,2014-07-17,,https://patents.google.com/patent/AU2014203460A1/en,
CN-103229371-A,Device ,利兹大学,"金·约塞, 阿尼梅什·扎, 大卫·保罗·司定森",2009-09-10,2010-09-10,2013-07-31,,https://patents.google.com/patent/CN103229371A/en,https://patentimages.storage.googleapis.com/40/f7/6d/f97ba9be68d0ee/HSB00000940206600031.png
WO-2020002930-A1,Improvements in and relating to optical elements ,University Of Leeds,"John Clifford Jones, Markus WAHLE",2018-06-27,2019-06-27,2020-01-02,,https://patents.google.com/patent/WO2020002930A1/en,
US-9809828-B2,Modified plant cell ,University Of Leeds,"Stefan Kepinski, Martin Kieffer, Suruchi Roychoudhry",2013-12-11,2013-12-11,2017-11-07,2017-11-07,https://patents.google.com/patent/US9809828B2/en,https://patentimages.storage.googleapis.com/e1/c1/97/13a2e2705a5db0/US09809828-20171107-D00001.png
US-2015132507-A1,Medium For Random Laser And Manufacturing Process of the Same ,University Of Leeds,"Gin Jose, Animesh Jha, David Paul Steenson",2012-05-25,2015-01-20,2015-05-14,,https://patents.google.com/patent/US20150132507A1/en,https://patentimages.storage.googleapis.com/f3/f2/70/8cfb087dd4fdad/US20150132507A1-20150514-D00001.png
GB-201610893-D0,Passive cooling system for wind tower ,Univ Leeds Innovations Ltd,,2013-12-09,2014-07-24,2016-08-03,,https://patents.google.com/patent/GB201610893D0/en,
EP-2686874-A2,Oxide removal from semiconductor surfaces ,The University Of Leeds,"Lianhe Li, Alexander DAVIES, Edmund Linfield",2011-03-14,2012-03-14,2014-01-22,,https://patents.google.com/patent/EP2686874A2/en,
EP-2983689-B1,Composition comprising self-assembling peptides and a charged polysaccharide ,University of Leeds,"Eileen Ingham, Ruth Karen WILCOX, Amalia AGGELI, Danielle Elizabeth MILES",2013-04-08,2014-04-08,2019-08-28,2019-08-28,https://patents.google.com/patent/EP2983689B1/en,https://patentimages.storage.googleapis.com/dc/09/7c/b049d80cf082c2/imgf0001.png
EP-2976308-A1,Glass ,The University Of Leeds,"Animesh Jha, Billy Donald Orac RICHARDS",2013-03-20,2014-03-19,2016-01-27,,https://patents.google.com/patent/EP2976308A1/en,
AU-2011311342-B2,A photosensitive composition comprising hydroxyapatite ,"The University Court Of The University Of St. Andrews, University Of Leeds","Christian Thomas Alcuin Brown, Mandeep Singh Duggal, Animesh Jha, Steven John Milne, Colin Robinson, Wilson Sibbett, Kyriacos Jack Toumba",2010-10-08,2011-10-10,2015-02-05,2015-02-05,https://patents.google.com/patent/AU2011311342B2/en,
AU-2015323559-A1,Formulation ,"University Court Of The University Of St Andrews, University Of Leeds","Antonios ANASTASIOU, Christian Thomas Alcuin Brown, Mandeep Singh Duggal, Animesh Jha, Billy Donald Orac RICHARDS, Wilson Sibbett",2014-09-26,2015-09-04,2017-04-13,,https://patents.google.com/patent/AU2015323559A1/en,
US-2016326529-A1,Anti-viral therapy ,"The University Of York, University Of Leeds, University Of Helsinki","Reidun TWAROCK, Eric DYKEMAN, Peter Stockley, Simon White, Amy BARKER, Nikesh PATEL, Sarah BUTCHER, Shabih SHAKEEL, Mark Harris, Hazel STEWART",2013-09-05,2014-09-05,2016-11-10,,https://patents.google.com/patent/US20160326529A1/en,https://patentimages.storage.googleapis.com/2c/06/8e/242602ac054951/US20160326529A1-20161110-D00001.png
EP-2931033-B1,Method of freezing making use of a mineral nucleator ,"University Of Leeds, Asymptote Limited","Benjamin John MURRAY, Thomas Francis WHALE, James Atkinson, George John Morris",2012-12-11,2013-12-09,2022-01-05,2022-01-05,https://patents.google.com/patent/EP2931033B1/en,https://patentimages.storage.googleapis.com/10/9c/58/ab809202dacd18/imgf0001.png
GB-202011609-D0,Coronaviral packaging signals ,"Univ Leeds Innovations Ltd, Univ York",,2020-07-27,2020-07-27,2020-09-09,,https://patents.google.com/patent/GB202011609D0/en,
JP-2010260790-A,Erbium-doped optical glass ,"Univ Of Leeds, ザ  ユニバーシティ  オブ  リーズ","Animesh Jha, ジャー、アニメッシュ, Mira Naftaly, ナフタリー、ミラ, Shaoxiong Shen, スン、スァウション",1998-03-19,2010-07-28,2010-11-18,,https://patents.google.com/patent/JP2010260790A/en,https://patentimages.storage.googleapis.com/7d/91/94/37e8f1c510b74a/2010260790-7.png
WO-2011060976-A1,Tryptamine-derived compounds as antibacterial agents ,"Universite De Liege, Universiteit Utrecht Holding Bv, University Of Ljubljana, University Of Leeds, Commissariat A L'energie Atomique","Mohammed Terrak, Evert Johan Breukink, Stanislas Gobec, Ian Chopra, Thierry Vernet",2009-11-20,2010-09-13,2011-05-26,,https://patents.google.com/patent/WO2011060976A1/en,
CN-110248736-A,Fluid flow arrangements ,利兹大学,"希娜·伊丽莎白·雷德福, 尼基尔·卡普尔, 大卫·约翰·布罗克韦尔",2017-02-06,2018-02-06,2019-09-17,,https://patents.google.com/patent/CN110248736A/en,
EP-2794906-A1,Assay of functional cell viability ,The University Of Leeds,"Brian Mark Thomson, Mark Frederick Smith",2011-12-21,2012-12-21,2014-10-29,,https://patents.google.com/patent/EP2794906A1/en,
US-2018140972-A1,Compact electrocoalescer with conical frustum electrodes ,"Qatar University, University Of Leeds","Aboubakr M. ABDULLAH, Vincenzino VIVACQUA, Mohammed J. AL-MARRI, Barry AZZOPARDI, Bijan KERMANI, Ali HASSANPOUR, Buddhika HEWAKANDAMBY, Mojtaba Ghadiri",2016-11-23,2017-11-17,2018-05-24,,https://patents.google.com/patent/US20180140972A1/en,https://patentimages.storage.googleapis.com/e5/1c/9f/38cd16f05081e7/US20180140972A1-20180524-D00000.png
WO-2019241631-A1,Compounds for treating hbv ,"The United States Of America, As Represented By The Secretary, Department Of Health And Human Services, University Of Leeds, University Of York","Stuart F.J. LE GRICE, Peter G. Stockley, Reidun TWAROCK, Fardokht A. ABULWERDI",2018-06-14,2019-06-14,2019-12-19,,https://patents.google.com/patent/WO2019241631A1/en,
EP-4143621-A1,Scanner and method of using the scanner during a stain assessment ,"Leeds Teaching Hospitals NHS Trust, University of Leeds","David Brettle, Darren Treanor",2020-04-28,2021-04-28,2023-03-08,,https://patents.google.com/patent/EP4143621A1/en,
GB-201918006-D0,Determining spatial relationship between upper and lower teeth ,Univ Leeds Innovations Ltd,,2019-12-09,2019-12-09,2020-01-22,,https://patents.google.com/patent/GB201918006D0/en,
EP-3119426-A1,Methods and materials for treating cancer ,"Mayo Foundation for Medical Education and Research, University of Leeds","Jose S. Pulido, Richard G. Vile, Timothy J. Kottke, Jill M. Thompson, Rosa Maria DIAZ, Christine Marie PULIDO, Alan A. MELCHER, Peter Selby",2014-03-19,2015-03-19,2017-01-25,,https://patents.google.com/patent/EP3119426A1/en,
WO-2013140175-A1,Apparatus and method for manipulating entrained particles ,University Of Leeds,"Steven Freear, Benjamin RAITON, James R. MCLAUGHLAN, David M.J. COWELL, Peter R. Smith, Sevan HARPUT",2012-03-23,2013-03-21,2013-09-26,,https://patents.google.com/patent/WO2013140175A1/en,
EP-3410947-A1,Surgical retraction device and procedure ,University of Leeds,"David G JAYNE, Peter CULMER, Mohammed SANAMI, Richard Hall, Timothy Flood",2016-02-02,2017-01-20,2018-12-12,,https://patents.google.com/patent/EP3410947A1/en,
EP-3139856-B1,Method of creating a 3d model dental occlusion ,University of Leeds,Andrew Keeling,2014-05-07,2015-05-06,2019-12-11,2019-12-11,https://patents.google.com/patent/EP3139856B1/en,
CN-107406904-A,Method ,利兹大学,"阿尼梅斯·杰哈, S·桑切斯-塞加杜, L·埃斯库德罗-卡斯特洪",2015-03-04,2016-03-01,2017-11-28,,https://patents.google.com/patent/CN107406904A/en,
GB-201416280-D0,Tomography apparatus and method ,Univ Leeds,,2014-09-15,2014-09-15,2014-10-29,,https://patents.google.com/patent/GB201416280D0/en,
AU-2016227471-A1,Process ,University Of Leeds,"Yotamu Stephen Rainford HARA, Animesh Jha, Stephen PARIRENYATWA, Sergio SANCHEZ-SEGADO",2015-03-04,2016-03-01,2017-09-21,,https://patents.google.com/patent/AU2016227471A1/en,
AU-2020349647-A1,Three-dimensional dental scanning system and method of scanning ,University Of Leeds,Andrew James KEELING,2019-09-18,2020-09-17,2022-03-24,,https://patents.google.com/patent/AU2020349647A1/en,
EP-3631078-A1,Low temperature colouring method ,University of Leeds,Stephen Martin Burkinshaw,2017-06-02,2018-05-31,2020-04-08,,https://patents.google.com/patent/EP3631078A1/en,
EP-2972384-B1,"Use of acy-1 as a marker of ischaemia/reperfusion, delayed graft function and graft viability as well as method thereof ",University of Leeds,"Rosamonde Elizabeth BANKS, Matthew Peter Welberry SMITH, Peter John SELBY, Andrew LEWINGTON",2013-03-13,2014-03-13,2017-07-26,2017-07-26,https://patents.google.com/patent/EP2972384B1/en,https://patentimages.storage.googleapis.com/25/44/ea/b0e9005add6b46/imgf0001.png
EP-3781669-A1,Device for supporting development of a cell or tissue derived from the ovary ,University of Leeds,"Virginia Pensabene, Helen Mary PICTON, Paul Joseph MCKEEGAN, Francesco COLUCCI",2018-04-18,2019-04-18,2021-02-24,,https://patents.google.com/patent/EP3781669A1/en,
EP-2822603-A1,Diagnostic marker compounds and their use ,The University Of Leeds,"Sikha SAHA, Gin Jose, Animesh Jha",2012-03-07,2013-03-07,2015-01-14,,https://patents.google.com/patent/EP2822603A1/en,
GB-201209043-D0,Novel composite materials ,Univ Leeds,,2012-05-22,2012-05-22,2012-07-04,,https://patents.google.com/patent/GB201209043D0/en,
US-2019233793-A1,Biocompatible matrices for the transfer of biological molecules ,University Of Leeds,Georg Feichtinger,2016-07-21,2017-07-20,2019-08-01,,https://patents.google.com/patent/US20190233793A1/en,https://patentimages.storage.googleapis.com/03/64/e7/8cfae5527f0290/US20190233793A1-20190801-D00000.png
EP-3188665-A1,Orthopaedic medical device ,University of Leeds,"Thomas BABOOLAL, Elena A JONES, Dennis Mcgonagle",2014-09-04,2015-09-04,2017-07-12,,https://patents.google.com/patent/EP3188665A1/en,
EP-3454651-A1,Formulation ,"University Of Leeds, Asymptote Limited","Benjamin John MURRAY, Thomas Francis WHALE, Theodore William WILSON, George John Morris",2016-05-12,2017-05-12,2019-03-20,,https://patents.google.com/patent/EP3454651A1/en,
GB-2537634-A,Rotary desiccant wheel ,Univ Leeds Innovations Ltd,"Hughes Ben, Bernard O'connor Dominic, Kaiser Calautit John",2015-04-21,2015-04-21,2016-10-26,,https://patents.google.com/patent/GB2537634A/en,
GB-2509795-B,Energy storage heat collecting element ,"Denton St Leo Nation Deju, Univ Leeds Innovations Ltd",Denton St Leo Nation Deju,2013-01-09,2013-05-22,2016-08-03,2016-08-03,https://patents.google.com/patent/GB2509795B/en,
US-2013267725-A1,Compounds for use as ligands ,University Of Leeds,"John Blacker, Kevin Treacher, Thomas Screen",2008-01-25,2013-06-07,2013-10-10,,https://patents.google.com/patent/US20130267725A1/en,https://patentimages.storage.googleapis.com/b0/05/01/6e6daece70fa80/US20130267725A1-20131010-D00001.png
US-2013040848-A1,Methods and Devices for Detecting Structural Changes in a Molecule Measuring Electrochemical Impedance ,"Medical Research Council, University Of Leeds","Paul Ko Ferrigno, Christoph Walti, David Evans, Steven Johnson, Alexander Giles Davies",2006-09-16,2012-09-28,2013-02-14,,https://patents.google.com/patent/US20130040848A1/en,https://patentimages.storage.googleapis.com/c1/99/de/82ace32c4ffd44/US20130040848A1-20130214-D00000.png
US-2014349196-A1,Galvanic cells and components therefor ,University Of Leeds,"Ian WARD, Hugh Hubbard, Simon Charles Wellings, Jerry Barker",2011-12-09,2012-12-07,2014-11-27,,https://patents.google.com/patent/US20140349196A1/en,https://patentimages.storage.googleapis.com/2f/5d/8b/03c4fc925a56f6/US20140349196A1-20141127-D00000.png
US-2018317889-A1,Analogue time division multiplexing for cable reduction in imaging catheters ,"Georgia Tech Research Corporation, University Of Leeds","Thomas Carpenter, M. Wasequr Rashid, F. Levent Degertekin, Stevan Freear, David Matthew Joseph Cowell",2015-10-15,2016-10-14,2018-11-08,,https://patents.google.com/patent/US20180317889A1/en,https://patentimages.storage.googleapis.com/5c/0a/c9/ff56a525dea8f1/US20180317889A1-20181108-D00000.png
WO-2017094266-A1,Composite material and method for improving damping property thereof ,"Mitsubishi Chemical Holdings Corporation, Eth Zurich, University Of Leeds","Andrei A. GUSEV, Peter J. Hine, Anthony P. UNWIN, Ian M. Ward, Masato Fujita, Eiji Tanaka",2015-12-02,2016-12-01,2017-06-08,,https://patents.google.com/patent/WO2017094266A1/en,https://patentimages.storage.googleapis.com/09/29/39/1a57503e9066f8/JPOXMLDOC01-appb-D000001.png
CA-2836198-A1,Modified plant cell ,"University Of Leeds, Stefan Kepinski, Martin Kieffer, Suruchi Roychoudhry","Stefan Kepinski, Martin Kieffer, Suruchi Roychoudhry",2013-12-09,2013-12-09,2015-06-09,,https://patents.google.com/patent/CA2836198A1/en,
WO-2011070322-A1,An interactive rehabilitation computer peripheral system ,The University Of Leeds,"Martin Levesley, Bipin Bhakta",2009-12-08,2010-12-08,2011-06-16,,https://patents.google.com/patent/WO2011070322A1/en,
WO-2014080174-A1,Proton exchange membrane fuel cell ,University Of Leeds,"Mohammed POURKASHANIAN, Mohammed Saeed ISMAIL, Derek Binns INGHAM, Kevin James HUGHES, Lin Ma",2012-11-20,2013-11-08,2014-05-30,,https://patents.google.com/patent/WO2014080174A1/en,
BR-102013031887-A2,"plant cell, isolated nucleic acid molecule, plant, seed, method for manipulating the growth angle of a plant root and / or bud ",Univ Leeds,"Martin Kieffer, Stefan Kepinski, Suruchi Roychoudhry",2013-12-11,2013-12-11,2015-11-17,,https://patents.google.com/patent/BR102013031887A2/en,
WO-2012120266-A1,Sensor apparatus and use thereof ,University Of Leeds,"Andrew Lawrence NELSON, Alexander Vakourov",2011-03-10,2012-03-12,2012-09-13,,https://patents.google.com/patent/WO2012120266A1/en,
WO-2011110825-A1,Biosensor apparatus and use thereof ,University Of Leeds,"Andrew Lawrence Nelson, Alexander Vakourov",2010-03-09,2011-03-09,2011-09-15,,https://patents.google.com/patent/WO2011110825A1/en,
GB-201416558-D0,Detectors ,Univ Leeds,,2014-09-19,2014-09-19,2014-11-05,,https://patents.google.com/patent/GB201416558D0/en,
EP-3738590-A1,Dietary supplement comprising amino acids for the treatment of sarcopenia ,Leeds Beckett University,"Roderick Frederick Gerardus Joseph King, Theocharis Ispoglou, Helen White",2013-07-31,2014-06-18,2020-11-18,,https://patents.google.com/patent/EP3738590A1/en,
ES-2914325-T3,Englerin derivatives for cancer treatment ,"Us Health, Fundacio Institut Catala Dinvestigacio Quim, Univ Delaware, Univ Leeds Innovations Ltd, Univ Rovira I Virgili","John Beutler, Antonio Echavarren, William Chain, David Beech, Zhenhua Wu, Jean-Simon Suppo, Fernando Bravo, Hussein Rubaiy",2017-07-06,2018-07-05,2022-06-09,2022-06-09,https://patents.google.com/patent/ES2914325T3/en,
GB-201211102-D0,Hybrid self reinforced composite material ,"Univ Leuven Kath, Univ Leeds",,2012-06-22,2012-06-22,2012-08-01,,https://patents.google.com/patent/GB201211102D0/en,
WO-2018078369-A1,Viral packaging signals ,"The University Of York, University Of Leeds, University Of Helsinki","Reidun TWAROCK, Eric Charles DYKEMAN, Peter Stockley, Simon White, Sarah Butcher, Shabih SHAKEEL",2016-10-26,2017-10-26,2018-05-03,,https://patents.google.com/patent/WO2018078369A1/en,
GB-201708709-D0,Virus like particle ,"Univ York, Univ Leeds Innovations Ltd",,2017-06-01,2017-06-01,2017-07-19,,https://patents.google.com/patent/GB201708709D0/en,
GB-201211071-D0,Hybrid self reinforced composite material ,"Univ Leuven Kath, Univ Leeds",,2012-06-22,2012-06-22,2012-08-01,,https://patents.google.com/patent/GB201211071D0/en,
WO-2021122898-A1,A surface force apparatus and a method of use ,"University Of Leeds, Centre National De La Recherche Scientifique, Université Grenoble Alpes","Ralf Peter RICHTER, Anders Rickard FROST, Delphine Debarre, Saikat Jana",2019-12-19,2020-12-17,2021-06-24,,https://patents.google.com/patent/WO2021122898A1/en,
GB-201701854-D0,A medical device for sintering and coating ,Univ Leeds Innovations Ltd,,2017-02-03,2017-02-03,2017-03-22,,https://patents.google.com/patent/GB201701854D0/en,
GB-201806311-D0,Device for supporting development of a cell or tissue derived from the ovary ,Univ Leeds Innovations Ltd,,2018-04-18,2018-04-18,2018-05-30,,https://patents.google.com/patent/GB201806311D0/en,
GB-202007546-D0,Formulation ,Univ Leeds Innovations Ltd,,2020-05-20,2020-05-20,2020-07-01,,https://patents.google.com/patent/GB202007546D0/en,
GB-201102831-D0,Follicle culture ,"Leeds Teaching Hospitals Nhs Trust, Univ Leeds",,2011-02-18,2011-02-18,2011-04-06,,https://patents.google.com/patent/GB201102831D0/en,
GB-201918008-D0,Determining spatial relationship between upper teeth and facial skeleton ,Univ Leeds Innovations Ltd,,2019-12-09,2019-12-09,2020-01-22,,https://patents.google.com/patent/GB201918008D0/en,
GB-202006260-D0,Stain Assessment ,"Leeds Teaching Hospitals Nhs Trust, Univ Leeds Innovations Ltd",,2020-04-28,2020-04-28,2020-06-10,,https://patents.google.com/patent/GB202006260D0/en,
GB-201001982-D0,Follicle culture ,"Leeds Teaching Hospitals Nhs T, Univ Leeds",,2010-02-08,2010-02-08,2010-03-24,,https://patents.google.com/patent/GB201001982D0/en,
GB-201704905-D0,Hair shaping material ,"Croda Europe Ltd, Univ Leeds Innovations Ltd",,2017-03-28,2017-03-28,2017-05-10,,https://patents.google.com/patent/GB201704905D0/en,
GB-201708816-D0,Low temperature dyeing method ,Univ Leeds Innovations Ltd,,2017-06-02,2017-06-02,2017-07-19,,https://patents.google.com/patent/GB201708816D0/en,
GB-202012435-D0,Controlling a vehicle ,Univ Leeds Innovations Ltd,,2020-08-10,2020-08-10,2020-09-23,,https://patents.google.com/patent/GB202012435D0/en,
GB-2609805-A,Test slides and methods of production in stain assessment ,"Leeds Teaching Hospitals Nhs Trust, Univ Leeds Innovations Ltd","Brettle David, Treanor Darren, Dunn Catriona",2020-04-28,2021-04-28,2023-02-15,,https://patents.google.com/patent/GB2609805A/en,
GB-202110001-D0,Tribological composites ,Univ Leeds Innovations Ltd,,2021-07-12,2021-07-12,2021-08-25,,https://patents.google.com/patent/GB202110001D0/en,
GB-201713645-D0,Colouration system ,Univ Leeds Innovations Ltd,,2017-08-24,2017-08-24,2017-10-11,,https://patents.google.com/patent/GB201713645D0/en,
GB-202006256-D0,Stain assessment ,"Leeds Teaching Hospitals Nhs Trust, Univ Leeds Innovations Ltd",,2020-04-28,2020-04-28,2020-06-10,,https://patents.google.com/patent/GB202006256D0/en,
GB-202004276-D0,A learnt approach for the design of magnetically actuated shape forming soft tentacle robots ,Univ Leeds Innovations Ltd,,2020-03-24,2020-03-24,2020-05-06,,https://patents.google.com/patent/GB202004276D0/en,
GB-201807987-D0,Reduction in microbial growth ,Univ Leeds Innovations Ltd,,2018-05-17,2018-05-17,2018-07-04,,https://patents.google.com/patent/GB201807987D0/en,
GB-201811808-D0,Composite materials ,Univ Leeds Innovations Ltd,,2018-07-19,2018-07-19,2018-09-05,,https://patents.google.com/patent/GB201811808D0/en,
GB-201813854-D0,Colouration system ,Univ Leeds Innovations Ltd,,2018-08-24,2018-08-24,2018-10-10,,https://patents.google.com/patent/GB201813854D0/en,
GB-201814766-D0,Quantum cascade laser ,Univ Leeds Innovations Ltd,,2018-09-11,2018-09-11,2018-10-24,,https://patents.google.com/patent/GB201814766D0/en,
CN-111247229-A,Aligned nematic elastomers ,利兹大学,"海伦-弗朗西斯·格利森, 德维什·阿尔温德·米斯特里",2017-10-19,2018-10-18,2020-06-05,,https://patents.google.com/patent/CN111247229A/en,https://patentimages.storage.googleapis.com/a6/a0/10/63fff74b35414c/HDA0002457915480000012.png
GB-202002891-D0,Analyte detection ,Univ Leeds Innovations Ltd,,2020-02-28,2020-02-28,2020-04-15,,https://patents.google.com/patent/GB202002891D0/en,
GB-201900482-D0,Catalytic converter ,Univ Leeds Innovations Ltd,,2019-01-14,2019-01-14,2019-02-27,,https://patents.google.com/patent/GB201900482D0/en,
GB-201911447-D0,Multi-compnent method and system ,Univ Leeds Innovations Ltd,,2019-08-09,2019-08-09,2019-09-25,,https://patents.google.com/patent/GB201911447D0/en,
GB-202205312-D0,A climbing robot ,"Univ Leeds Innovations Ltd, Acuity Robotics Ltd",,2022-04-11,2022-04-11,2022-05-25,,https://patents.google.com/patent/GB202205312D0/en,
GB-201914137-D0,Modified Plants ,Univ Leeds Innovations Ltd,,2019-10-01,2019-10-01,2019-11-13,,https://patents.google.com/patent/GB201914137D0/en,
GB-202205764-D0,Tribological composites ,Univ Leeds Innovations Ltd,,2022-04-20,2022-04-20,2022-06-01,,https://patents.google.com/patent/GB202205764D0/en,
GB-202211203-D0,Formulation ,Univ Leeds Innovations Ltd,,2022-08-01,2022-08-01,2022-09-14,,https://patents.google.com/patent/GB202211203D0/en,
GB-201021699-D0,Assay of functional cell viability ,Univ Leeds,,2010-12-22,2010-12-22,2011-02-02,,https://patents.google.com/patent/GB201021699D0/en,
GB-202103654-D0,Bone repair kit ,Univ Leeds Innovations Ltd,,2021-03-16,2021-03-16,2021-04-28,,https://patents.google.com/patent/GB202103654D0/en,
GB-201109171-D0,Plant promoter capable of an adaptive activation profile in response to environmental factors ,Univ Leeds,,2011-06-01,2011-06-01,2011-07-13,,https://patents.google.com/patent/GB201109171D0/en,
GB-202019565-D0,Ultrasound transmitter ,Univ Leeds Innovations Ltd,,2020-12-11,2020-12-11,2021-01-27,,https://patents.google.com/patent/GB202019565D0/en,
GB-201104102-D0,Process for the resolution of amino alcohol compounds ,Univ Leeds,,2011-03-10,2011-03-10,2011-04-27,,https://patents.google.com/patent/GB201104102D0/en,
GB-201101217-D0,Recording device ,Univ Leeds,,2011-01-25,2011-01-25,2011-03-09,,https://patents.google.com/patent/GB201101217D0/en,
GB-201209308-D0,Secure communication ,Univ Leeds,,2012-05-23,2012-05-23,2012-07-04,,https://patents.google.com/patent/GB201209308D0/en,
GB-201209887-D0,Secure communication ,Univ Leeds,,2012-06-01,2012-06-01,2012-07-18,,https://patents.google.com/patent/GB201209887D0/en,
EP-2869917-A2,Coated microbubbles ,The University Of Leeds,"Stephen Evans, Sally PEYMAN, Jonathan BLOCKLEY",2012-07-03,2013-07-03,2015-05-13,,https://patents.google.com/patent/EP2869917A2/en,
GB-201016150-D0,Acellular vascular products ,Univ Leeds,,2010-09-27,2010-09-27,2010-11-10,,https://patents.google.com/patent/GB201016150D0/en,
GB-201020846-D0,Acellular vascular products ,Univ Leeds,,2010-12-09,2010-12-09,2011-01-19,,https://patents.google.com/patent/GB201020846D0/en,
GB-201020069-D0,Novel dyeing system ,Univ Leeds,,2010-11-26,2010-11-26,2011-01-12,,https://patents.google.com/patent/GB201020069D0/en,
GB-201002360-D0,Novel biomarkers for vascular disease ,Univ Leeds,,2010-02-12,2010-02-12,2010-03-31,,https://patents.google.com/patent/GB201002360D0/en,
GB-201004099-D0,Process for the resolution of amino alcohol compounds ,Univ Leeds,,2010-03-12,2010-03-12,2010-04-28,,https://patents.google.com/patent/GB201004099D0/en,
GB-201009161-D0,Low flow indicator ,Univ Leeds,,2010-06-02,2010-06-02,2010-07-14,,https://patents.google.com/patent/GB201009161D0/en,
GB-201012863-D0,Novel reactive dyes ,Univ Leeds,,2010-07-30,2010-07-30,2010-09-15,,https://patents.google.com/patent/GB201012863D0/en,
GB-201014771-D0,Training device ,Univ Leeds,,2010-09-06,2010-09-06,2010-10-20,,https://patents.google.com/patent/GB201014771D0/en,
GB-201211229-D0,Biomarker ,Univ Leeds,,2012-06-25,2012-06-25,2012-08-08,,https://patents.google.com/patent/GB201211229D0/en,
GB-201406863-D0,Compositions comprising variegin ,Univ Leeds,,2014-04-16,2014-04-16,2014-05-28,,https://patents.google.com/patent/GB201406863D0/en,
AU-2013201920-B2,Material Ejection ,University Of Leeds,"Novid Beheshti, Andrew Mcintosh",2005-09-26,2013-03-20,2015-01-22,2015-01-22,https://patents.google.com/patent/AU2013201920B2/en,
GB-201212860-D0,Novel reactive dyes ,Univ Leeds,,2012-07-19,2012-07-19,2012-09-05,,https://patents.google.com/patent/GB201212860D0/en,
GB-202210780-D0,A system for powering a device and method of the same ,Univ Leeds Innovations Ltd,,2022-07-22,2022-07-22,2022-09-07,,https://patents.google.com/patent/GB202210780D0/en,
GB-201221014-D0,Novel dyeing system ,Univ Leeds,,2012-11-22,2012-11-22,2013-01-09,,https://patents.google.com/patent/GB201221014D0/en,
GB-202207769-D0,Split reporter complex ,Univ Leeds Innovations Ltd,,2022-05-26,2022-05-26,2022-07-13,,https://patents.google.com/patent/GB202207769D0/en,
GB-201303371-D0,Process for the resolution of amino alcohol compounds ,Univ Leeds,,2013-02-26,2013-02-26,2013-04-10,,https://patents.google.com/patent/GB201303371D0/en,
GB-201120316-D0,Novel dying system ,Univ Leeds,,2011-11-24,2011-11-24,2012-01-04,,https://patents.google.com/patent/GB201120316D0/en,
GB-202102557-D0,Identification of genomic targets ,Univ Leeds Innovations Ltd,,2021-02-23,2021-02-23,2021-04-07,,https://patents.google.com/patent/GB202102557D0/en,
GB-202210781-D0,An implantable device and charging module for powering the same ,Univ Leeds Innovations Ltd,,2022-07-22,2022-07-22,2022-09-07,,https://patents.google.com/patent/GB202210781D0/en,
GB-202211041-D0,Secure communication ,Univ Leeds Innovations Ltd,,2022-07-28,2022-07-28,2022-09-14,,https://patents.google.com/patent/GB202211041D0/en,
GB-202011738-D0,Triazine compounds ,Univ Leeds Innovations Ltd,,2020-07-29,2020-07-29,2020-09-09,,https://patents.google.com/patent/GB202011738D0/en,
GB-201808417-D0,Copolymer ,Univ Leeds Innovations Ltd,,2018-05-23,2018-05-23,2018-07-11,,https://patents.google.com/patent/GB201808417D0/en,
GB-201806309-D0,Device for supporting development of a cell or tissue derived from the ovary ,Univ Leeds Innovations Ltd,,2018-04-18,2018-04-18,2018-05-30,,https://patents.google.com/patent/GB201806309D0/en,
GB-201718602-D0,Hair shaping material ,"Univ Leeds Innovations Ltd, Croda Europe Ltd",,2017-11-10,2017-11-10,2017-12-27,,https://patents.google.com/patent/GB201718602D0/en,
AU-2016306026-A1,Implantation of ions generated by laser ablation ,University Of Leeds,"Jayakrishnan Chandrappan, Gin Jose, Matthew Murray",2015-08-13,2016-08-12,2018-03-01,,https://patents.google.com/patent/AU2016306026A1/en,
GB-201317315-D0,Novel dyeing system ,Univ Leeds,,2013-10-02,2013-10-02,2013-11-13,,https://patents.google.com/patent/GB201317315D0/en,
GB-201522015-D0,Compunds ,Univ Leeds,,2015-12-14,2015-12-14,2016-01-27,,https://patents.google.com/patent/GB201522015D0/en,
GB-201521912-D0,Compounds ,Univ Leeds,,2015-12-11,2015-12-11,2016-01-27,,https://patents.google.com/patent/GB201521912D0/en,
CN-106432492-A,Antibody combination established aiming at tumor marker and ELISA method thereof ,"广州瑞博奥生物技术有限公司, 利兹大学","黄若磐, 罗数红, 达伦·汤姆林森, 迈克尔·麦克菲尔森, 克里斯汀·蒂德, 吕志强",2015-08-07,2015-08-07,2017-02-22,,https://patents.google.com/patent/CN106432492A/en,
GB-201510670-D0,Novel reactive dyes ,Univ Leeds,,2015-06-17,2015-06-17,2015-07-29,,https://patents.google.com/patent/GB201510670D0/en,
GB-201502377-D0,A medical device and method ,Univ Leeds,,2015-02-13,2015-02-13,2015-04-01,,https://patents.google.com/patent/GB201502377D0/en,
GB-201416545-D0,Novel Method For Treatment Of Substrates ,Univ Leeds,,2014-09-19,2014-09-19,2014-11-05,,https://patents.google.com/patent/GB201416545D0/en,
GB-201413524-D0,Compounds ,Univ Leeds,,2014-07-30,2014-07-30,2014-09-10,,https://patents.google.com/patent/GB201413524D0/en,
GB-202218330-D0,Adaptive ultrasound beamforming ,Univ Leeds Innovations Ltd,,2022-12-06,2022-12-06,2023-01-18,,https://patents.google.com/patent/GB202218330D0/en,
GB-202219045-D0,Synthesis of poly(amino acids) ,Univ Leeds Innovations Ltd,,2022-12-16,2022-12-16,2023-02-01,,https://patents.google.com/patent/GB202219045D0/en,
EP-3883710-A1,Nanomaterials ,University Of Leeds,"Stephen Derek EVANS, Sunjie YE, Alexander Fred Markham, Patricia Louise COLETTA",2018-11-21,2019-11-19,2021-09-29,,https://patents.google.com/patent/EP3883710A1/en,
US-D713753-S,"Flow meter, gauge and measuring instrument ",The University Of Leeds,"Nik Kapur, Douglas Pike, Paul Milner, Doug Stewart",2012-07-31,2012-12-11,2014-09-23,2014-09-23,https://patents.google.com/patent/USD713753S1/en,https://patentimages.storage.googleapis.com/a7/68/91/786e25d8c53887/USD0713753-20140923-D00000.png
EP-4051654-A1,Ceramic ,University Of Leeds,"Steven John Milne, Andrew Paul Brown, Thomas Anthony BROWN",2019-10-31,2020-10-29,2022-09-07,,https://patents.google.com/patent/EP4051654A1/en,
GB-201413527-D0,Compounds ,Univ Leeds,,2014-07-30,2014-07-30,2014-09-10,,https://patents.google.com/patent/GB201413527D0/en,
GB-201411725-D0,Novel reactive dyes ,Univ Leeds,,2014-07-01,2014-07-01,2014-08-13,,https://patents.google.com/patent/GB201411725D0/en,
GB-201403362-D0,Process for the resolution of amino alcohol compounds ,Univ Leeds,,2014-02-26,2014-02-26,2014-04-09,,https://patents.google.com/patent/GB201403362D0/en,
GB-201321628-D0,Treatment of disease ,"Sec Dep For Health The, Univ Leeds Innovations Ltd",,2013-12-06,2013-12-06,2014-01-22,,https://patents.google.com/patent/GB201321628D0/en,
HK-1211876-A1,Composite bone implants ,Univ Leeds,"Eileen Ingham, Gemma Jones, Hazel Fermor, John Fisher, Hasan Jahid",2012-09-04,2015-12-23,2016-06-03,,https://patents.google.com/patent/HK1211876A1/en,
GB-201013928-D0,Control of ras-dependent tumour growth ,Univ Leeds,,2010-08-20,2010-08-20,2010-10-06,,https://patents.google.com/patent/GB201013928D0/en,
GB-201001230-D0,Recording device ,Univ Leeds,,2010-01-26,2010-01-26,2010-03-10,,https://patents.google.com/patent/GB201001230D0/en,
GB-201018615-D0,Novel compounds and use thereof as a medicament ,Univ Leeds,,2010-11-04,2010-11-04,2010-12-22,,https://patents.google.com/patent/GB201018615D0/en,
GB-201102040-D0,Composition and method ,Univ Leeds,,2011-02-07,2011-02-07,2011-03-23,,https://patents.google.com/patent/GB201102040D0/en,
GB-201105629-D0,Self healing of brittle materials ,Univ Leeds,,2011-04-01,2011-04-01,2011-05-18,,https://patents.google.com/patent/GB201105629D0/en,
GB-201111081-D0,Coated microbubbles ,Univ Leeds,,2011-06-29,2011-06-29,2011-08-10,,https://patents.google.com/patent/GB201111081D0/en,
GB-201113230-D0,Novel reactive dyes ,Univ Leeds,,2011-08-01,2011-08-01,2011-09-14,,https://patents.google.com/patent/GB201113230D0/en,
GB-201116426-D0,Novel saccharide based therapeutics ,Univ Leeds,,2011-09-23,2011-09-23,2011-11-02,,https://patents.google.com/patent/GB201116426D0/en,
GB-201119658-D0,Cell ,Univ Leeds,,2011-11-15,2011-11-15,2011-12-28,,https://patents.google.com/patent/GB201119658D0/en,
GB-201203419-D0,Process for the resolution of amono alcohol compounds ,Univ Leeds,,2012-02-28,2012-02-28,2012-04-11,,https://patents.google.com/patent/GB201203419D0/en,
GB-201205616-D0,Recording device ,Univ Leeds,,2012-03-29,2012-03-29,2012-05-16,,https://patents.google.com/patent/GB201205616D0/en,
GB-201209286-D0,Secure communication ,Univ Leeds,,2012-05-23,2012-05-23,2012-07-04,,https://patents.google.com/patent/GB201209286D0/en,
GB-201218496-D0,Cell ,Univ Leeds,,2012-10-16,2012-10-16,2012-11-28,,https://patents.google.com/patent/GB201218496D0/en,
GB-201223524-D0,Composite connective tissue and bone implants ,Univ Leeds,,2012-12-31,2012-12-31,2013-02-13,,https://patents.google.com/patent/GB201223524D0/en,
GB-201312276-D0,Novel reactive dyes ,Univ Leeds,,2013-07-09,2013-07-09,2013-08-21,,https://patents.google.com/patent/GB201312276D0/en,
GB-201317589-D0,Cell ,Univ Leeds,,2013-10-04,2013-10-04,2013-11-20,,https://patents.google.com/patent/GB201317589D0/en,
AR-097606-A1,MODIFIED VEGETABLE CELL ,Univ Leeds Innovations Ltd,"Kieffer Martin, Roychoudhry Suruchi, Kepinski Stefan",2013-12-12,2013-12-12,2016-04-06,,https://patents.google.com/patent/AR097606A1/en,
GB-201410462-D0,Method ,Univ Leeds,,2014-06-12,2014-06-12,2014-07-30,,https://patents.google.com/patent/GB201410462D0/en,
GB-201414845-D0,Novel dyeing system ,Univ Leeds,,2014-08-20,2014-08-20,2014-10-01,,https://patents.google.com/patent/GB201414845D0/en,
WO-2016024073-A1,Wind tower ,University Of Leeds,"Dr. Ben Richard HUGHES, Dominic Bernard O'CONNOR, John Kaiser CALAUTIT",2014-08-15,2014-08-15,2016-02-18,,https://patents.google.com/patent/WO2016024073A1/en,
GB-201510738-D0,Novel dyeing system ,Univ Leeds,,2015-06-18,2015-06-18,2015-08-05,,https://patents.google.com/patent/GB201510738D0/en,
WO-2018178056-A1,Hair shaping material ,"Croda International Plc, University Of Leeds","Patrick James Colver, Neil Howard James, Christopher Michael Carr, David Malcolm Lewis, Peter Jeffrey Broadbent, Muriel Laure Aude RIGOUT",2017-03-28,2018-03-27,2018-10-04,,https://patents.google.com/patent/WO2018178056A1/en,
WO-2020065348-A1,Valve ,University Of Leeds,"Pietro Valdastri, Simone CALÒ, James Henry CHANDLER",2018-09-28,2019-09-27,2020-04-02,,https://patents.google.com/patent/WO2020065348A1/en,
WO-2022066512-A1,Prediction of response to epidermal growth factor receptor-directed therapies using epiregulin and amphiregulin ,"Ventana Medical Systems, Inc., University Of Leeds","Isaac Yuyu BAI, Jennifer Helen BARRETT, Faye ELLIOTT, Wen-wei LIU, Philip QUIRKE, Susan Diane RICHMAN, Jennifer Frances SELIGMANN, Matthew Thomas SEYMOUR, Kandavel Shanmugam, Shalini Singh, Nicholas Paul WEST, Christopher James Michael WILLIAMS, Liping Zhang",2020-09-22,2021-09-17,2022-03-31,,https://patents.google.com/patent/WO2022066512A1/en,
WO-2023285799-A1,Tribological composites ,University Of Leeds,"Liuquan YANG, Nik Roselina BINTI NIK ROSELEY, Robbie Nathan BRITTAIN, Tomasz Witold LISKIEWICZ, Anne Neville",2021-07-12,2022-07-12,2023-01-19,,https://patents.google.com/patent/WO2023285799A1/en,
GB-201002240-D0,Composition and method ,Univ Leeds,,2010-02-10,2010-02-10,2010-03-31,,https://patents.google.com/patent/GB201002240D0/en,
US-2022259273-A1,Compositions and methods for treating protein aggregation-associated diseases ,"The Board Of Trustees Of The Leland Stanford Junior University, The University Of Leeds, University Of Konstanz","Judith Frydman, Sheena E. Radford, Elke Deuerling",2019-03-05,2020-03-04,2022-08-18,,https://patents.google.com/patent/US20220259273A1/en,https://patentimages.storage.googleapis.com/29/b4/ad/5caf63d50f0921/US20220259273A1-20220818-D00000.png
GB-201610483-D0,Novel reactive dyes ,Univ Of Leeds The,,2016-06-16,2016-06-16,2016-08-03,,https://patents.google.com/patent/GB201610483D0/en,
WO-2022123274-A1,Device and method for testing ,"The Leeds And Bradford Boiler Company Limited, The University Of Leeds","Daniel Phillip BURKLE, Robert Anthony JACKLIN",2020-12-11,2021-12-10,2022-06-16,,https://patents.google.com/patent/WO2022123274A1/en,
GB-201621055-D0,Compounds ,Univ Of Leeds The,,2016-12-12,2016-12-12,2017-01-25,,https://patents.google.com/patent/GB201621055D0/en,
GB-201610484-D0,Novel dyeing system ,Univ Of Leeds The,,2016-06-16,2016-06-16,2016-08-03,,https://patents.google.com/patent/GB201610484D0/en,
GB-2527421-B,System and unit for insulating buildings ,Leeds Beckett Univ,"Brooke-Peat Matthew, Gorse Christopher",2014-06-16,2015-06-02,2020-07-15,2020-07-15,https://patents.google.com/patent/GB2527421B/en,
WO-2022051457-A1,Transmembrane beta barrel proteins ,"University Of Washington, The University Of Leeds, A Body Incorporated By Royal","Anastassia VOROBIEVA, David Baker, James Ea HORNE",2020-09-04,2021-09-02,2022-03-10,,https://patents.google.com/patent/WO2022051457A1/en,
