search URL:,https://patents.google.com/?assignee=Univ+London&after=filing:20100101&language=ENGLISH
id,title,assignee,inventor/author,priority date,filing/creation date,publication date,grant date,result link,representative figure link
JP-2021072871-A,Adeno-associated virus factor VIII vector ,"バイオマリン ファーマシューティカル インコーポレイテッド, Biomarin Pharmaceutical Inc, バイオマリン  ファーマシューティカル  インコーポレイテッド, ユニバーシティー カレッジ ロンドン, Univ College London, ユニバーシティー  カレッジ  ロンドン","キャメロン コロシ ピーター, Cameron Colosi Peter, キャメロン  コロシ ピーター, ナサワニ アミット, Nathwani Amit, ナサワニ アミット, マッキントッシュ ジェニー, Mcintosh Jenny, マッキントッシュ ジェニー, トッデンハム エドワード, Tuddenham Edward, トッデンハム エドワード",2013-09-12,2021-02-18,2021-05-13,,https://patents.google.com/patent/JP2021072871A/en,https://patentimages.storage.googleapis.com/3f/c3/64/51e9a24ddaee45/2021072871-3.png
US-9452066-B2,Transcutaneous prosthesis ,University College London,"Gordon Blunn, Justin Cobb, Allen Goodship, Paul Unwin",2000-06-23,2013-12-19,2016-09-27,2016-09-27,https://patents.google.com/patent/US9452066B2/en,https://patentimages.storage.googleapis.com/06/92/73/1e959ac9300f31/US09452066-20160927-D00000.png
US-10758491-B2,Colonic drug delivery formulation ,University College London,"Abdul Basit, Valentine Ibekwe",2006-04-13,2020-02-24,2020-09-01,2020-09-01,https://patents.google.com/patent/US10758491B2/en,https://patentimages.storage.googleapis.com/f9/3c/92/165d1bfd8e4031/US10758491-20200901-D00001.png
EP-3126505-B1,Oncolytic vaccinia virus ,Queen Mary University of London,"Yaohe Wang, Ming Yuan, Jahangir AHMED, Nicholas Robert LEMOINE",2014-04-01,2015-04-01,2019-10-16,2019-10-16,https://patents.google.com/patent/EP3126505B1/en,https://patentimages.storage.googleapis.com/6b/49/e4/912d44675fafad/imgf0001.png
US-9702900-B2,Method and system for magnetic resonance imaging using nitrogen-vacancy centers ,"President And Fellows Of Harvard College, University College London","Amir Yacoby, Michael Grinolds, Marc Warner, Kristiaan De Greve, Yuliya Dovzhenko",2015-01-14,2015-05-26,2017-07-11,2017-07-11,https://patents.google.com/patent/US9702900B2/en,https://patentimages.storage.googleapis.com/12/34/71/dba77b028311f9/US09702900-20170711-D00000.png
US-9949948-B2,Artemisinin and its derivatives for use in the treatment of trauma haemorrhage and associated conditions ,Queen Mary University Of London,Christoph Thiemermann,2011-06-10,2017-03-07,2018-04-24,2018-04-24,https://patents.google.com/patent/US9949948B2/en,https://patentimages.storage.googleapis.com/fa/df/b1/be293a34902199/US09949948-20180424-D00001.png
US-2018011106-A1,"Methods for identifying, diagnosing, and predicting survival of lymphomas ","The United States of America, as represented by he Secretary, Department of Health and Human Servi, Board Of Regents Of The University Of Nebraska, University Of Rochester, Arizona Board Of Regents On Behalf Of The University Of Arizona, Universitat De Barcelona, Fundacio Clinic, Hospital Clinic De Barcelona, Julius-Maximilians-University Of Wurzburg, British Columbia Cancer Agency Branch, Oslo University Hospital Hf, Queen Mary And Westfield College, University Of London","Louis M. Staudt, George Wright, Sandeep Dave, Bruce Tan, John I. Powell, Wyndham Wilson, Elaine S. Jaffe, Wing C. Chan, Timothy C. Greiner, Dennis Weisenburger, James Armitage, Kai Fu, Richard I. Fisher, Lisa M. Rimsza, Thomas Miller, Thomas Grogan, Elias Campo Guerri, Silvia M. Bea, Itziar Salaverria, Armando Lopez-Guillermo, Emilio Montserrat, Victor Moreno, Andreas Zetti, German Ott, Hans-Konrad Muller-Hermelink, Andreas Rosenwald, Julie Vose, Randy Gascoyne, Joseph Connors, Erlend B. Smeland, Stein Kvaloy, Harald Holte, Jan Delabie, T. Andrew Lister",2003-09-03,2017-06-22,2018-01-11,,https://patents.google.com/patent/US20180011106A1/en,https://patentimages.storage.googleapis.com/4a/2a/fb/3ddb426d3b17fe/US20180011106A1-20180111-D00000.png
US-2021388353-A1,Oligomers ,"Royal Holloway, University Of London","Linda POPPLEWELL, Ian Graham, John George Dickson",2008-09-11,2021-01-07,2021-12-16,,https://patents.google.com/patent/US20210388353A1/en,https://patentimages.storage.googleapis.com/62/d2/45/8b4bc5bd053cf9/US20210388353A1-20211216-D00001.png
US-8703173-B2,Newborn infant formulas and feeding methods ,University College London,"Atul Singhal, Alan Lucas",2003-02-10,2011-07-05,2014-04-22,2014-04-22,https://patents.google.com/patent/US8703173B2/en,
US-11028444-B2,Survival predictor for diffuse large B cell lymphoma ,"The United States Of America, As Represented By The Secretary, Department Of Health And Human Services, Arizona Board Of Regents On Behalf Of The University Of Arizona, Queen Mary University Of London, Board Of Regents Of The University Of Nebraska, Oslo University Hospital Hf, Oregon Health & Science University, University Of Rochester, Hospital Clinic De Barcelona, Universitat De Barcelona, British Columbia Cancer Agency Branch, Julius-Maximilians-University Of Würzburg","Lisa M. Rimsza, Andrew T. Lister, Wing C. Chan, Dennis Weisenburger, Jan Delabie, Erlend B. Smeland, Harald Holte, Stein Kvaløy, Rita M. Braziel, Richard I. Fisher, Pedro Jares, Armando Lopez-Guillermo, Elias Campo Guerri, Elaine S. Jaffe, Georg Lenz, Wyndham H. Wilson, George W. Wright, Sandeep S. Dave, Louis M. Staudt, Randy D. Gascoyne, Joseph M. Connors, Hans-Konrad Muller-Hermelink, Andreas Rosenwald, German Ott",2008-06-06,2018-04-27,2021-06-08,2021-06-08,https://patents.google.com/patent/US11028444B2/en,https://patentimages.storage.googleapis.com/9c/4e/8d/736f586b32da66/US11028444-20210608-D00001.png
AU-2015201248-B2,A Bilateral Hearing Assistance System and a Method of Fitting a Bilateral Hearing Assistance System ,"Oticon Medical A/S, University College London","Nick Haywood, Jonathan Laudanski, Torsten Marquardt, David McAlpine, Jamie A. Undurraga",2014-03-11,2015-03-10,2018-07-26,2018-07-26,https://patents.google.com/patent/AU2015201248B2/en,
US-2021154463-A1,Mechanical circulatory support device with centrifugal impeller designed for implantation in the descending aorta ,Queen Mary University Of London,"Theodosios Alexander, Martin T. Rothman",2012-11-06,2020-12-02,2021-05-27,,https://patents.google.com/patent/US20210154463A1/en,https://patentimages.storage.googleapis.com/88/18/4b/455083cee65215/US20210154463A1-20210527-D00000.png
US-2021147934-A1,Analysis of hla alleles in tumours and the uses thereof ,"The Francis Crick Institute Limited, University College London, Cancer Research Technology Limited","Charles Swanton, Nicholas Mcgranahan, Rachel Rosenthal",2017-07-14,2018-07-13,2021-05-20,,https://patents.google.com/patent/US20210147934A1/en,https://patentimages.storage.googleapis.com/32/33/ef/fba0c1ae1b4c5f/US20210147934A1-20210520-D00000.png
US-2023108685-A1,Biomarkers For Endometriosis ,Queen Mary University Of London,"Finbar COTTER, Christine DEGUARA, Colin Davis",2014-02-27,2022-04-14,2023-04-06,,https://patents.google.com/patent/US20230108685A1/en,https://patentimages.storage.googleapis.com/d3/8b/a1/49f96498742bdb/US20230108685A1-20230406-D00002.png
US-2016316742-A1,Multi-functional chamber housing a biological component ,University College London,"Clare Selden, Humphrey Hodgson, Sam Coward",2007-07-06,2016-07-13,2016-11-03,,https://patents.google.com/patent/US20160316742A1/en,https://patentimages.storage.googleapis.com/57/cd/71/1b376bd094cb97/US20160316742A1-20161103-D00000.png
US-9761210-B2,Control methods for musical performance ,Queen Mary University Of London,Andrew McPherson,2013-08-27,2014-08-27,2017-09-12,2017-09-12,https://patents.google.com/patent/US9761210B2/en,https://patentimages.storage.googleapis.com/32/7f/93/4112e60e6f6f1b/US09761210-20170912-D00000.png
US-8293796-B2,Modulator ,University College London,"Masahiro Okuyama, David Selwood, Cristina Visintin, David Baker, Gareth Pryce",2004-02-20,2010-02-18,2012-10-23,2012-10-23,https://patents.google.com/patent/US8293796B2/en,https://patentimages.storage.googleapis.com/58/4c/d1/c7a897e57961f8/US08293796-20121023-D00001.png
US-2022042998-A1,Biomarkers for pancreatic cancer ,Queen Mary University Of London,"Tatjana Crnogorac-Jurcevic, Tomasz RADON",2015-02-05,2020-08-26,2022-02-10,,https://patents.google.com/patent/US20220042998A1/en,https://patentimages.storage.googleapis.com/6e/7f/02/e4386d18fdb2e0/US20220042998A1-20220210-D00000.png
EP-2908873-B1,Transdermal delivery system ,"Edixomed Limited, First Water Limited, Queen Mary University of London","Christopher Barry Wood, Hugh Semple Munro, Nicholas David BOOTE, Joanne Ellen STEWART, Arthur Tudor Tucker",2013-05-20,2014-05-20,2017-10-18,2017-10-18,https://patents.google.com/patent/EP2908873B1/en,https://patentimages.storage.googleapis.com/2f/d3/81/02dab1c723ec6e/imgf0001.png
WO-2017168125-A1,Sketch based search methods ,Queen Mary University Of London,"Yi-zhe SONG, Tao Xiang, Timothy HOSPEDALES",2016-03-31,2017-03-23,2017-10-05,,https://patents.google.com/patent/WO2017168125A1/en,
US-2012229130-A1,Apparatus and Method for Determining Magnetic Properties of Materials ,"University College London, University Of Houston","Simon Richard Hattersley, Quentin Andrew Pankhurst, Audrius Brazdeikis",2005-04-29,2012-04-06,2012-09-13,,https://patents.google.com/patent/US20120229130A1/en,https://patentimages.storage.googleapis.com/db/93/41/dfe5b4b982699d/US20120229130A1-20120913-D00000.png
US-10012591-B2,Measurement of tissue structures ,"The University Of Nottingham, Royal Holloway University Of London","Ioan Notingher, Kenny KONG, Christopher Rowlands, Hywel Williams, Iain LEACH, Sandeep Varma, William Perkins, Alexey KOLOYDENKO",2013-03-21,2014-03-21,2018-07-03,2018-07-03,https://patents.google.com/patent/US10012591B2/en,https://patentimages.storage.googleapis.com/6d/3c/ea/33653a86c0a448/US10012591-20180703-D00000.png
EP-2613714-B1,Apparatus for forming stoma trephines and anastomoses ,"Queen Mary & Westfield College, University of London, Frankenman International Limited","Norman Stanley Williams, Zhiqiang Weng",2010-09-09,2011-09-09,2021-08-11,2021-08-11,https://patents.google.com/patent/EP2613714B1/en,https://patentimages.storage.googleapis.com/62/2e/5e/f47bb9b8456b37/imgf0001.png
US-2022243784-A1,Flywheel assembly ,"City, University of London",Keith Robert Pullen,2011-09-18,2022-02-24,2022-08-04,,https://patents.google.com/patent/US20220243784A1/en,https://patentimages.storage.googleapis.com/a4/6f/98/cf1bfc20fc97e5/US20220243784A1-20220804-D00000.png
US-9662414-B2,Dressing system ,"First Water Limited, Queen Mary University Of London, Edixomed Limited","Christopher Barry Wood, Hugh Semple Munro, Nicholas David Boote, Joanne Ellen Stewart, Arthur Tudor Tucker",2013-05-20,2014-05-20,2017-05-30,2017-05-30,https://patents.google.com/patent/US9662414B2/en,https://patentimages.storage.googleapis.com/97/bb/bd/3483dc4cb43d86/US09662414-20170530-D00001.png
CN-102395536-A,Coated substrate ,"伦敦大学学院, 牛津大学院长校长专家委员会, 皮尔金顿集团有限公司","S·J·赫斯特, T·曼宁, P·多布森, S·希尔德, P·毕晓普, I·帕金",2009-03-20,2010-03-19,2012-03-28,,https://patents.google.com/patent/CN102395536A/en,https://patentimages.storage.googleapis.com/a3/90/fe/4a0cc7ef66dd5b/HDA0000099186700000081.png
GB-2509877-B,Wellbore fluid with hydroxyalkyl polysaccharide hydration inhibitor ,"M I Drilling Fluids Uk Ltd, Glyndwr Univ, Univ Durham, Univ London, Centre For Advanced Software Tech Ltd","Cliffe Stephen, A Williams Peter, Ratcliffe Ian, Mohammed Musarrat, Christopher Greenwell Hugh, Lloyd Anderson Richard, Suter James, Coveney Peter, Padmore Karen, J Fewings Adrian, S Maskery James",2011-11-10,2012-11-12,2018-04-04,2018-04-04,https://patents.google.com/patent/GB2509877B/en,
CN-103110939-A,Vaccine for inducing specific immunity of tumor and application thereof ,"郑州大学, 玛丽女王伦敦大学","王尧河, 王鹏举, 杜攀, 王盛典, 黎小珠, 高冬玲, 袁明, 尼克莱蒙",2012-10-23,2012-10-23,2013-05-22,,https://patents.google.com/patent/CN103110939A/en,https://patentimages.storage.googleapis.com/79/6d/35/8690946d5aac62/121023161444.png
JP-2017061459-A,Annexin 1 antibody ,"クイーン マリー ユニバーシティ オブ ロンドン, Queen Mary Univ Of London, クイーン  マリー  ユニバーシティ  オブ  ロンドン","フルビオ ダッククイストロ, D'acquisto Fulvio, フルビオ ダッククイストロ, マウロ ペレッティー, Mauro Perretti, マウロ ペレッティー",2010-06-09,2016-10-05,2017-03-30,,https://patents.google.com/patent/JP2017061459A/en,https://patentimages.storage.googleapis.com/4e/e7/60/0f5c711df630f8/2017061459-2.png
CN-101959204-A,Method and device for laying out distributive sites ,"北京邮电大学, 英国伦敦大学玛丽女王学院","张天魁, 张从青, 劳里·卡斯伯特, 曾志民, 赵嵩",2010-08-18,2010-08-18,2011-01-26,,https://patents.google.com/patent/CN101959204A/en,https://patentimages.storage.googleapis.com/c8/76/e4/cc1528d0fdacb8/HDA0000024645520000041.png
JP-2013059334-A,New polypeptide hormone phosphatonin ,"Univ College London, ユニバーシティー  カレッジ  ロンドン","Peter Rowe, ピーター ローウェ",1999-11-04,2012-11-08,2013-04-04,,https://patents.google.com/patent/JP2013059334A/en,https://patentimages.storage.googleapis.com/24/e2/b1/66138c3c6fe081/2013059334-24.png
US-2022233462-A1,Biodegradable multilayer nanocapsules for the delivery of biologically active agents in target cells ,"Albert-Ludwigs-Universitaet Freiburg, Queen Mary University Of London","Gleb Sukhorukov, Irina Nazarenko, Yana TARAKANCHIKOVA, Toni CATHOMEN, Tatjana CORNU, Valentina PENNUCCI, Jamal ALZUBI",2017-07-26,2022-01-13,2022-07-28,,https://patents.google.com/patent/US20220233462A1/en,https://patentimages.storage.googleapis.com/15/ac/30/8d928b6aae152a/US20220233462A1-20220728-D00000.png
US-2013202604-A1,Therapeutic Uses of Monoclonal Antibodies to the Angiotensin-II Type-1 Receptor ,"Gavin Paul Vinson, Queen Mary & Westfield College, University Of London, John Richard Puddefoot","Gavin Paul Vinson, John Richard Puddefoot, Stewart Barker",2002-08-21,2013-01-24,2013-08-08,,https://patents.google.com/patent/US20130202604A1/en,https://patentimages.storage.googleapis.com/56/96/49/7596ac74d87940/US20130202604A1-20130808-D00001.png
EP-2699522-A1,Method for coating substrates ,"Pilkington Group Limited, University College London","Troy Manning, Ivan Paul PARKIN, Mathew Robert WAUGH",2011-04-19,2012-04-17,2014-02-26,,https://patents.google.com/patent/EP2699522A1/en,
EP-3918093-A1,Method of predicting survival rates for cancer patients ,"The Francis Crick Institute Limited, University College London","Robert Charles SWANTON, Dhruva BISWAS, Nicholas MCGRANAHAN, Nicolai Juul BIRKBAK",2019-02-01,2020-01-30,2021-12-08,,https://patents.google.com/patent/EP3918093A1/en,
WO-2017025698-A1,"Bispecific, cleavable antibodies ",Queen Mary University Of London,"Mathieu FERRARI, Shimobi ONUOHA, Costantino Pitzalis",2015-08-11,2015-08-11,2017-02-16,,https://patents.google.com/patent/WO2017025698A1/en,
US-2020165736-A1,Electrodeposition from Multiple Electrolytes ,"Queen Mary University Of London, Morganic Solutions Ltd.","Andrew John Bushby, Ross MORGAN",2017-07-17,2018-07-17,2020-05-28,,https://patents.google.com/patent/US20200165736A1/en,https://patentimages.storage.googleapis.com/9b/19/a4/4552a2b1920478/US20200165736A1-20200528-D00000.png
IL-208378-A,Infant feeding formula and use thereof ,Univ London,,2003-02-10,2010-10-03,2013-02-28,,https://patents.google.com/patent/IL208378A/en,
WO-2017098265-A1,Method and apparatus for monitoring ,Queen Mary University Of London,"Andrea Cavallaro, Tsz Kin HON, Evangelos SARIYANIDI, Ricardo SÁNCHEZ MATILLA",2015-12-11,2016-12-09,2017-06-15,,https://patents.google.com/patent/WO2017098265A1/en,
WO-2017174982-A1,Method of matching a sketch image to a face image ,Queen Mary University Of London,"Yi-zhe SONG, Timothy HOSPEDALES",2016-04-06,2017-04-05,2017-10-12,,https://patents.google.com/patent/WO2017174982A1/en,
WO-2016071659-A1,Analysing text-based messages sent between patients and therapists ,"Ieso Digital Health Limited, Queen Mary University Of London","Guy James PROCTOR BEAUCHAMP, Ann Gail Hayes, Christine HOWES, Rosemarie MCCABE, Barnaby Adam PERKS, Matthew Richard John PURVER, Sarah Elisabeth BATEUP",2014-11-06,2014-11-06,2016-05-12,,https://patents.google.com/patent/WO2016071659A1/en,
GB-201705493-D0,Subharmonic mixer ,Univ London Queen Mary,,2017-04-05,2017-04-05,2017-05-17,,https://patents.google.com/patent/GB201705493D0/en,
WO-2021229197-A1,Time-varying and nonlinear audio processing using deep neural networks ,Queen Mary University Of London,"Marco Antonio MARTINEZ RAMIREZ, Joshua Daniel Reiss, Emmanouil BENETOS",2020-05-12,2020-05-12,2021-11-18,,https://patents.google.com/patent/WO2021229197A1/en,
US-2020234079-A1,Methods and systems for processing image data ,"Sensing Feeling Limited, Cambridge Enterprise Limited, Queen Mary University Of London","Jag MINHAS, Magdi AYAD, Hatice GUNES, Ioannis PATRAS, Youngkyoon Jang",2017-10-06,2020-04-03,2020-07-23,,https://patents.google.com/patent/US20200234079A1/en,https://patentimages.storage.googleapis.com/a3/4e/75/ebf52267529cfd/US20200234079A1-20200723-D00000.png
US-9805496-B2,Example based editing of virtual terrain maps ,"Disney Enterprises, Inc., University College London","Kenneth Mitchell, Gwyneth BRADBURY, Tim Weyrich",2014-05-27,2014-05-27,2017-10-31,2017-10-31,https://patents.google.com/patent/US9805496B2/en,https://patentimages.storage.googleapis.com/92/50/a8/9a14df3c660599/US09805496-20171031-D00000.png
US-2017168062-A1,Means and methods for diagnosing pancreatic cancer ,"Deutsches Krebsforschungszentrum, Queen Mary University Of London","Christoph Schröder, Jörg Hoheisel, Tatjana Crnogorac-Jurcevic",2010-02-17,2016-12-21,2017-06-15,,https://patents.google.com/patent/US20170168062A1/en,
GB-201318846-D0,Photocatalysts ,Univ London Queen Mary,,2013-10-24,2013-10-24,2013-12-11,,https://patents.google.com/patent/GB201318846D0/en,
GB-201418562-D0,Peptides ,Univ London Queen Mary,,2014-10-20,2014-10-20,2014-12-03,,https://patents.google.com/patent/GB201418562D0/en,
EP-3519008-A1,Mechanical circulatory support device with axial flow turbomachine optimized for heart failure and cardio-renal syndrome ,"Queen Mary University of London, Theodosios Korakianitis, Rothman, Martin, T.","Theodosios Korakianitis, Martin T. ROTHMAN",2016-10-03,2017-09-29,2019-08-07,,https://patents.google.com/patent/EP3519008A1/en,
EP-3155012-A2,Autoantibodies associated with rheumatoid arthritis ,Queen Mary University of London,"Michele BOMBARDIERI, Costantino Pitzalis, Elisa CORSIERO",2014-06-12,2015-06-12,2017-04-19,,https://patents.google.com/patent/EP3155012A2/en,
US-2018135150-A1,Purifying an alloy melt ,Brunei University London,"Zhongyun Fan, Shouxun Ji, Ian Stone",2015-03-13,2016-03-11,2018-05-17,,https://patents.google.com/patent/US20180135150A1/en,https://patentimages.storage.googleapis.com/c4/90/c6/88a2a9a9ab0eb8/US20180135150A1-20180517-D00000.png
US-8920819-B2,Delivery of hydrophilic drugs ,University College London,"Ijeoma Uchegbu, Aikaterini Lalatsa, Andreas Schatzlein",2009-03-02,2012-08-31,2014-12-30,2014-12-30,https://patents.google.com/patent/US8920819B2/en,https://patentimages.storage.googleapis.com/7d/7a/b5/f65e3fae326318/US08920819-20141230-D00001.png
AU-2013343272-A1,Mechanical circulatory support ,"Barts Health Nhs Trust, The Royal London Hospital, Queen Mary University Of London","Theodosios Korakianitis, Martin Terry Rothman",2012-11-06,2013-11-05,2015-06-11,,https://patents.google.com/patent/AU2013343272A1/en,
HK-1213298-A1,Use of rna removal to initiate protein aggregation rna ,Univ London Queen Mary,"AARUM Johan, SHEER Denise",2013-01-24,2016-02-02,2016-06-30,,https://patents.google.com/patent/HK1213298A1/en,
WO-2014155102-A1,Method and apparatus for producing polymeric structures ,University College London,"Mohan Jayantha EDIRISINGHE, Suntharavathanan Mahalingam, Chaojie LUO",2013-03-25,2014-03-25,2014-10-02,,https://patents.google.com/patent/WO2014155102A1/en,
CN-107371113-A,Hearing aid device system and its operation method ,"奥迪康医疗有限公司, 伦敦大学学院","S·K·里斯, A·弗莱特, T·马夸特",2016-05-12,2017-05-12,2017-11-21,,https://patents.google.com/patent/CN107371113A/en,
CA-2908003-C,Chlorine-containing silicate glasses and glass ceramics ,"Queen Mary And Westfield College University Of London, Robert Hill, Natalia Karpukhina, Xiaojing Chen","Robert Hill, Natalia Karpukhina, Xiaojing Chen",2013-03-28,2014-03-28,2021-05-25,2021-05-25,https://patents.google.com/patent/CA2908003C/en,
CN-114294129-A,Hydrogen jet ignition type combustion system of ammonia engine ,"英国伦敦布鲁内尔大学, 广西玉柴机器股份有限公司","赵华, 林铁坚, 王新颜, 班智博, 官维",2022-01-26,2022-01-26,2022-04-08,,https://patents.google.com/patent/CN114294129A/en,https://patentimages.storage.googleapis.com/db/2b/6a/35ca8f87f7833e/HDA0003489622360000011.png
US-2021194670-A1,Client-server computer system ,"City, University of London","Shahzaib TAHIR, Muttukrishnan RAJARAJAN",2019-01-10,2020-12-14,2021-06-24,,https://patents.google.com/patent/US20210194670A1/en,https://patentimages.storage.googleapis.com/20/53/c6/3e76c5e6ed53f5/US20210194670A1-20210624-D00000.png
US-2021079076-A1,Use of Antibody ,"Queen Mary & Westfield College, Univ. of London","Fulvio D'Acquisto, Mauro Perretti",2011-12-14,2020-08-19,2021-03-18,,https://patents.google.com/patent/US20210079076A1/en,https://patentimages.storage.googleapis.com/92/49/13/875635e3fc2d1d/US20210079076A1-20210318-D00000.png
WO-2016160012-A1,Iron platinum particles for adherence of biologics on medical implants ,"Yale University, Magnus Flow Limited, University College London, Queen Mary University Of London","Tarek Fahmy, Albert SINUSAS, Jung Seok LEE, Dongin Kim, Anthony MATHUR, John Martin",2015-04-01,2015-04-01,2016-10-06,,https://patents.google.com/patent/WO2016160012A1/en,
US-2019135897-A1,Crystal Structures Comprising Elastin-Like Peptides ,Queen Mary University Of London,"Sherif Ahmed Abdelsalam Elsharkawy, Maisoon Al-Jawad, Alvaro Mata Chavarria, Esther Tejeda-Montes, Roxanna Sharon Ramnarine Sanchez",2016-04-01,2017-04-03,2019-05-09,,https://patents.google.com/patent/US20190135897A1/en,https://patentimages.storage.googleapis.com/29/75/d9/4f2af1aadc9d57/US20190135897A1-20190509-D00000.png
US-2019321266-A1,Dental Compositions ,Queen Mary University Of London,"Robert Hill, Saroash Shahid, Mangala Patel",2015-07-09,2019-02-28,2019-10-24,,https://patents.google.com/patent/US20190321266A1/en,https://patentimages.storage.googleapis.com/8f/1d/ab/8b15d7a349b504/US20190321266A1-20191024-D00000.png
EP-3017489-B1,Materials for optoelectronic devices and method of fabrication of an optoelectronic device ,"Queen Mary And Westfield College, University Of London","William GILLIN, Peter Wyatt, Ignacio Hernandez",2013-07-02,2014-07-02,2021-06-23,2021-06-23,https://patents.google.com/patent/EP3017489B1/en,https://patentimages.storage.googleapis.com/28/b1/e2/cd313aebf61dbe/imgf0001.png
EP-3013762-B1,Leucite glass ceramics ,Queen Mary and Westfield College University of London,"Antonios THEOCHAROPOULOS, Xiaohui Chen, Natalia Karpukhina, Robert Hill, Mike CATTELL",2013-06-28,2014-06-27,2022-03-02,2022-03-02,https://patents.google.com/patent/EP3013762B1/en,https://patentimages.storage.googleapis.com/c5/b5/99/f1534e3ee9ad2f/imgf0001.png
US-9541557-B2,In-situ reagent for detection of proteins ,"Queen Mary & Westfield College, University Of London","David Perrett, Soledad Cecilia Ruiz Antoli, Nanda Kishore Babu Nayuni",2010-08-20,2011-08-19,2017-01-10,2017-01-10,https://patents.google.com/patent/US9541557B2/en,https://patentimages.storage.googleapis.com/49/8f/46/1635322bd0f015/US09541557-20170110-D00000.png
EP-3806833-A1,Use of pi3kc2b inhibitors for the preservation of vascular endothelial cell barrier integrity ,"INSERM (Institut National de la Santé et de la Recherche Médicale), Université Paul Sabatier Toulouse III, University College London, Centre Hospitalier Universitaire de Toulouse, Université de Caen Normandie, Centre Hospitalier Régional Universitaire De Caen","Marie-Pierre Gratacap, Jean DARCOURT, Bart Vanhaesebroeck, Gaëtan CHICANNE, Bernard Payrastre, Vincent LARRUE, Romain SOLINHAC, Aude JAFFRE, Denis Vivien, Typhaine ANQUETIL",2018-06-15,2019-06-14,2021-04-21,,https://patents.google.com/patent/EP3806833A1/en,
GB-201316349-D0,Vascular implant ,"Ucl Business Plc, Univ College London Hospitals Nhs Foundation Trust",,2013-09-13,2013-09-13,2013-10-30,,https://patents.google.com/patent/GB201316349D0/en,
EP-2498915-B1,Electrospray emitter ,Queen Mary University of London,"John P. W. Stark, Mark Richard Shepherd",2009-11-11,2010-11-11,2015-06-17,2015-06-17,https://patents.google.com/patent/EP2498915B1/en,https://patentimages.storage.googleapis.com/5c/1a/bd/6a414e8bd8af77/imgf0001.png
US-2021071238-A1,Biosensor device and assembly methods ,Queen Mary University Of London,"Matteo Palma, Xinzhao Xu, Pierrick Clement",2017-11-24,2018-11-23,2021-03-11,,https://patents.google.com/patent/US20210071238A1/en,https://patentimages.storage.googleapis.com/d8/c8/f3/76410678fe2902/US20210071238A1-20210311-D00000.png
WO-2018223060-A1,Mechanical circulatory support device with centrifugal impeller designed for implantation in the descending aorta ,"Queen Mary University Of London, Barts Health Nhs Trust, The Royal London Hospital","Theodosios Korakianitis, Martin T. ROTHMAN",2017-06-01,2018-06-01,2018-12-06,,https://patents.google.com/patent/WO2018223060A1/en,
EP-2563817-B1,Fluorescent fusion polypeptides and methods of use ,"UNM Rainforest Innovations, Anatoliy Markiv, Ravi Durvasula, Angray Singh Kang, Queen Mary And Westfield College, University Of London","Anatoliy Markiv, Ravi Durvasula, Angray Singh Kang",2010-04-30,2011-04-28,2021-09-22,2021-09-22,https://patents.google.com/patent/EP2563817B1/en,https://patentimages.storage.googleapis.com/72/f7/5f/2240eb14819d55/imgf0001.png
EP-3303989-A1,A measuring apparatus for measuring properties of a surface ,"University College London, Airbus Operations Limited","Stuart Robson, Ben SARGEANT, Abdul Rahman EL-NOUNU",2015-05-27,2016-05-27,2018-04-11,,https://patents.google.com/patent/EP3303989A1/en,
WO-2014122456-A1,Diagnosis of rheumatoid arthritis ,"Queen Mary University Of London, University Of Exeter, King's College London","Ahuva Nissim, David Perrett, Paul G. Winyard, Valerie M. Corrigall, Gabriel S. Panayi",2013-02-05,2014-02-05,2014-08-14,,https://patents.google.com/patent/WO2014122456A1/en,
WO-2021053343-A1,Methods for predicting patient response to DMARDs ,Queen Mary University Of London,"Jesmond DALLI, Romain Alexandre COLAS, Costantino Pitzalis, Esteban Alberto Gomez CIFUENTES, Conrad Bessant",2019-09-17,2020-09-17,2021-03-25,,https://patents.google.com/patent/WO2021053343A1/en,
WO-2018234404-A1,Stratification of acute myeloid leukaemia patients for sensitivity to kinase pathway inhibitor therapy ,Queen Mary University Of London,"Pedro Maria CASADO IZQUIERDO, Pedro Rodriguez Cutillas",2017-06-21,2018-06-20,2018-12-27,,https://patents.google.com/patent/WO2018234404A1/en,
US-2021087561-A1,Inhibitors Of Lactate Transporters For Use In The Treatment Of Inflammatory Diseases ,Queen Mary University Of London,"Claudio Mauro, Robert Haas, Federica Marelli-Berg",2014-10-20,2020-08-04,2021-03-25,,https://patents.google.com/patent/US20210087561A1/en,https://patentimages.storage.googleapis.com/9a/16/d6/8e1db476558d7e/US20210087561A1-20210325-D00000.png
WO-2014135914-A1,A method for inverting dynamic range compression of a digital audio signal ,"Universite De Bordeaux 1, Queen Mary, University Of London, Institut Polytechnique De Bordeaux, Universite Bordeaux Segalen, Centre National De La Recherche Scientifique (Cnrs)","Stanislaw GORLOW, Joshua D. REISS",2013-03-04,2013-03-04,2014-09-12,,https://patents.google.com/patent/WO2014135914A1/en,
US-2020399703-A1,Diagnostic and therapeutic methods for the treatment of rheumatoid arthritis (ra) ,"Genentech, Inc., Queen Mary University Of London","Myles LEWIS, Costantino Pitzalis, Nandhini RAMAMOORTHI, Michael John TOWNSEND, Jason HACKNEY",2018-01-24,2020-07-23,2020-12-24,,https://patents.google.com/patent/US20200399703A1/en,https://patentimages.storage.googleapis.com/ed/1c/79/3c9bf69cdc700d/US20200399703A1-20201224-D00000.png
WO-2018197650-A1,Method and apparatus for determining the efficacy of statins for treating inflammatory diseases in individual patients ,Queen Mary University Of London,"Jesmond DALLI, Romain Alexandre COLAS, Patricia Regina SOARES DE SOUZA, Mary Elizabeth WALKER",2017-04-27,2018-04-26,2018-11-01,,https://patents.google.com/patent/WO2018197650A1/en,
EP-2931283-B1,Artemisinin and its derivatives for use in the treatment of kidney disease ,Queen Mary and Westfield College University of London,Christoph Thiemermann,2012-12-12,2012-12-12,2020-04-08,2020-04-08,https://patents.google.com/patent/EP2931283B1/en,https://patentimages.storage.googleapis.com/da/c4/bc/3dc47f127cd879/imgf0001.png
WO-2018218219-A1,Determining onset of amyotrophic lateral sclerosis ,"University Of Miami, Queen Mary University Of London","Michael BENATAR, Andrea MALASPINA",2017-05-26,2018-05-25,2018-11-29,,https://patents.google.com/patent/WO2018218219A1/en,
WO-2015170105-A1,Method for predicting renal cell carcinoma (rcc) ,"The University Court Of The University Of Edinburgh, Queen Mary University Of London","Ian Michael OVERTON, Grant Stewart, Alexander Lyulph Robert LUBBOCK, David James Harrison, Thomas Powles",2014-05-07,2015-05-07,2015-11-12,,https://patents.google.com/patent/WO2015170105A1/en,
US-2013101646-A1,Method of Producing Microparticles ,"The School Of Pharmacy, University Of London","Abdul Waseh Basit, Sudax Shina Murdan, Richard Andrew Kendall",2004-01-21,2012-12-05,2013-04-25,,https://patents.google.com/patent/US20130101646A1/en,https://patentimages.storage.googleapis.com/52/22/2d/30100328f959ea/US20130101646A1-20130425-D00001.png
WO-2018065757-A1,Proximity sensor and corresponding distance measuring method ,"Queen Mary University Of London, King's College London","Kaspar Althoefer, Jelizaveta KONSTANTINOVA",2016-10-05,2017-09-29,2018-04-12,,https://patents.google.com/patent/WO2018065757A1/en,
WO-2018096072-A1,Biomarkers for the prognosis and diagnosis of cancer ,Queen Mary University Of London,"Frances Balkwill, Martin Knight, Conrad Bessant, Oliver Pearce, Robin DELAINE-SMITH, Eleni MANIATI, Jun Wang",2016-11-23,2017-11-23,2018-05-31,,https://patents.google.com/patent/WO2018096072A1/en,
EP-2446060-B1,Dna-based methods for clone-specific identification of staphylococcus aureus ,"Statens Serum Institut, University of Copenhagen, St. George's University Of London","Marc Stegger, Luca Guardabassi, Jodi Lindsay",2009-06-22,2010-06-17,2017-05-10,2017-05-10,https://patents.google.com/patent/EP2446060B1/en,https://patentimages.storage.googleapis.com/97/f3/25/3c48b46749740c/imgf0001.png
EP-3630823-A1,Topical treatment of inflammatory bowel disease using antibodies and fragments thereof ,"Tillotts Pharma AG, University College London","Vipul YADAV, Abdul Waseh Basit, Felipe Jos Oliveira Varum, Roberto Carlos Bravo Gonzalez, Esther Maria FURRER",2017-05-31,2018-04-26,2020-04-08,,https://patents.google.com/patent/EP3630823A1/en,
US-2015210984-A1,Method for replicating hcv in vitro ,Queen Mary University Of London,"Graham Foster, M.E. Cunningham, Alia Javaid",2011-11-03,2012-11-02,2015-07-30,,https://patents.google.com/patent/US20150210984A1/en,https://patentimages.storage.googleapis.com/7c/e2/72/7933a10072f22b/US20150210984A1-20150730-D00001.png
AU-2012247013-A1,Colonic drug delivery formulation ,University College London,"Abdul Waseh Basit, Valentine Chidi Ibekwe",2006-04-13,2012-11-06,2012-11-29,,https://patents.google.com/patent/AU2012247013A1/en,
EP-2627661-A1,Glycosylated aminocoumarins and methods of preparing and uses of same ,University College London,Min Yang,2010-10-15,2011-10-17,2013-08-21,,https://patents.google.com/patent/EP2627661A1/en,
EP-2590682-A1,Delivery of hydrophilic peptides ,University College London,"Ijeoma Uchegbu, Andreas Schatzlein, Mariarosa Mazza",2010-07-09,2011-07-11,2013-05-15,,https://patents.google.com/patent/EP2590682A1/en,
EP-3993813-A1,Modulation of t cell cytotoxicity and related therapy ,"Cancer Research Technology Ltd., University College London","Sergio Quezada, Karl PEGGS, Anna SLEDZINSKA, Richard JENNER, Felipe GALVEZ CANCINO, Maria VILA DE MUCHA",2019-07-03,2020-07-03,2022-05-11,,https://patents.google.com/patent/EP3993813A1/en,
GB-202005599-D0,Modulation of t cell cytotoxicity and related therapy ,Univ London,,2020-04-17,2020-04-17,2020-06-03,,https://patents.google.com/patent/GB202005599D0/en,
EP-2893038-A1,In vitro genetic diagnostic of inherited neuromuscular disorders ,"INSERM - Institut National de la Santé et de la Recherche Médicale, Université d'Aix Marseille, Centre National de la Recherche Scientifique (C.N.R.S.), Université de Montpellier I, Université Paris Descartes - Paris V, Assistance Publique Hôpitaux de Marseille, Genethon, University College London, Association Institut de Myologie","Pascal SOULARUE, David Atlan, Valérie ALLAMAND, Marc Bartoli, Christophe BEROUD, Gisèle BONNE, Patrice Bourgeois, Sebahattin CIRAK, Mireille Cossee, Rafael DE CID, Martin Krahn, Nicolas LEYV, Francesco Muntoni, Isabelle Richard",2012-09-07,2013-09-06,2015-07-15,,https://patents.google.com/patent/EP2893038A1/en,
US-2019094319-A1,Magnetic resonance imaging ,"Siemens Healthcare Limited, Siemens Healthcare Gmbh, University College London","Iulius Dragonu, Craig Buckley, Heiko Meyer, Nikolaus Weiskopf, Martina Callaghan, Daniel Papp",2017-09-22,2017-09-22,2019-03-28,,https://patents.google.com/patent/US20190094319A1/en,https://patentimages.storage.googleapis.com/d4/6f/2b/2eeee9b74d1a68/US20190094319A1-20190328-D00000.png
EP-3827278-A1,Device and method for detecting time-resolved optical data ,"Politecnico di Milano, Consiglio Nazionale Delle Ricerche - CNR, University College London","Cosimo D'ANDREA, Gianluca Valentini, Andrea Farina, Simon Arridge",2018-07-23,2019-07-22,2021-06-02,,https://patents.google.com/patent/EP3827278A1/en,
US-2015044713-A1,Method ,Queen Mary University Of London,Pedro Rodriguez Cutillas,2012-03-09,2013-03-08,2015-02-12,,https://patents.google.com/patent/US20150044713A1/en,https://patentimages.storage.googleapis.com/48/2f/b4/5d23acc6d06108/US20150044713A1-20150212-D00001.png
GB-201112648-D0,Deposition process ,"Pilkington Group Ltd, Univ London",,2011-07-22,2011-07-22,2011-09-07,,https://patents.google.com/patent/GB201112648D0/en,
EP-2483270-A1,Indazole derivatives and their use for blockading voltage dependent sodium channels ,University College London,"Cristina Garcia Posada, David Selwood, John Garthwaite, David Baker, Lisa Clutterbuck",2009-10-01,2010-09-30,2012-08-08,,https://patents.google.com/patent/EP2483270A1/en,
GB-201809687-D0,Thermal storage apparatus ,City Univ London,,2018-06-13,2018-06-13,2018-08-01,,https://patents.google.com/patent/GB201809687D0/en,
US-2020215014-A1,Methods For Assessing Risk Of Cardiovascular Disease And Methods And Compounds For Use In Treating Or Preventing Cardiovascular Disease ,Queen Mary University Of London,"Jesmond Dalli, Romain Alexandre Colas, Patricia Regina Souza",2017-09-19,2018-09-19,2020-07-09,,https://patents.google.com/patent/US20200215014A1/en,https://patentimages.storage.googleapis.com/24/43/69/beb9d94286d400/US20200215014A1-20200709-D00001.png
KR-20220063169-A,Methods for generating populations of polynucleotide molecules ,퀸 메리 유니버시티 오브 런던,"가브리엘라 픽즈, 에밀리 손더슨",2019-08-12,2020-08-12,2022-05-17,,https://patents.google.com/patent/KR20220063169A/en,https://patentimages.storage.googleapis.com/ca/73/a8/c291cb7f5bbe72/pct00008.png
WO-2015040415-A1,Targeting molecule ,Queen Mary University Of London,Angray Kang,2013-09-19,2014-09-19,2015-03-26,,https://patents.google.com/patent/WO2015040415A1/en,
AR-116402-A1,POLYAROMATIC HYDROCARBON ADDITIVES FOR THE INHIBITION OF HYDRATES ,"Multi Chem Group Llc, Univ London",,2018-09-14,2019-09-13,2021-05-05,,https://patents.google.com/patent/AR116402A1/en,
WO-2017137751-A1,Method and apparatus for generation of audio signals ,Queen Mary University Of London,"Christian HEINRICHS, Andrew Mcpherson",2016-02-11,2017-02-09,2017-08-17,,https://patents.google.com/patent/WO2017137751A1/en,
WO-2022038346-A1,Agrin polypeptide and uses thereof ,Queen Mary University Of London,"Francesco Dell'accio, Suzanne Elizabeth RUANE",2020-08-17,2021-08-17,2022-02-24,,https://patents.google.com/patent/WO2022038346A1/en,
GB-201401218-D0,Processing audio data to produce metadata ,"British Broadcasting Corp, Univ London Queen Mary, Broadchart Internat Ltd",,2014-01-24,2014-01-24,2014-03-12,,https://patents.google.com/patent/GB201401218D0/en,
EP-3852821-A1,Self-assembling graphene oxide-protein matrix ,Queen Mary University of London,"Yuanhao Wu, Wen Wang, Alvaro Mata Chavarria",2018-09-19,2019-09-19,2021-07-28,,https://patents.google.com/patent/EP3852821A1/en,
WO-2016009225-A2,Method for preventing or treating a protein aggregation disease ,Queen Mary University Of London,"Denise SHEER, Johan AARUM",2014-07-18,2015-07-17,2016-01-21,,https://patents.google.com/patent/WO2016009225A2/en,
WO-2015033144-A1,Bispecific antibody against tnf-alpha and synovial microvasculature of arthritis patients ,Queen Mary University Of London,Costantino Pitzalis,2013-09-05,2014-09-04,2015-03-12,,https://patents.google.com/patent/WO2015033144A1/en,
WO-2017168889-A1,Object detection device and vehicle having the object detection device ,"Yamaha Hatsudoki Kabushiki Kaisha, Queen Mary University Of London","Yoshiki KURANUKI, Ioannis PATRAS",2016-04-01,2016-12-26,2017-10-05,,https://patents.google.com/patent/WO2017168889A1/en,https://patentimages.storage.googleapis.com/ef/cc/56/d6b1085bfb6414/JPOXMLDOC01-appb-D000011.png
GB-201411506-D0,Modified latency associated protein construct ,Univ London Queen Mary,,2014-06-27,2014-06-27,2014-08-13,,https://patents.google.com/patent/GB201411506D0/en,
GB-202011523-D0,Neuromodulation for the treatment of critical illness ,Univ London Queen Mary,,2020-07-24,2020-07-24,2020-09-09,,https://patents.google.com/patent/GB202011523D0/en,
US-11235113-B2,Device and method for monitoring adherence to inhaled therapy ,"University College London, Ucl Business Plc","Chris L. O'CALLAGHAN, Xiao Liu",2016-04-08,2017-04-07,2022-02-01,2022-02-01,https://patents.google.com/patent/US11235113B2/en,https://patentimages.storage.googleapis.com/a0/1f/2c/c8ff0eb7c1b84c/US11235113-20220201-D00000.png
WO-2016009226-A1,Method for treating rheumatoid arthritis ,Queen Mary University Of London,Costantino Pitzalis,2014-07-17,2015-07-17,2016-01-21,,https://patents.google.com/patent/WO2016009226A1/en,
KR-20140109185-A,Image processing apparatus and method ,"삼성전자주식회사, 유니버시티 칼리지 런던","하인우, 이태현, 김도균, 카우츠 얀, 유인수",2013-03-05,2013-03-05,2014-09-15,,https://patents.google.com/patent/KR20140109185A/en,https://patentimages.storage.googleapis.com/44/3b/39/cacd44866b7dc2/pat00001.png
US-9485578-B2,Audio format ,Queen Mary University Of London,"Michael Terrell, Andrew Simpson",2012-12-14,2013-12-13,2016-11-01,2016-11-01,https://patents.google.com/patent/US9485578B2/en,https://patentimages.storage.googleapis.com/35/38/c5/b47ce0090565ee/US09485578-20161101-D00000.png
KR-20130084643-A,Image processing apparatus and method ,"삼성전자주식회사, 유니버시티 칼리지 런던","하인우, 이태현, 김도균, 카우츠 얀, 유인수",2012-01-17,2013-01-17,2013-07-25,,https://patents.google.com/patent/KR20130084643A/en,https://patentimages.storage.googleapis.com/47/96/dd/db5ae4857e6a97/pat00002.png
US-2018274037-A1,Novel biomarkers for pancreatic diseases ,Queen Mary University Of London,"Tatjana Crnogorac-Jurcevic, Silvana BERNARDI",2015-09-25,2016-09-26,2018-09-27,,https://patents.google.com/patent/US20180274037A1/en,https://patentimages.storage.googleapis.com/89/f1/07/6188cb5483f355/US20180274037A1-20180927-D00001.png
CN-109475635-A,The method for treating obesity ,玛丽女王伦敦大学,"马杜莎·佩里斯, 阿什利·布莱克肖",2016-03-15,2017-03-15,2019-03-15,,https://patents.google.com/patent/CN109475635A/en,
GB-201615836-D0,Antenna ,Univ London Queen Mary,,2016-09-16,2016-09-16,2016-11-02,,https://patents.google.com/patent/GB201615836D0/en,
WO-2019129886-A1,Methods and systems for the culture of cells at liquid-liquid interfaces ,Queen Mary University Of London,"Julien Gautrot, Dexu KONG, Yaqi YOU, Lihui PENG",2017-12-28,2018-12-28,2019-07-04,,https://patents.google.com/patent/WO2019129886A1/en,
WO-2017158379-A1,Chlorhexidine crystal forms and uses thereof in medicine ,Queen Mary University Of London,"Michael CATTEL, Gleb Sukhorukov, Saroash SHAHID, Dong LUO",2016-03-18,2017-03-17,2017-09-21,,https://patents.google.com/patent/WO2017158379A1/en,
GB-201520178-D0,Method ,Univ London Queen Mary,,2015-11-16,2015-11-16,2015-12-30,,https://patents.google.com/patent/GB201520178D0/en,
WO-2016130024-A1,Endolysin expression platform ,"Supreme Biotechnologies Limited, University College London","Saul PURTON, Henry Nicholas TAUNT, Laura STOFFELS",2015-02-13,2016-02-11,2016-08-18,,https://patents.google.com/patent/WO2016130024A1/en,
CN-107219194-A,Possesses the preparation method and application of the compound polyelectrolyte of the patterning micro nano structure of response ,"哈尔滨工业大学, 伦敦大学玛丽女王学院","约翰尼斯·福如亨, 盖美玉, 李文豪, 格莱伯·舒可如科福",2017-05-03,2017-05-03,2017-09-29,,https://patents.google.com/patent/CN107219194A/en,
EP-3304075-A1,A method of assessing protein modification status and identifying biomarkers linked to cell signaling pathways ,Queen Mary University of London,"Pedro Rodriguez Cutillas, Edmund WILKES",2015-06-05,2016-06-03,2018-04-11,,https://patents.google.com/patent/EP3304075A1/en,
WO-2019053435-A1,Agent ,Queen Mary University Of London,Federica Maria MARELLI-BERG,2017-09-14,2018-09-13,2019-03-21,,https://patents.google.com/patent/WO2019053435A1/en,
HK-1200502-A1,Method for determining prognosis of prostate cancer in a subject ,Univ London Queen Mary,"Attila Lorincz, Natasa Vasiljevic, Amar Ahmad",2012-03-19,2015-01-30,2015-08-07,,https://patents.google.com/patent/HK1200502A1/en,
US-2019022156-A1,Inhibitors Of PI3K P-Delta 110 For Use In Delivery Of Viruses In The Treatment Of Cancer ,Queen Mary University Of London,"Yaohe Wang, Mark Ferguson, Nicholas R. Lemoine",2016-01-11,2017-01-11,2019-01-24,,https://patents.google.com/patent/US20190022156A1/en,https://patentimages.storage.googleapis.com/a0/f7/11/831e93b705de38/US20190022156A1-20190124-D00000.png
GB-201504297-D0,Diagnosis ,Univ London Queen Mary,,2015-03-13,2015-03-13,2015-04-29,,https://patents.google.com/patent/GB201504297D0/en,
US-2015322114-A1,Self-Assembling Peptides ,Queen Mary University Of London,"Alvaro Mata Chavarria, Karla Inostroza, Katherine Smith, Estelle Collin",2012-12-24,2013-12-24,2015-11-12,,https://patents.google.com/patent/US20150322114A1/en,https://patentimages.storage.googleapis.com/e0/4b/d6/16592eedc4ee93/US20150322114A1-20151112-D00001.png
EP-3768337-A1,Implantable cell dressing for treatment of disease ,"Queen Mary University of London, Kaneka Corporation","Ken Suzuki, Nobuyoshi Umeda",2018-03-22,2019-03-22,2021-01-27,,https://patents.google.com/patent/EP3768337A1/en,
GB-2586491-A,Signal processing device ,Univ London Queen Mary,"Gao Yue, Qi Haoran",2019-08-21,2019-08-21,2021-02-24,,https://patents.google.com/patent/GB2586491A/en,
WO-2020002941-A1,Generation of audio data ,Queen Mary University Of London,"Joshua Reiss, Emmanouil Theofanis CHOURDAKIS",2018-06-28,2019-06-28,2020-01-02,,https://patents.google.com/patent/WO2020002941A1/en,
EP-2828377-A1,Method for manufacturing a three-dimensional biomimetic scaffold and uses thereof ,Queen Mary University of London,"Alvaro Mata Chavarría, Juan Pablo Aguilar",2012-03-21,2013-01-25,2015-01-28,,https://patents.google.com/patent/EP2828377A1/en,
WO-2020079431-A1,Skin culturing apparatus and method ,Queen Mary University Of London,"Rosalind Francesca HANNEN, Jose Rafael CASTREJÓN-PITA",2018-10-17,2019-10-16,2020-04-23,,https://patents.google.com/patent/WO2020079431A1/en,
GB-2572935-A,Optical monitoring system ,City Univ Of London,"Sun Tong, Grattan Kenneth, Chen Ye, Vidakovic Miodrag, Fabian Matthias, Xiong Fei",2017-01-12,2018-01-12,2019-10-16,,https://patents.google.com/patent/GB2572935A/en,
EP-2691535-B1,Cancer markers ,Queen Mary and Westfield College University of London,Attila Lorincz,2011-03-31,2012-03-30,2017-01-04,2017-01-04,https://patents.google.com/patent/EP2691535B1/en,https://patentimages.storage.googleapis.com/76/df/36/f7cf3cbd8fdc08/imgf0001.png
ES-2582041-T3,Antibody that specifically binds to the synovial microvasculature of patients with arthritis ,"Queen Mary & Westfield College, University Of London",Costantino Pitzalis,2010-09-30,2011-09-30,2016-09-08,2016-09-08,https://patents.google.com/patent/ES2582041T3/en,
EP-3074006-B1,Zafirlukast and its metabolites for use as antibacterial agents ,University of East London,"John Terry GEORGE, Akintunde EMIOLA",2013-11-29,2014-11-28,2020-04-01,2020-04-01,https://patents.google.com/patent/EP3074006B1/en,https://patentimages.storage.googleapis.com/5c/9f/9c/6e05202d98b83c/imgf0001.png
GB-201507824-D0,Mobile health units ,Univ College London Hospitals Nhs Foundation Trust,,2015-05-07,2015-05-07,2015-06-17,,https://patents.google.com/patent/GB201507824D0/en,
WO-2021055956-A1,Methods of treatment of neurofibromatosis type 1 (nf1) and nf1-mediated conditions and compositions for use in such methods ,"The Uab Research Foundation, Royal Holloway And Bedford New College, Royal Holloway University Of London","Deeann WALLIS, Robert Kesterson, Bruce KORF, Andre LEIER, Laura LAMBERT, Linda Popplewell, George Dickson",2019-09-20,2020-09-21,2021-03-25,,https://patents.google.com/patent/WO2021055956A1/en,
AU-2021230103-A1,Low dose human interleukin-2 for the treatment of amyotrophic lateral sclerosis ,"Assistance Publique - Hopitaux De Paris, Centre Hospitalier Universitaire De Nimes, Humanitas Mirasole Spa, King's College London, Queen Mary University Of London, Sorbonne Universite, The University Of Sheffield, The University Of Sussex","Gilbert BENSIMON, Cecilia Garlanda, Janine KIRBY, Peter Nigel LEIGH, Massimo LOCATI, Andrea MALASPINA, Pamela Shaw, Timothy TREE",2020-03-06,2021-03-05,2022-09-22,,https://patents.google.com/patent/AU2021230103A1/en,
GB-202108237-D0,Cancer methods ,"Univ London, Univ Degli Studi Di Trento, Univ Cornell, Univ British Columbia",,2021-06-09,2021-06-09,2021-07-21,,https://patents.google.com/patent/GB202108237D0/en,
US-2022003784-A1,Cd146 and uses thereof as a biomarker and as a therapeutic target in the diagnosis and treatment of fibrosis ,"Assistance Publique Hôpitaux De Marseille, INSERM (Institut National de la Santé et de la Recherche Médicale), Universite D'aix-Marseille, Queen Mary University Of London, Sorbonne Université","Aurélie Leroyer, Marcel Blot-Chabaud, Christos Chadjichristos, Nathalie Bardin, Françoise Dignat-George, Alexandrine Bertaud, Benjamin Guillet, Christoph Thiemermann, Guillaume Hache",2018-09-26,2019-09-26,2022-01-06,,https://patents.google.com/patent/US20220003784A1/en,https://patentimages.storage.googleapis.com/0f/3f/eb/5ab60388a030d2/US20220003784A1-20220106-D00000.png
GB-201915054-D0,Diagnosis ,"Univ London Queen Mary, Univ Court Univ Of Glasgow",,2019-10-17,2019-10-17,2019-12-04,,https://patents.google.com/patent/GB201915054D0/en,
CN-114490925-A,Emotion mining method and equipment under public event ,"清华大学, 伦敦大学学院","宋慎铭, 王琛, 詹东远",2021-12-22,2021-12-22,2022-05-13,,https://patents.google.com/patent/CN114490925A/en,https://patentimages.storage.googleapis.com/e8/23/76/3ffb7ec475fa39/HDA0003426834470000011.png
GB-2586444-A,An optoelectronic semiconductor device ,"Univ Southampton, Univ London","Gardes Fredric, Seeds Alwyn, Liu Huiyun, Chen Siming",2019-07-26,2019-07-26,2021-02-24,,https://patents.google.com/patent/GB2586444A/en,
GB-202211696-D0,Peptides and method ,"Univ London Queen Mary, Univ Exeter",,2022-08-10,2022-08-10,2022-09-21,,https://patents.google.com/patent/GB202211696D0/en,
US-10300451-B2,Method for generating an affinity reagent library ,"Queen Mary University Of London, University Of Kent","Ahuva Nissim, John Marshall, Mark Howard",2013-06-20,2014-06-19,2019-05-28,2019-05-28,https://patents.google.com/patent/US10300451B2/en,https://patentimages.storage.googleapis.com/62/66/ba/89d47b30303b88/US10300451-20190528-D00001.png
US-2014036388-A1,System and method for manipulating domain pinning and reversal in ferromagnetic materials ,"University College London, The University Of Chicago","Daniel M. Silevitch, Thomas F. Rosenbaum, Gabriel Aeppli",2012-03-16,2013-10-14,2014-02-06,,https://patents.google.com/patent/US20140036388A1/en,https://patentimages.storage.googleapis.com/3f/0d/a4/16b91a7ef530d5/US20140036388A1-20140206-D00000.png
GB-202110555-D0,Determination of lymphocyte abundance in mixed samples ,"Francis Crick Institute Ltd, Univ London",,2021-07-22,2021-07-22,2021-09-08,,https://patents.google.com/patent/GB202110555D0/en,
GB-201705863-D0,Pyridinium salts and uses thereof ,Univ London,,2017-04-11,2017-04-11,2017-05-24,,https://patents.google.com/patent/GB201705863D0/en,
EP-3259237-A1,Deposition process ,"Pilkington Group Limited, University College London","Deborah RAISBECK, Simon James Hurst, Ivan P. Parkin, Claire J. Carmalt, Joe A. MANZI",2015-02-16,2016-02-10,2017-12-27,,https://patents.google.com/patent/EP3259237A1/en,
GB-201211281-D0,Halide doping effects on transparent conducting oxides formed by aerosol assisted chemical vapour deposion ,"Pilkington Glass Ltd, Univ London",,2012-06-22,2012-06-22,2012-08-08,,https://patents.google.com/patent/GB201211281D0/en,
GB-202219807-D0,Analysis of HLA alleles transcriptional deregulation ,"Francis Crick Institute Ltd, Univ London",,2022-12-29,2022-12-29,2023-02-15,,https://patents.google.com/patent/GB202219807D0/en,
GB-2503902-B,A locating device ,"Guidance Navigation Ltd, Univ London","Ian E Weller, David Edward Patrick, Paul Victor Brennan",2012-07-10,2012-07-10,2014-06-04,2014-06-04,https://patents.google.com/patent/GB2503902B/en,
GB-202114434-D0,Methods and systems for tumour monitoring ,"Francis Crick Institute Ltd, Univ London",,2021-10-08,2021-10-08,2021-11-24,,https://patents.google.com/patent/GB202114434D0/en,
GB-202205135-D0,Analysis of HLA alleles transcriptional deregulation ,"Francis Crick Institute Ltd, Univ London",,2022-04-07,2022-04-07,2022-05-25,,https://patents.google.com/patent/GB202205135D0/en,
GB-202301171-D0,Feeding composition ,"Barts Health Nhs Trust, Univ London Queen Mary, Guys And St Thomas Nhs Found Trust",,2023-01-27,2023-01-27,2023-03-15,,https://patents.google.com/patent/GB202301171D0/en,
EP-2694487-B1,G-quadruplex stabilising agent ,University College London,"Stephen Neidle, Caterina Maria Lombardo, Sarah Welsh",2011-04-05,2012-04-04,2015-09-16,2015-09-16,https://patents.google.com/patent/EP2694487B1/en,https://patentimages.storage.googleapis.com/21/fe/d2/27fb4d118f20fe/imgf0001.png
GB-201818546-D0,Training aid ,City Univ London,,2018-11-14,2018-11-14,2018-12-26,,https://patents.google.com/patent/GB201818546D0/en,
GB-201915469-D0,Cancer detection methods ,Univ London,,2019-10-24,2019-10-24,2019-12-11,,https://patents.google.com/patent/GB201915469D0/en,
GB-202208273-D0,Techniques for detecting minimum residual disease ,"Invitae Corp, Univ London, Francis Crick Institute Ltd",,2022-06-06,2022-06-06,2022-07-20,,https://patents.google.com/patent/GB202208273D0/en,
GB-202000965-D0,"Novel anti-icing and/or de-icing materials, systems and technologies ","Volution Immuno Pharmaceuticals Sa, Univ London",,2020-01-23,2020-01-23,2020-03-11,,https://patents.google.com/patent/GB202000965D0/en,
GB-202015058-D0,Nanostructured necleic acids vaccines ,Univ London,,2020-09-23,2020-09-23,2020-11-04,,https://patents.google.com/patent/GB202015058D0/en,
GB-202016996-D0,Sensing device for the detection of charged analytes ,"Ruiz Antonio Rafael, Choy Kwang Leong, Univ London",,2020-10-27,2020-10-27,2020-12-09,,https://patents.google.com/patent/GB202016996D0/en,
GB-202107375-D0,"Anti-icing and/or de-icing materials, systems and technologies ",Univ London,,2021-05-24,2021-05-24,2021-07-07,,https://patents.google.com/patent/GB202107375D0/en,
WO-2020230133-A8,Cell-free mirna biomarkers for prognosis and diagnosis of neurodegenerative diseases ,"Yeda Research And Development Co. Ltd., Queen Mary University London, UCL Business Ltd.","Eran Hornstein, Iddo Magen, Andrea MALASPINA, Pietro FRATTA",2019-05-13,2020-05-13,2021-02-25,,https://patents.google.com/patent/WO2020230133A8/en,
GB-202204248-D0,Force sensor ,Univ London Queen Mary,,2022-03-25,2022-03-25,2022-05-11,,https://patents.google.com/patent/GB202204248D0/en,
GB-202205017-D0,Methods and systems for the culture of cells at liquid-liquid interfaces ,Univ London Queen Mary,,2022-04-06,2022-04-06,2022-05-18,,https://patents.google.com/patent/GB202205017D0/en,
GB-202202667-D0,Dielectric polymer composite with ultra-high thermal conductivity and low dielectric loss ,Univ London Queen Mary,,2022-02-25,2022-02-25,2022-04-13,,https://patents.google.com/patent/GB202202667D0/en,
GB-202117405-D0,Peptide ,Univ London Queen Mary,,2021-12-02,2021-12-02,2022-01-19,,https://patents.google.com/patent/GB202117405D0/en,
GB-202117397-D0,Method ,Univ London Queen Mary,,2021-12-02,2021-12-02,2022-01-19,,https://patents.google.com/patent/GB202117397D0/en,
GB-202211705-D0,Single-crystal organometallic perovskite optical fibers ,Univ London Queen Mary,,2022-08-10,2022-08-10,2022-09-21,,https://patents.google.com/patent/GB202211705D0/en,
GB-202116748-D0,Method for treating rheumatoid arthritis ,Univ London Queen Mary,,2021-11-19,2021-11-19,2022-01-05,,https://patents.google.com/patent/GB202116748D0/en,
GB-202213187-D0,Slarm: simultaneous localization and radio mapping framework in the unknown environment ,Univ London Queen Mary,,2022-09-09,2022-09-09,2022-10-26,,https://patents.google.com/patent/GB202213187D0/en,
GB-202212459-D0,Dual-sided simultaneously transmitting and reflecting (star)-riss: the key to full-space multi-device radio environment control ,Univ London Queen Mary,,2022-08-26,2022-08-26,2022-10-12,,https://patents.google.com/patent/GB202212459D0/en,
GB-202214951-D0,CXC receptor ligands ,Univ London Queen Mary,,2022-10-11,2022-10-11,2022-11-23,,https://patents.google.com/patent/GB202214951D0/en,
GB-202115017-D0,Sequential treatments and biomarkers to reverse resistance to kinase inhibitors ,Univ London Queen Mary,,2021-10-20,2021-10-20,2021-12-01,,https://patents.google.com/patent/GB202115017D0/en,
GB-202216019-D0,Toothpaste composition ,Univ London Queen Mary,,2022-10-28,2022-10-28,2022-12-14,,https://patents.google.com/patent/GB202216019D0/en,
BR-112023001453-A2,METHOD OF PREPARING A MIXTURE ,Brunel Univ London,"Babu Nadendla Hari, Yang Xinliang",2020-07-30,2021-07-28,2023-04-11,,https://patents.google.com/patent/BR112023001453A2/en,
GB-202106003-D0,Polymyxin B-triggered assembly of peptide hydrogels for localized and sustained release of combined antimicrobial therapy ,Univ London Queen Mary,,2021-04-27,2021-04-27,2021-06-09,,https://patents.google.com/patent/GB202106003D0/en,
GB-202019417-D0,A double non-parallel staggered grating backward wave oscillator for ultra-broadband high-power thz generation ,Univ London Queen Mary,,2020-12-09,2020-12-09,2021-01-20,,https://patents.google.com/patent/GB202019417D0/en,
GB-202013036-D0,Monocrystalline thin films ,Univ London Queen Mary,,2020-08-20,2020-08-20,2020-10-07,,https://patents.google.com/patent/GB202013036D0/en,
GB-202003871-D0,Computerised methodology for automated detection of the end-diastolic intravascular ultrasound images ,Univ London Queen Mary,,2020-03-17,2020-03-17,2020-04-29,,https://patents.google.com/patent/GB202003871D0/en,
GB-201905723-D0,Radiation detector ,Univ London Queen Mary,,2019-04-24,2019-04-24,2019-06-05,,https://patents.google.com/patent/GB201905723D0/en,
GB-201818663-D0,Peptides and method ,Univ London Queen Mary,,2018-11-15,2018-11-15,2019-01-02,,https://patents.google.com/patent/GB201818663D0/en,
GB-201813357-D0,Plant-inspired soft pneumatic eversion robot ,Univ London Queen Mary,,2018-08-16,2018-08-16,2018-10-03,,https://patents.google.com/patent/GB201813357D0/en,
GB-201812837-D0,Implantable cell dressing for treatment of disease ,"Univ London Queen Mary, Kaneka Corp",,2018-08-07,2018-08-07,2018-09-19,,https://patents.google.com/patent/GB201812837D0/en,
GB-201804572-D0,Implantable cell dressing for treatment of disease ,"Univ London Queen Mary, Kaneka Corp",,2018-03-22,2018-03-22,2018-05-09,,https://patents.google.com/patent/GB201804572D0/en,
MA-46172-A,TOPICAL TREATMENT OF INFLAMMATORY INTESTINAL DISEASES USING TNF-ALPHA ANTIBODIES AND THEIR FRAGMENTS ,"Tillotts Pharma Ag, Univ London","Abdul Waseh Basit, Gonzalez Roberto Carlos Bravo, Esther Maria Furrer, Varum Felipe Jose Oliveira, Vipul Yadav",2017-05-31,2017-05-31,2019-07-17,,https://patents.google.com/patent/MA46172A/en,
GB-201612665-D0,Peptides ,Univ London Queen Mary,,2016-07-21,2016-07-21,2016-09-07,,https://patents.google.com/patent/GB201612665D0/en,
GB-201612485-D0,Method of treatment of obesity ,Univ London Queen Mary,,2016-07-19,2016-07-19,2016-08-31,,https://patents.google.com/patent/GB201612485D0/en,
GB-201608674-D0,New 3Deal device ,Univ London Queen Mary,,2016-05-17,2016-05-17,2016-06-29,,https://patents.google.com/patent/GB201608674D0/en,
GB-201604377-D0,Method of treatment of obesity ,Univ London Queen Mary,,2016-03-15,2016-03-15,2016-04-27,,https://patents.google.com/patent/GB201604377D0/en,
GB-201513320-D0,Peptides ,Univ London Queen Mary,,2015-07-29,2015-07-29,2015-09-09,,https://patents.google.com/patent/GB201513320D0/en,
GB-201510116-D0,Water collection and purification device ,Univ London Queen Mary,,2015-06-10,2015-06-10,2015-07-22,,https://patents.google.com/patent/GB201510116D0/en,
GB-201507740-D0,Flash spark plasma sintering of SIC ,Univ London Queen Mary,,2015-05-06,2015-05-06,2015-06-17,,https://patents.google.com/patent/GB201507740D0/en,
NZ-756883-A,Adeno-associated virus factor viii vectors ,"Univ London, Biomarin Pharm Inc","Peter Colosi, Jenny Mcintosh, Amit Nathwani, Edward Tuddenham",2013-09-12,2014-09-10,2022-09-30,,https://patents.google.com/patent/NZ756883A/en,
GB-201408160-D0,Method ,Univ London Queen Mary,,2014-05-08,2014-05-08,2014-06-25,,https://patents.google.com/patent/GB201408160D0/en,
GB-201405774-D0,Method ,Univ London Queen Mary,,2014-03-31,2014-03-31,2014-05-14,,https://patents.google.com/patent/GB201405774D0/en,
GB-201404128-D0,Method of synthesising meta-arylated phenols ,Univ London Queen Mary,,2014-03-09,2014-03-09,2014-04-23,,https://patents.google.com/patent/GB201404128D0/en,
GB-201316878-D0,Method ,Univ London Queen Mary,,2013-09-23,2013-09-23,2013-11-06,,https://patents.google.com/patent/GB201316878D0/en,
GB-201000737-D0,Dendrimers ,Univ London Pharmacy,,2010-01-18,2010-01-18,2010-03-03,,https://patents.google.com/patent/GB201000737D0/en,
GB-202218930-D0,Thermoelectric module and method of manufacture or assembly thereof ,"European Thermodynamics Ltd, Univ London Queen Mary",,2022-11-01,2022-12-15,2023-02-01,,https://patents.google.com/patent/GB202218930D0/en,
GB-202219481-D0,Audio techniques ,Univ London Queen Mary,,2022-12-22,2022-12-22,2023-02-08,,https://patents.google.com/patent/GB202219481D0/en,
GB-202301355-D0,Use ,Univ London Queen Mary,,2023-01-31,2023-01-31,2023-03-15,,https://patents.google.com/patent/GB202301355D0/en,
GB-202301354-D0,Use ,Univ London Queen Mary,,2023-01-31,2023-01-31,2023-03-15,,https://patents.google.com/patent/GB202301354D0/en,
GB-2582982-A,Radiation detector ,Univ London Queen Mary,"John Bevan Adrian, Kreouzis Theo, Gillin William, Timis Cozmin, Liu Xiaoqi",2019-04-12,2019-04-12,2020-10-14,,https://patents.google.com/patent/GB2582982A/en,
WO-2021013891-A1,Methods for diagnosing cancer ,Queen Mary University Of London,Muy-Teck TEH,2019-07-22,2020-07-22,2021-01-28,,https://patents.google.com/patent/WO2021013891A1/en,
GB-201820429-D0,Transparent drawn article ,Univ London Queen Mary,,2018-12-14,2018-12-14,2019-01-30,,https://patents.google.com/patent/GB201820429D0/en,
WO-2021198324-A1,Modified latency associated protein construct ,"Stealthyx Therapeutics Limited, Queen Mary University Of London","Yuti Chernajovsky, David Gould, Christopher Michael Andrew SCHULTZ, Laurence TOWNER",2020-03-31,2021-03-31,2021-10-07,,https://patents.google.com/patent/WO2021198324A1/en,
WO-2022013562-A1,Method of identifying a drug for patient-specific treatment ,Queen Mary University Of London,Pedro Rodriguez Cutillas,2020-07-15,2021-07-15,2022-01-20,,https://patents.google.com/patent/WO2022013562A1/en,
WO-2022031229-A1,Method for solution coating of inorganic superhydrophilic thin film ,"Agency For Science, Technology And Research, University College London","Yee Fun Lim, Gregory Kia Liang GOH, John CHAPMAN-FORTUNE",2020-08-05,2021-08-03,2022-02-10,,https://patents.google.com/patent/WO2022031229A1/en,
WO-2022058354-A1,Locomotion system for a medical device ,Queen Mary University Of London,"Mohamed Adhnan THAHA, Hasan SHAHEED, Julius Esmann BERNTH",2020-09-16,2021-09-15,2022-03-24,,https://patents.google.com/patent/WO2022058354A1/en,
WO-2022058599-A1,Photocurable silicone compositions and methods ,Queen Mary University Of London,"Julien Ezra Edouard GAUTROT, Khai Duong Quang NGUYEN",2020-09-18,2021-09-20,2022-03-24,,https://patents.google.com/patent/WO2022058599A1/en,
WO-2022096867-A1,Image processing of intravascular ultrasound images ,Queen Mary University Of London,"Qianni Zhang, Christos BOURANTAS, Anthony MATHUR, Andreas Baumbach, Ryo TORII",2020-11-05,2021-11-03,2022-05-12,,https://patents.google.com/patent/WO2022096867A1/en,
WO-2022123089-A1,Sustained release formulations of crystalline drugs ,Queen Mary University Of London,"David James GOULD, Jordan Elise READ, Gleb Sukhorukov, Valeriia KUDRIAVTCEVA, Jiaxin Zhang",2020-12-11,2021-12-13,2022-06-16,,https://patents.google.com/patent/WO2022123089A1/en,
WO-2022136870-A1,Composition comprising calcium orthophosphate and a bioactive glass comprising fluorine ,Queen Mary University Of London,"Robert Hill, Melissa TISKAYA, David Geoffrey GILLAM",2020-12-22,2021-12-22,2022-06-30,,https://patents.google.com/patent/WO2022136870A1/en,
WO-2023002046-A1,Determination of lymphocyte abundance in mixed samples ,"The Francis Crick Institute, University College London","Robert BENTHAM, Thomas Benjamin Kingdon WATKINS, Nicholas MCGRANAHAN, Charles Swanton",2021-07-22,2022-07-22,2023-01-26,,https://patents.google.com/patent/WO2023002046A1/en,
GB-201812765-D0,Substrate layer ,Univ London Queen Mary,,2018-08-06,2018-08-06,2018-09-19,,https://patents.google.com/patent/GB201812765D0/en,
US-2021082391-A1,Sound effect synthesis ,Queen Mary University Of London,"Joshua Reiss, Thomas VASSALLO, Adan BENITO, Parham BAHADORAN",2017-11-29,2018-11-29,2021-03-18,,https://patents.google.com/patent/US20210082391A1/en,https://patentimages.storage.googleapis.com/a6/fc/e1/ef9132e42bf116/US20210082391A1-20210318-D00000.png
GB-201718800-D0,Sound effects synthesis ,Univ London Queen Mary,,2017-11-14,2017-11-14,2017-12-27,,https://patents.google.com/patent/GB201718800D0/en,
GB-202103122-D0,Treatment ,Univ London Queen Mary,,2021-03-05,2021-03-05,2021-04-21,,https://patents.google.com/patent/GB202103122D0/en,
GB-201715378-D0,Peptides ,Univ London Queen Mary,,2017-09-22,2017-09-22,2017-11-08,,https://patents.google.com/patent/GB201715378D0/en,
GB-201715379-D0,Peptides ,Univ London Queen Mary,,2017-09-22,2017-09-22,2017-11-08,,https://patents.google.com/patent/GB201715379D0/en,
GB-201704386-D0,Method for identification of sofosbuvir resistant patients ,Univ London Queen Mary,,2017-03-20,2017-03-20,2017-05-03,,https://patents.google.com/patent/GB201704386D0/en,
GB-201617723-D0,Method for predicting prostate cancer metastasis ,Univ London Queen Mary,,2016-10-19,2016-10-19,2016-11-30,,https://patents.google.com/patent/GB201617723D0/en,
GB-201603458-D0,Interleukin-4(IL-4)for use in the treatment of myocardial infarction ,Univ London Queen Mary,,2016-02-29,2016-02-29,2016-04-13,,https://patents.google.com/patent/GB201603458D0/en,
WO-2015189618-A1,Therapy of cardiomyopathy by intramyocardial cell delivery and cytokine administration ,"Regenerate Life Science Limited, Barts Health Nhs Trust, Queen Mary University Of London","Anthony MATHUR, John Francis Martin",2014-06-10,2015-06-10,2015-12-17,,https://patents.google.com/patent/WO2015189618A1/en,
GB-201511895-D0,Combination therapy for treating multiple sclerosis ,Univ London Queen Mary,,2015-07-07,2015-07-07,2015-08-19,,https://patents.google.com/patent/GB201511895D0/en,
GB-201709337-D0,Treatment of aortic stenosis ,Univ London Queen Mary,,2017-06-12,2017-06-12,2017-07-26,,https://patents.google.com/patent/GB201709337D0/en,
GB-201117458-D0,Antimicrobial polymer ,Univ London Queen Mary,,2011-10-10,2011-10-10,2011-11-23,,https://patents.google.com/patent/GB201117458D0/en,
GB-202105658-D0,System and method for locating a medical device ,Univ London Queen Mary,,2021-04-20,2021-04-20,2021-06-02,,https://patents.google.com/patent/GB202105658D0/en,
GB-202108485-D0,Treatment of inflammatory conditions or diseases ,Univ London Queen Mary,,2021-06-14,2021-06-14,2021-07-28,,https://patents.google.com/patent/GB202108485D0/en,
GB-202110693-D0,Peptides ,Univ London Queen Mary,,2021-07-26,2021-07-26,2021-09-08,,https://patents.google.com/patent/GB202110693D0/en,
WO-2022157506-A1,Method for treating rheumatoid arthritis ,Queen Mary University Of London,"Costantino Pitzalis, Myles J LEWIS",2021-01-21,2022-01-21,2022-07-28,,https://patents.google.com/patent/WO2022157506A1/en,
US-2022221600-A1,Radiation detector ,Queen Mary University Of London,"Theo KREOUZIS, Cozmin TIMIS, William Gillin, Adrian BEVAN, Xiaoqi Liu",2019-04-12,2020-04-09,2022-07-14,,https://patents.google.com/patent/US20220221600A1/en,https://patentimages.storage.googleapis.com/2c/40/c6/8475e8ee9f1168/US20220221600A1-20220714-D00000.png
US-2021260358-A1,Mechanical circulatory support device with axial flow turbomachine optimized for heart failure and cardio-renal syndrome by implantation in the descending aorta ,Queen Mary University Of London,"Theodosios Korakianitis, Martin T. Rothman",2016-10-03,2017-09-29,2021-08-26,,https://patents.google.com/patent/US20210260358A1/en,https://patentimages.storage.googleapis.com/97/6c/a5/c3be2c2e7e04e2/US20210260358A1-20210826-D00000.png
WO-2020144475-A1,Process for producing a poly(vinyliden fluoride) dielectric material for capacitor with rich beta cristalline phase ,Queen Mary University Of London,"Emiliano BILOTTI, Michael J. REECE",2019-01-07,2020-01-07,2020-07-16,,https://patents.google.com/patent/WO2020144475A1/en,
US-2022288156-A1,Treatment ,Queen Mary University Of London,Kairbaan HODIVALA-DILKE,2019-08-16,2020-08-14,2022-09-15,,https://patents.google.com/patent/US20220288156A1/en,https://patentimages.storage.googleapis.com/2f/a8/0b/902417085ca718/US20220288156A1-20220915-D00000.png
US-2023043193-A1,Diagnostics ,Queen Mary University Of London,Gareth Ackland,2014-07-08,2022-07-19,2023-02-09,,https://patents.google.com/patent/US20230043193A1/en,https://patentimages.storage.googleapis.com/4b/49/89/bea15580fba7ca/US20230043193A1-20230209-D00005.png
EP-3747059-B1,Thermoelectric module ,"European Thermodynamics Limited, Queen Mary University of London","Emiliano BILOTTI, Samuel ILIFFE, Prospero TARONI JUNIOR, Kening WAN, Richard TULEY",2018-01-31,2019-01-31,2022-11-16,2022-11-16,https://patents.google.com/patent/EP3747059B1/en,https://patentimages.storage.googleapis.com/9b/3d/77/f2b2ea8411b4f4/imgf0001.png
CN-113874077-A,Treatment and diagnosis of psychotic disorders ,伦敦玛丽女王大学,富尔维奥·达奎斯托,2019-04-03,2020-04-02,2021-12-31,,https://patents.google.com/patent/CN113874077A/en,https://patentimages.storage.googleapis.com/67/3e/86/881d6b9ab6607d/HDA0003371583530000011.png
CA-3123973-A1,Oncolytic vaccinia virus with modified b5r gene for the treatment of cancer ,"Queen Mary University Of London, Yaohe Wang, Ming Yuan","Yaohe Wang, Ming Yuan",2018-10-10,2019-10-10,2020-04-16,,https://patents.google.com/patent/CA3123973A1/en,
CA-3152722-A1,Method of predicting requirement for biologic therapy ,"Costantino Pitzalis, Myles J LEWIS, Frances Clare HUMBY, Queen Mary University Of London","Costantino Pitzalis, Myles J LEWIS, Frances Clare HUMBY",2019-09-30,2020-09-30,2021-04-08,,https://patents.google.com/patent/CA3152722A1/en,
US-2019277852-A1,Method for Determining Prognosis of Cancer ,Queen Mary University Of London,"Tianyu Guo, Lei Xu, Xueying Mao, Yong-Jie Lu",2016-10-19,2017-10-19,2019-09-12,,https://patents.google.com/patent/US20190277852A1/en,https://patentimages.storage.googleapis.com/f4/2c/f8/8105e5973c14c7/US20190277852A1-20190912-D00001.png
EP-3060192-B1,Dental composition ,Queen Mary University of London,"Corwin Ezra HINE, Mark Andrew FRANKS, Mangala Patel, Robert Hill, Sandra PARKER, Natalia Karpukhina",2013-10-24,2014-10-24,2020-10-14,2020-10-14,https://patents.google.com/patent/EP3060192B1/en,https://patentimages.storage.googleapis.com/04/e4/e4/dbf553b3bbd2d5/imgf0001.png
US-2021303906-A1,"Image processing method, apparatus and computer program ",Queen Mary University Of London,"Hamit Soyel, Peter McOwan",2017-02-06,2018-01-29,2021-09-30,,https://patents.google.com/patent/US20210303906A1/en,https://patentimages.storage.googleapis.com/55/0d/f5/16c3a6bd7d9225/US20210303906A1-20210930-D00000.png
EP-3487413-B1,Surgical tool ,Queen Mary University of London,"Charles Henry Knowles, Robin Kenneth Stewart Phillips",2016-07-20,2017-06-13,2021-01-06,2021-01-06,https://patents.google.com/patent/EP3487413B1/en,https://patentimages.storage.googleapis.com/ee/a7/67/a5f069a6a19030/imgf0001.png
GB-202011196-D0,Solvent annealing ,Univ London Queen Mary,,2020-07-20,2020-07-20,2020-09-02,,https://patents.google.com/patent/GB202011196D0/en,
EP-3710579-A1,Ror2 inhibitors and use thereof in treating and/or preventing cartilage loss ,Queen Mary University of London,"Francesco Dell'accio, Anne-Sophie THORUP",2017-11-16,2018-11-16,2020-09-23,,https://patents.google.com/patent/EP3710579A1/en,
US-2020103403-A1,Method and system for detection of mycobacteria in human samples ,"Temple University-Of The Commonwealth System Of Higher Education, Queen's University Belfast, St. George's, University of London, University Of Central Florida","Irene Grant, Antonio Foddai, John Todd Kuenstner, Raghava Potula, Tim Bull, Saleh Naser, Ira Shafran",2018-09-27,2019-09-27,2020-04-02,,https://patents.google.com/patent/US20200103403A1/en,https://patentimages.storage.googleapis.com/35/a7/0a/f400f0e87da700/US20200103403A1-20200402-D00001.png
WO-2017068032-A1,Cross-fading between audio files ,"Anglia Ruskin University, The University Of West London","Robert TOULSON, Justin PATERSON",2015-10-22,2016-10-20,2017-04-27,,https://patents.google.com/patent/WO2017068032A1/en,
KR-20200008288-A,"polypepide for delivery of antigen, Fc-fusion protein comprising thereof and use thereof ","전북대학교산학협력단, 세인트 조지'스, 유니버시티 오브 런던","양문식, 장용석, 김미영, 마 줄리안, 렐리취 라이코, 반 돌리워드 크레이그",2018-07-16,2018-07-16,2020-01-28,,https://patents.google.com/patent/KR20200008288A/en,https://patentimages.storage.googleapis.com/ee/7e/98/01bb3575260f85/pat00001.png
US-2021278700-A1,Lens ,"City, University of London",John Barbur,2018-07-10,2019-07-10,2021-09-09,,https://patents.google.com/patent/US20210278700A1/en,https://patentimages.storage.googleapis.com/75/22/e2/d974cb7f93f7af/US20210278700A1-20210909-D00000.png
GB-201700457-D0,Monitoring system ,Univ Of London City,,2017-01-11,2017-01-11,2017-02-22,,https://patents.google.com/patent/GB201700457D0/en,
GB-201612104-D0,Gene therapy ,Univ Of Manchester The And King's College London,,2016-07-12,2016-07-12,2016-08-24,,https://patents.google.com/patent/GB201612104D0/en,
GB-2545660-B,Internally-geared screw machine ,City Univ Of London,"Rudi Stosic Nikola, Kenneth Smith Ian, Read Matthew",2015-12-18,2015-12-18,2020-12-23,2020-12-23,https://patents.google.com/patent/GB2545660B/en,
GB-201622373-D0,Monitoring appartus ,Univ Of London City,,2016-12-29,2016-12-29,2017-02-15,,https://patents.google.com/patent/GB201622373D0/en,
GB-201709711-D0,Lens ,Univ Of London City,,2017-01-24,2017-06-19,2017-08-02,,https://patents.google.com/patent/GB201709711D0/en,
GB-201718327-D0,Training Aid ,Univ Of London City,,2017-11-06,2017-11-06,2017-12-20,,https://patents.google.com/patent/GB201718327D0/en,
GB-201803388-D0,Polypeptide and vaccine ,"One Health Ventures Ltd, Birkbeck Univ Of London",,2018-03-02,2018-03-02,2018-04-18,,https://patents.google.com/patent/GB201803388D0/en,
GB-201814419-D0,Monitoring system ,Univ Of London City,,2018-09-05,2018-09-05,2018-10-17,,https://patents.google.com/patent/GB201814419D0/en,
GB-202001892-D0,Cartoid artery point-of-care sensor using planar bioimpedance mapping ,City Univ Of London,,2020-02-13,2020-02-13,2020-03-25,,https://patents.google.com/patent/GB202001892D0/en,
GB-202102363-D0,System ,City Univ Of London,,2021-02-19,2021-02-19,2021-04-07,,https://patents.google.com/patent/GB202102363D0/en,
GB-202115659-D0,Fault prediction for machines ,"City Univ Of London, Bosch Automotive Service Solutions Ltd",,2021-11-01,2021-11-01,2021-12-15,,https://patents.google.com/patent/GB202115659D0/en,
GB-202201271-D0,System ,City Univ Of London,,2022-02-01,2022-02-01,2022-03-16,,https://patents.google.com/patent/GB202201271D0/en,
GB-202213355-D0,Pump ,City Univ Of London,,2022-09-02,2022-09-13,2022-10-26,,https://patents.google.com/patent/GB202213355D0/en,
US-2022409080-A1,Device and method for non-invasive prediction of intracranial pressure based on optical means ,"City, University of London","Panayiotis Kyriacou, Thomas ABAY, Justin Phillips, Christopher UFF",2019-11-18,2020-11-18,2022-12-29,,https://patents.google.com/patent/US20220409080A1/en,https://patentimages.storage.googleapis.com/65/12/0d/7fe72a90810fe4/US20220409080A1-20221229-D00000.png
CN-114651014-A,IL-15 fusion peptides for the treatment of cancer ,"前列腺癌研究中心, 伦敦大学国王学院","C·加卢斯蒂安, R·史密斯, D·斯莫拉雷克, E·帕帕伊万格罗, P·达斯古普塔",2019-09-25,2020-09-25,2022-06-21,,https://patents.google.com/patent/CN114651014A/en,https://patentimages.storage.googleapis.com/80/42/78/02a35d6210b739/HDA0003562984250000011.png
CN-216588868-U,Hydrogen jet ignition type combustion system of ammonia engine ,"英国伦敦布鲁内尔大学, 广西玉柴机器股份有限公司","赵华, 林铁坚, 王新颜, 班智博, 官维",2022-01-26,2022-01-26,2022-05-24,2022-05-24,https://patents.google.com/patent/CN216588868U/en,https://patentimages.storage.googleapis.com/70/bc/c1/3f31458791b81e/HDA0003489554870000011.png
GB-201910321-D0,Sensor apparatus & method ,City Univ Of London,,2019-07-18,2019-07-18,2019-09-04,,https://patents.google.com/patent/GB201910321D0/en,
GB-2588368-A,System for monitoring anastomoses ,City Univ Of London,"Kyriacou Panicos, Thaha Mohamed, Budidha Karthik",2019-08-23,2019-08-23,2021-04-28,,https://patents.google.com/patent/GB2588368A/en,
GB-202211534-D0,Heat transfer system ,City Univ Of London,,2022-08-08,2022-08-08,2022-09-21,,https://patents.google.com/patent/GB202211534D0/en,
GB-202302947-D0,Method ,Queen Mary Univ Of London,,2023-02-28,2023-02-28,2023-04-12,,https://patents.google.com/patent/GB202302947D0/en,
GB-202208827-D0,Connector ,City Univ Of London,,2022-06-15,2022-06-15,2022-07-27,,https://patents.google.com/patent/GB202208827D0/en,
GB-202118023-D0,A method and system for securely sharing data ,Royal Holloway Univ Of London,,2021-12-02,2021-12-13,2022-01-26,,https://patents.google.com/patent/GB202118023D0/en,
GB-201809065-D0,Cooling system ,City Univ Of London,,2018-06-01,2018-06-01,2018-07-18,,https://patents.google.com/patent/GB201809065D0/en,
GB-201917617-D0,Method of forming a pile ,City Univ Of London,,2019-12-03,2019-12-03,2020-01-15,,https://patents.google.com/patent/GB201917617D0/en,
WO-2018175633-A1,Methods of inducing anti-malarial immune responses and compositions related thereto ,"La Jolla Pharmaceutical Company, St. George's Hospital Medical School D.B.A. St. George's, University Of London","Lakhmir Chawla, Sanjeev Krishna",2017-03-22,2018-03-21,2018-09-27,,https://patents.google.com/patent/WO2018175633A1/en,
WO-2013124436-A1,Synthetic anti-microbial peptides with a minority of cationic and a majority hydrophobic side chains ,University Of East London,John George,2012-02-23,2013-02-22,2013-08-29,,https://patents.google.com/patent/WO2013124436A1/en,
GB-201621145-D0,In-Vivo optical monitoring apparatus ,City Univ Of London,,2016-12-13,2016-12-13,2017-01-25,,https://patents.google.com/patent/GB201621145D0/en,
GB-201902902-D0,Polypeptide and vaccine ,"One Health Ventures Ltd, Birbeck Univ Of London",,2019-03-04,2019-03-04,2019-04-17,,https://patents.google.com/patent/GB201902902D0/en,
