search URL:,https://patents.google.com/?assignee=Univ+Newcastle&after=filing:20100101&language=ENGLISH
id,title,assignee,inventor/author,priority date,filing/creation date,publication date,grant date,result link,representative figure link
US-8999632-B2,Method for measuring ATR inhibition mediated increases in DNA damage ,Vertex Pharmaceuticals Incorporated,"Susanna Falcon, Philip Reaper, John Pollard, Nicola Curtin, Fiona Middleton, Tao Chen",2012-10-04,2013-10-03,2015-04-07,2015-04-07,https://patents.google.com/patent/US8999632B2/en,https://patentimages.storage.googleapis.com/c1/d3/3c/d61a7cf2e5657b/US08999632-20150407-D00001.png
EP-2533801-B1,Bacterial deoxyribonuclease compounds and methods for biofilm disruption and prevention ,University of Newcastle Upon Tyne,"James Grant Burgess, Michael John Hall, Reindert Nijland",2010-02-12,2011-02-11,2017-08-23,2017-08-23,https://patents.google.com/patent/EP2533801B1/en,https://patentimages.storage.googleapis.com/3b/8a/0e/f7d21029fe7e86/imgf0001.png
EP-2685895-B1,System for the self-monitoring and regulation of blood glucose ,University of Newcastle Upon Tyne,"Michael Catt, Michael TRENELL",2011-03-17,2012-03-19,2018-10-10,2018-10-10,https://patents.google.com/patent/EP2685895B1/en,https://patentimages.storage.googleapis.com/5c/3a/f9/19786744bd19fc/imgf0001.png
US-RE48040-E,Integrated chemical looping air separation in large-scale oxy-fuel plants ,The University Of Newcastle,"Behdad Moghtaderi, Terry Fitzgerald Wall, Kalpit Vrajeshkumar Shah",2011-09-23,2012-09-21,2020-06-09,2020-06-09,https://patents.google.com/patent/USRE48040E1/en,https://patentimages.storage.googleapis.com/f3/fc/3a/1404f2b941f1df/USRE048040-20200609-D00000.png
US-9171374-B2,Method and apparatus to highlight information in complex visual environments ,University Of Newcastle Upon Tyne,Yoav Tadmor,2004-03-30,2014-01-15,2015-10-27,2015-10-27,https://patents.google.com/patent/US9171374B2/en,https://patentimages.storage.googleapis.com/ef/2d/e2/1c5bb1a161305a/US09171374-20151027-D00000.png
US-10841098-B2,Authentication of physical object using internal structure ,University Of Newcastle Upon Tyne,"Feng Hao, Ehsan Toreini, Siamak F. Shahandashti",2018-05-06,2020-04-28,2020-11-17,2020-11-17,https://patents.google.com/patent/US10841098B2/en,https://patentimages.storage.googleapis.com/0b/66/47/25f257d439025e/US10841098-20201117-D00000.png
US-9919320-B2,Method and apparatus for contacting bubbles and particles in a flotation separation system ,The University Of Newcastle Research Associates Limited,Graeme J. Jameson,2005-02-01,2017-04-14,2018-03-20,2018-03-20,https://patents.google.com/patent/US9919320B2/en,https://patentimages.storage.googleapis.com/e6/b1/cc/07b4114a179e77/US09919320-20180320-D00000.png
US-10040075-B2,Method and apparatus for flotation in a fluidized bed ,The University Of Newcastle Research Associates Limited,Graeme John Jameson,2007-02-26,2015-07-21,2018-08-07,2018-08-07,https://patents.google.com/patent/US10040075B2/en,https://patentimages.storage.googleapis.com/c4/3f/98/2f079c40cb08c6/US10040075-20180807-D00000.png
AU-2021202650-B2,"Compositions and method for destabilizing, altering, and dispersing biofilms ","The Regents Of The University Of Michigan, University Of Newcastle Upon Tyne","Nick JAKUBOVICS, Ethan KOLDERMAN, Alexander RICKARD, Derek S. Samarian",2013-09-24,2021-04-28,2022-09-08,2022-09-08,https://patents.google.com/patent/AU2021202650B2/en,
US-8642602-B2,Method of inhibiting fibrogenesis and treating fibrotic disease ,"University Of Georgia Research Foundation, Inc., University Of Newcastle Upon Tyne","Jelena Mann, Chung K. Chu, Derek A. Mann",2009-02-04,2010-02-02,2014-02-04,2014-02-04,https://patents.google.com/patent/US8642602B2/en,https://patentimages.storage.googleapis.com/81/ab/0e/a99fa4674048ab/US08642602-20140204-D00001.png
EP-2417343-B1,Heat engine ,University Of Newcastle Upon Tyne,"Rikard Mikalsen, Anthony Paul Roskilly",2009-04-07,2010-04-01,2018-09-19,2018-09-19,https://patents.google.com/patent/EP2417343B1/en,https://patentimages.storage.googleapis.com/a8/1d/9d/a89a4dc20fe7ca/imgf0001.png
EP-2572075-B1,Free-piston internal combustion engine ,University of Newcastle Upon Tyne,"Rikard Mikalsen, Anthony Paul Roskilly",2010-05-19,2011-05-16,2017-07-19,2017-07-19,https://patents.google.com/patent/EP2572075B1/en,https://patentimages.storage.googleapis.com/fc/46/07/97e6b0f99b72a3/imgf0001.png
US-2012160776-A1,Stimulant sensitive flocculation and consolidation ,The University Of Newcastle Research Associates Limited,"George V. Franks, Graeme John Jameson, Yao-de Yan, Simon Richard Biggs",2003-08-29,2011-12-22,2012-06-28,,https://patents.google.com/patent/US20120160776A1/en,https://patentimages.storage.googleapis.com/b5/d8/a8/cdf5684a120535/US20120160776A1-20120628-D00000.png
US-2019090507-A1,Bee nutrition ,"University Of Newcastle Upon Tyne, Yissum Research Development Company Of The Hebrew, University Of Pretoria","Geraldine WRIGHT, Sharoni Shafir, Sue NICOLSON, Phil STEVENSON",2015-11-16,2016-11-16,2019-03-28,,https://patents.google.com/patent/US20190090507A1/en,https://patentimages.storage.googleapis.com/9d/79/be/95ceac72b86ada/US20190090507A1-20190328-D00000.png
AU-2011294911-B2,Ammonia production by integrated intensified processes ,University Of Newcastle Upon Tyne,Galip Akay,2010-08-27,2011-08-30,2016-02-11,2016-02-11,https://patents.google.com/patent/AU2011294911B2/en,
EP-3100138-B1,System for a brain-computer interface ,"University of Leicester, University of Newcastle upon Tyne, IP2IPO Innovations Limited","Andrew Jackson, Tim CONSTANDINOU, Amir EFTEKHAR, Rodrigo Quian QUIROGA, Joaquin Navajas AHUMADA",2014-01-30,2015-01-29,2019-09-11,2019-09-11,https://patents.google.com/patent/EP3100138B1/en,https://patentimages.storage.googleapis.com/f6/1c/35/962205fdf0e0db/imgf0001.png
JP-2019000668-A,Ivf egg collection chamber ,"ラブマン オートメーション リミテッドＬａｂｍａｎ Ａｕｔｏｍａｔｉｏｎ Ｌｉｍｉｔｅｄ, Labman Automation Ltd, ラブマン  オートメーション  リミテッド, ユニバーシティー オブ ニューキャッスル アポン タインＵｎｉｖｅｒｓｉｔｙ Ｏｆ Ｎｅｗｃａｓｔｌｅ Ｕｐｏｎ Ｔｙｎｅ, Univ Of Newcastle Upon Tyne, ユニバーシティー  オブ  ニューキャッスル  アポン  タイン, ニューキャッスル アポン タイン ホスピタルズ エヌエイチエス ファウンデーション トラストＴｈｅ Ｎｅｗｃａｓｔｌｅ ｕｐｏｎ Ｔｙｎｅ Ｈｏｓｐｉｔａｌｓ ＮＨＳ Ｆｏｕｎｄａｔｉｏｎ Ｔｒｕｓｔ, The Newcastle Upon Tyne Hospitals Nhs Foundation Trust, ニューキャッスル  アポン  タイン  ホスピタルズ  エヌエイチエス  ファウンデーション  トラスト","ホジソン ロバート, hodgson Robert, ホジソン ロバート, マードック アリソン, Murdoch Alison, マードック アリソン",2013-05-31,2018-08-17,2019-01-10,,https://patents.google.com/patent/JP2019000668A/en,
EP-3596112-A2,Adeno-associated virus vector delivery of a fragment of micro-dystrophin to treat muscular dystrophy ,"Newcastle University, University Of Heidelberg","Hanns Lochmuller, Oliver Muller",2017-03-17,2018-03-16,2020-01-22,,https://patents.google.com/patent/EP3596112A2/en,
US-10336795-B2,System and method for producing phycocyanin ,University Of Newcastle,"Chelsea Marie Brain, Gary Stephen Caldwell",2014-01-27,2018-02-06,2019-07-02,2019-07-02,https://patents.google.com/patent/US10336795B2/en,https://patentimages.storage.googleapis.com/b6/cd/11/99d0cad9950dc9/US10336795-20190702-D00001.png
US-10871106-B2,Free piston engine power plant ,University Of Durham,"Anthony Paul Roskilly, Rikard Mikalsen",2015-10-23,2016-10-21,2020-12-22,2020-12-22,https://patents.google.com/patent/US10871106B2/en,https://patentimages.storage.googleapis.com/d5/ff/83/ae20a4a408f433/US10871106-20201222-D00000.png
GB-201607597-D0,End-to-end verifiable E-voting system without tallying authorities ,Univ Newcastle,,2016-04-29,2016-04-29,2016-06-15,,https://patents.google.com/patent/GB201607597D0/en,
EP-3119277-A4,Identifying different types of pain using magnetic resonance spectroscopy ,"The University of Newcastle, Alexander Lin","Carolyn Mountford, Saadallah Ramadan, Alexander Lin",2014-03-18,2015-03-18,2017-11-08,,https://patents.google.com/patent/EP3119277A4/en,
GB-201520829-D0,Methods for forming 3D image data and associated apparatuses ,Univ Newcastle,,2015-11-25,2015-11-25,2016-01-06,,https://patents.google.com/patent/GB201520829D0/en,
EP-3365107-A1,Cell culture ,University of Newcastle Upon Tyne,"Fiona Oakley, Lee BORTHWICK, Clive Griffiths, Michael Drinnan",2015-10-22,2016-10-21,2018-08-29,,https://patents.google.com/patent/EP3365107A1/en,
CN-109863006-A,The method for processing fragile material ,泰恩河畔纽卡斯尔大学,"宗子杰, 霍德鸿, 帕特里克·德格纳尔, 安东尼·奥尼尔",2016-10-06,2017-10-06,2019-06-07,,https://patents.google.com/patent/CN109863006A/en,
EP-3394581-A1,Temperature sensor ,University of Newcastle Upon Tyne,"Fahimeh DEHKHODA, Patrick Degenaar, Ahmed SOLTAN",2015-12-23,2016-12-22,2018-10-31,,https://patents.google.com/patent/EP3394581A1/en,
AU-2017212146-B2,A method and system for oxygen production and energy storage ,The University Of Newcastle,"Behdad Moghtaderi, Kalpit SHAH",2016-01-25,2017-01-24,2021-09-09,2021-09-09,https://patents.google.com/patent/AU2017212146B2/en,
EP-3458153-A2,Implantable neural interface ,"Imperial Innovations Limited, University Of Newcastle Upon Tyne","Timothy Constandinou, Andrew Jackson",2016-05-20,2017-05-19,2019-03-27,,https://patents.google.com/patent/EP3458153A2/en,
GB-2520069-A,Identifying a user applying a touch or proximity input ,Univ Newcastle,"Dan Jackson, Patrick Oliver, Ahmed Kharrufa, Nils Hammerla",2013-11-08,2013-11-08,2015-05-13,,https://patents.google.com/patent/GB2520069A/en,
GB-201402692-D0,Synthetic retina ,Univ Newcastle,,2014-02-16,2014-02-16,2014-04-02,,https://patents.google.com/patent/GB201402692D0/en,
US-2019290584-A1,Targeted delivery of drugs to the myometrium ,The University Of Newcastle,"Susan Hua, Jonathan Paul, Roger Smith",2013-05-23,2019-06-07,2019-09-26,,https://patents.google.com/patent/US20190290584A1/en,https://patentimages.storage.googleapis.com/28/cc/5d/58c80a05f72bdf/US20190290584A1-20190926-D00000.png
CN-105493314-A,Metal-air battery with a cathode comprising a solid metal carbonate ,泰恩河畔纽卡斯尔大学,博洛菲萨·基思·斯科特,2013-08-21,2014-08-20,2016-04-13,,https://patents.google.com/patent/CN105493314A/en,
GB-2524444-A,Micro-evolution of microbes ,"Univ Newcastle, Tantillus Synergy Ltd","David Christian Daniel Van Alstyne, Chelsea Marie Brain, Gary Stephen Caldwell",2012-12-28,2013-12-30,2015-09-23,,https://patents.google.com/patent/GB2524444A/en,
ES-2691198-T3,Carbon capture ,University Of Newcastle Upon Tyne,"Lidija Siller, Gaurav Ashok BHADURI",2012-05-15,2013-05-14,2018-11-26,2018-11-26,https://patents.google.com/patent/ES2691198T3/en,
EP-2710383-B1,Performance of a biomarker panel for irritable bowel syndrome ,The University of Newcastle,"Michael P. Jones, Nicholas J. TALLEY",2011-05-16,2012-05-16,2017-01-11,2017-01-11,https://patents.google.com/patent/EP2710383B1/en,https://patentimages.storage.googleapis.com/8f/cf/ca/9d2765b49a5873/imgf0001.png
GB-201411184-D0,Process intensification in the catalytic synthesis of supported catalysts with hierarchic pore structure ,Univ Newcastle,,2012-01-20,2013-01-21,2014-08-06,,https://patents.google.com/patent/GB201411184D0/en,
GB-201916381-D0,Configuration of global satellite navigation system infrastructure ,Univ Newcastle,,2019-11-11,2019-11-11,2019-12-25,,https://patents.google.com/patent/GB201916381D0/en,
EP-2788183-B1,"Fiber-reinforced composite material with improved fire resistance, and structural component made thereof ","Airbus Defence and Space GmbH, The University Of Newcastle Upon Tyne","Hans Luinge, Matthias Schütt, Geoff GIBSON",2011-12-09,2012-12-05,2016-03-09,2016-03-09,https://patents.google.com/patent/EP2788183B1/en,https://patentimages.storage.googleapis.com/7f/a2/0d/6a2e96b46ad98d/imgf0001.png
GB-201912597-D0,Method and system for predicting battery degredation ,"Siemens Plc, Univ Newcastle",,2019-09-02,2019-09-02,2019-10-16,,https://patents.google.com/patent/GB201912597D0/en,
GB-201912596-D0,Method and system for optimissing battery usage ,"Siemens Plc, Univ Newcastle",,2019-09-02,2019-09-02,2019-10-16,,https://patents.google.com/patent/GB201912596D0/en,
CL-2020000786-A1,Rail conveyor closed belt system. ,Univ Newcastle,"Craig Anthony Wheeler, Michael Carr, Bin Chen",2017-10-26,2020-03-26,2020-10-02,,https://patents.google.com/patent/CL2020000786A1/en,
DK-2596173-T3,rail transport system ,Univ Newcastle,Craig Anthony Wheeler,2010-07-23,2011-07-25,2019-01-02,2019-01-02,https://patents.google.com/patent/DK2596173T3/en,
WO-2011144901-A4,Expansion and directed differentiation of epidermal neural crest stem cells ,The University Of Newcastle Upon Tyne,Maya Sieber-Blum,2010-05-20,2011-05-20,2012-03-01,,https://patents.google.com/patent/WO2011144901A4/en,
AU-2012276272-B2,Geothermal assisted power generation ,The University Of Newcastle,"Behdad Moghtaderi, Brad William MULLARD",2011-06-27,2012-06-26,2017-01-05,2017-01-05,https://patents.google.com/patent/AU2012276272B2/en,
US-10408848-B2,Skin model ,"Alcyomics Ltd, University Of Newcastle Upon Tyne","Penny Lovat, David Hill, Anne Dickinson, Shaheda Ahmed",2013-02-27,2014-02-27,2019-09-10,2019-09-10,https://patents.google.com/patent/US10408848B2/en,https://patentimages.storage.googleapis.com/bf/c3/7a/09ae9f6ebde417/US10408848-20190910-D00001.png
EP-3218720-A1,Biomarkers for disease progression in melanoma ,University of Newcastle Upon Tyne,"Marie Labus, Penny Lovat, Robert Ellis",2014-11-10,2015-11-05,2017-09-20,,https://patents.google.com/patent/EP3218720A1/en,
GB-2533193-B,Method and system for manufacture of a compressed coil ,Univ Newcastle,"David Manning Christopher, Widmer James, Martin Richard",2014-10-01,2015-09-30,2019-04-24,2019-04-24,https://patents.google.com/patent/GB2533193B/en,
CN-109640973-A,The treatment of myopia ,纽卡斯尔大学,萨莉·安妮·麦克法登,2016-06-21,2017-06-21,2019-04-16,,https://patents.google.com/patent/CN109640973A/en,
AU-2019229744-A1,Detection of pathological protein aggregation ,University Of Newcastle Upon Tyne,"Marzena KURZAWA-AKANBI, Christopher Miles Morris",2018-03-06,2019-03-05,2020-09-17,,https://patents.google.com/patent/AU2019229744A1/en,
GB-201704071-D0,Recombinant mature complement factor 1 ,Univ Newcastle,,2017-03-14,2017-03-14,2017-04-26,,https://patents.google.com/patent/GB201704071D0/en,
US-9461255-B2,Light emitting compounds ,Merck Patent Gmbh,"Valery Kozhevnikov, Pierre-Henri Lanoè",2012-08-09,2013-08-08,2016-10-04,2016-10-04,https://patents.google.com/patent/US9461255B2/en,https://patentimages.storage.googleapis.com/15/06/0c/4e246a6cad6c00/US09461255-20161004-D00001.png
GB-201614474-D0,Methods of identifying microsatellite instability ,Univ Of Newcastle Upon Tyne The,,2016-08-24,2016-08-24,2016-10-05,,https://patents.google.com/patent/GB201614474D0/en,
ES-2896898-T3,Impactor for the collection of the aerosol component ,Univ Of Northumbria At Newcastle,"Volkan Turgul, Sterghios Moschos, Izzet Kale",2017-09-12,2018-09-12,2022-02-28,2022-02-28,https://patents.google.com/patent/ES2896898T3/en,
US-11369285-B2,Exhaled breath condensate collection device and a kit of parts therefor ,University Of Northumbria At Newcastle,"Sterghios A. Moschos, Izzet Kale",2016-03-08,2017-03-08,2022-06-28,2022-06-28,https://patents.google.com/patent/US11369285B2/en,https://patentimages.storage.googleapis.com/02/b0/ec/0b1cec824b88ed/US11369285-20220628-D00000.png
EP-2408784-A1,Aluminum complexes and their use in the synthesis of cyclic carbonates ,University Of Newcastle-Upon Tyne,Michael North,2009-03-18,2010-03-17,2012-01-25,,https://patents.google.com/patent/EP2408784A1/en,
WO-2019142004-A1,Storage and/or transport for multicellular aggregates ,University Of Newcastle Upon Tyne,"Stephen SWIOKLO, Che John CONNON",2018-01-22,2019-01-21,2019-07-25,,https://patents.google.com/patent/WO2019142004A1/en,
EP-3678773-A1,Nickel-cobalt-based catalysts for co and no oxidation; their activation ,"University Court of The University of St Andrews, University of Newcastle Upon Tyne","John Thomas Sirr Irvine, Dragos NEAGU, Ian Metcalfe, Evangelos I. PAPAIOANNOU",2017-09-05,2018-09-04,2020-07-15,,https://patents.google.com/patent/EP3678773A1/en,
US-10655120-B2,Transport of cells in hydrogels ,The University Of Newcastle Upon Tyne,"Che John Connon, Richard Anthony Cave, Vitaliy Khutoryanskiy, Bernice Wright",2011-03-21,2012-03-21,2020-05-19,2020-05-19,https://patents.google.com/patent/US10655120B2/en,https://patentimages.storage.googleapis.com/e1/de/8c/bc7719e6f58422/US10655120-20200519-D00001.png
ES-2871978-T8,Printing apparatus and method ,Univ Newcastle,"Matthew James Benning, Kenneth William Dalgarno",2017-07-05,2018-07-05,2022-01-21,,https://patents.google.com/patent/ES2871978T8/en,
HR-P20141130-T1,Self-correcting crash energy absorber ,University Of Newcastle Upon Tyne,"Conor Francis O'neill, Alexander Mark Robinson",2009-07-29,2014-11-21,2015-01-02,,https://patents.google.com/patent/HRP20141130T1/en,
AU-2018293554-A1,Apparatus and method for generating oxygen and energy conversion or storage ,The University Of Newcastle,"Behdad Moghtaderi, Hui Song, Cheng Zhou",2017-06-27,2018-06-26,2020-02-20,,https://patents.google.com/patent/AU2018293554A1/en,
AU-2011224082-A1,Ceramic and metallic components and methods for their production from flexible gelled materials ,"Albright & Wilson (Australia) Limited, Commonwealth Scientific And Industrial Research Organisation, The University Of Melbourne, The University Of Newcastle, Tridan Limited","John Besida, David Edwin Dunstan, George Vincent Franks",2004-08-24,2011-09-15,2011-10-13,,https://patents.google.com/patent/AU2011224082A1/en,
CN-107250040-A,Aeroge ,泰恩河畔纽卡斯尔大学,"L·西勒, 韩笑",2015-02-17,2016-02-16,2017-10-13,,https://patents.google.com/patent/CN107250040A/en,
CN-107847893-A,Chemical cyclization ,泰恩河畔纽卡斯尔大学,伊恩·梅特卡夫,2015-07-07,2016-07-07,2018-03-27,,https://patents.google.com/patent/CN107847893A/en,
GB-201021149-D0,Use of a skin explant assay for mRNA expression analysis for the identification of new genes and drug targets associated with graft versus host disease ,"Georg August Uni Gottingen Stiftung Offentlichen Rechts, Univ Oslo, Univ Newcastle, Deutsches Primatenzentrum Gmbh",,2010-12-14,2010-12-14,2011-01-26,,https://patents.google.com/patent/GB201021149D0/en,
EP-3583331-A1,Gear for a transmission with inclined sidewalls ,University of Newcastle Upon Tyne,Andrew Steven,2017-02-15,2018-02-14,2019-12-25,,https://patents.google.com/patent/EP3583331A1/en,
US-9879255-B2,Modulation of RNA activity and vascular permeability ,University Of Newcastle Upon Tyne,"Jennifer Gamble, Mathew Vadas, Thorleif Moller",2012-10-02,2013-10-02,2018-01-30,2018-01-30,https://patents.google.com/patent/US9879255B2/en,https://patentimages.storage.googleapis.com/47/b4/e1/0a65835f5ffdd5/US09879255-20180130-D00001.png
EP-3157625-A1,Implantable optrode with a controller configured for operation in a stimulation mode and in a diagnostic mode ,University Of Newcastle Upon Tyne,"Patrick Degenaar, Hubin ZHAO",2014-06-18,2015-06-18,2017-04-26,,https://patents.google.com/patent/EP3157625A1/en,
AU-2012315483-B2,Chemical looping removal of ventilation air methane ,The University Of Newcastle,"Elham Doroodchi, Behdad Moghtaderi",2011-09-30,2012-09-28,2016-06-02,2016-06-02,https://patents.google.com/patent/AU2012315483B2/en,
EP-3102892-A1,Energy storage device ,University Of Newcastle Upon Tyne,"Huashan BAO, Anthony Paul Roskilly",2014-02-06,2015-02-06,2016-12-14,,https://patents.google.com/patent/EP3102892A1/en,
US-2020162088-A1,"Device, System and Method for Digital-to-Analogue Conversion ",The University Of Newcastle,"Arnfinn EIELSEN, Andrew Fleming",2016-10-04,2017-10-04,2020-05-21,,https://patents.google.com/patent/US20200162088A1/en,https://patentimages.storage.googleapis.com/24/d3/92/d6618c7be2e0a8/US20200162088A1-20200521-D00000.png
GB-2518897-A,Test for distinguishing between a human and a computer program ,Univ Newcastle,Jeff Yan,2013-10-07,2013-10-07,2015-04-08,,https://patents.google.com/patent/GB2518897A/en,
EP-3084581-A1,Enhanced user interaction with a device ,University of Newcastle Upon Tyne,"Jonathan Hook, Patrick Olivier",2013-12-20,2014-12-19,2016-10-26,,https://patents.google.com/patent/EP3084581A1/en,
EP-3490729-A1,An apparatus and method for the dry separation of particles ,The University of Newcastle,Kevin Patrick Galvin,2016-08-01,2017-08-01,2019-06-05,,https://patents.google.com/patent/EP3490729A1/en,
GB-201518205-D0,Probe response signals ,Univ Newcastle,,2015-10-14,2015-10-14,2015-11-25,,https://patents.google.com/patent/GB201518205D0/en,
EP-3394221-A4,A method and system for removing tar ,The University of Newcastle,"Behdad Moghtaderi, Kalpit SHAH",2015-12-23,2016-12-23,2019-09-04,,https://patents.google.com/patent/EP3394221A4/en,
EP-3282934-A1,An improved blood pressure measurement system ,"University of Newcastle Upon Tyne, A C Cossor & Son (Holdings) Limited","Alan Murray, Dingchang Zheng, Clive Griffiths, Chengyu Liu",2015-04-15,2016-04-15,2018-02-21,,https://patents.google.com/patent/EP3282934A1/en,
GB-201622116-D0,Treatment of liver disease ,Univ Newcastle,,2016-12-23,2016-12-23,2017-02-08,,https://patents.google.com/patent/GB201622116D0/en,
GB-201604359-D0,Treatment of tissue disorders ,Univ Newcastle,,2016-03-15,2016-03-15,2016-04-27,,https://patents.google.com/patent/GB201604359D0/en,
AU-2015213476-A1,Doped electrode and uses thereof ,The University Of Newcastle,Scott Donne,2014-02-10,2015-02-09,2016-08-25,,https://patents.google.com/patent/AU2015213476A1/en,
EP-3400375-B1,Energy storage system ,University Of Newcastle Upon Tyne,"Huashan BAO, Anthony Paul Roskilly",2016-01-04,2017-01-04,2019-10-09,2019-10-09,https://patents.google.com/patent/EP3400375B1/en,https://patentimages.storage.googleapis.com/e0/be/9a/8996c1abd1be62/imgf0001.png
EP-3897616-A1,Methods and materials for treating neuropsychiatric disorders ,"Mayo Foundation for Medical Education and Research, University of Newcastle Upon Tyne","James L. Kirkland, Mikolaj B. OGRODNIK, Tamar TCHKONIA, Diana JURK, Thomas Von Zglinicki",2018-12-20,2019-12-18,2021-10-27,,https://patents.google.com/patent/EP3897616A1/en,
GB-201412692-D0,Biomolecule separation using apatite ,Univ Newcastle,,2014-07-17,2014-07-17,2014-09-03,,https://patents.google.com/patent/GB201412692D0/en,
GB-201402787-D0,Expansion method ,"Univ Newcastle, Newcastle Upon Tyne Hospitals",,2014-02-17,2014-02-17,2014-04-02,,https://patents.google.com/patent/GB201402787D0/en,
EP-3803785-A1,System for processing images to detect properties of skeletal muscle ,University of Newcastle Upon Tyne,"Andrew BLAMIRE, Ian SCHOFIELD, Roger Whittaker",2018-05-31,2019-05-09,2021-04-14,,https://patents.google.com/patent/EP3803785A1/en,
EP-3519046-A1,Optical stimulation arrangement ,University Of Newcastle-Upon Tyne,"Patrick Degenaar, Fahimeh DEHKHODA, Ahmed SOLTAN, Hubin ZHAO, Reza Ramezani",2016-09-30,2017-09-29,2019-08-07,,https://patents.google.com/patent/EP3519046A1/en,
GB-201207788-D0,Methods relating to identification of susceptibility to liver injury ,Univ Newcastle,,2012-05-03,2012-05-03,2012-06-13,,https://patents.google.com/patent/GB201207788D0/en,
AU-2016267395-B2,Method and apparatus for agglomerating hydrophobic particles ,The University Of Newcastle,"Kevin Patrick Galvin, Kim VAN NETTEN",2015-05-22,2016-05-23,2020-04-30,2020-04-30,https://patents.google.com/patent/AU2016267395B2/en,
GB-201812078-D0,Novel compounds and their uses ,"Demuris Ltd, Univ Newcastle",,2018-07-24,2018-07-24,2018-09-05,,https://patents.google.com/patent/GB201812078D0/en,
AU-2018326289-A1,An adsorbent ,The University Of Newcastle,Brett Turner,2017-08-28,2018-08-28,2020-03-19,,https://patents.google.com/patent/AU2018326289A1/en,
US-11407955-B2,Method of agglomerating fine particles using a concentrated water in oil emulsion ,The University Of Newcastle,Kevin Patrick Galvin,2012-01-25,2013-01-25,2022-08-09,2022-08-09,https://patents.google.com/patent/US11407955B2/en,https://patentimages.storage.googleapis.com/86/07/62/7782c6cdb8439d/US11407955-20220809-D00000.png
EP-3074769-A2,Model gut system ,University of Newcastle Upon Tyne,"Jeff Pearson, Iain BROWNLEE, Matt Wilcox, Peter CHATER",2013-11-25,2014-11-21,2016-10-05,,https://patents.google.com/patent/EP3074769A2/en,
EP-2399564-A1,"Fluid separation device for fluid storage and mixing apparatus, and fluid storage and mixing apparatus incorporating such device ",The University Of Newcastle Upon Tyne,"John gerard Meechan, Christopher David Lawrence, Phillip Edward Harley",2010-06-28,2010-06-28,2011-12-28,,https://patents.google.com/patent/EP2399564A1/en,https://patentimages.storage.googleapis.com/a3/ca/95/6d5d138c503a38/imgf0001.png
EP-2931920-B1,Biomarkers of asthma inflammatory phenotypes and response to therapy ,The University of Newcastle,"Katherine Joanne BAINES, Peter G. Gibson",2012-12-14,2013-12-13,2018-03-07,2018-03-07,https://patents.google.com/patent/EP2931920B1/en,https://patentimages.storage.googleapis.com/12/d3/b7/0ec216cd38781a/imgf0001.png
EP-3490669-B1,Optogenetic system ,University of Newcastle Upon Tyne,"Andrew Jackson, Mark Cunningham, Stuart Baker, Patrick Degenaar",2016-07-28,2017-07-28,2021-05-05,2021-05-05,https://patents.google.com/patent/EP3490669B1/en,https://patentimages.storage.googleapis.com/ef/b0/6e/ec70c067004247/imgf0001.png
EP-2675915-B1,Cd4+ t-cell gene signature for rheumatoid arthritis (ra) ,University of Newcastle Upon Tyne,"John D. ISAACS, Arthur G. PRATT",2011-02-14,2012-02-13,2014-12-10,2014-12-10,https://patents.google.com/patent/EP2675915B1/en,https://patentimages.storage.googleapis.com/c5/4e/d1/459a62104f10ab/imgf0001.png
GB-201402786-D0,Expansion method ,"Univ Newcastle, Newcastle Upon Tyne Hospitals",,2014-02-17,2014-02-17,2014-04-02,,https://patents.google.com/patent/GB201402786D0/en,
EP-4028508-A1,Culture method for retinal organoids ,University of Newcastle Upon Tyne,"Majlinda Lako, Darin ZERTI, Birthe HILGEN",2019-09-12,2020-09-11,2022-07-20,,https://patents.google.com/patent/EP4028508A1/en,
GB-201701368-D0,Heat engine ,Univ Newcastle,,2017-01-27,2017-01-27,2017-03-15,,https://patents.google.com/patent/GB201701368D0/en,
CN-104516566-A,Handwriting input method and device ,"广东国笔科技股份有限公司, 纽卡斯尔大学","高精鍊, 周尼克, 詹姆斯威尔金森",2013-10-08,2013-10-08,2015-04-15,,https://patents.google.com/patent/CN104516566A/en,
AU-2018303840-A1,Vibration unit assembly for a belt conveyor ,The University Of Newcastle,"Kevin James BARBER, Jens Plinke, Peter William Alexander ROBINSON, John James Warner, Oliver James WHATNALL, Craig Anthony Wheeler, Kenneth Charles Williams",2017-07-17,2018-07-17,2020-02-27,,https://patents.google.com/patent/AU2018303840A1/en,
EP-3016581-A1,An improved sphygmomanometer capable of displaying the quality of blood pressure readings ,University of Newcastle Upon Tyne,"Alan Murray, Dingchang Zheng",2013-07-01,2014-06-30,2016-05-11,,https://patents.google.com/patent/EP3016581A1/en,
GB-201908522-D0,Supramolecular structures ,Univ Newcastle,,2019-06-13,2019-06-13,2019-07-31,,https://patents.google.com/patent/GB201908522D0/en,
EP-3019268-B1,Method for ventilation air methane mitigation ,The University of Newcastle,"Kalpit Vrajeshkumar SHAH, Behdad Moghtaderi, Elham Doroodchi",2013-07-11,2014-07-10,2020-05-27,2020-05-27,https://patents.google.com/patent/EP3019268B1/en,https://patentimages.storage.googleapis.com/43/80/83/9b304cf71b3a77/imgf0001.png
EP-3437176-A1,Electrical sub-assembly ,University of Newcastle Upon Tyne,"James Dumesnil WIDMER, Richard Martin, Barrie Charles Mecrow",2016-03-30,2017-03-28,2019-02-06,,https://patents.google.com/patent/EP3437176A1/en,
GB-2515601-B,Ultrasound imaging apparatus ,Univ Newcastle,"Alan Neasham Jeffrey, James Graham David",2013-03-13,2014-03-11,2018-07-04,2018-07-04,https://patents.google.com/patent/GB2515601B/en,
EP-3403315-A1,Rotor assembly ,University of Newcastle Upon Tyne,"James Dumesnil WIDMER, Mohammad Kimiabeigi",2016-01-14,2017-01-10,2018-11-21,,https://patents.google.com/patent/EP3403315A1/en,
AU-2011217734-B2,Protein biomarkers for obstructive airways diseases ,The University Of Newcastle,"Peter Gibson, Alistair Sim, Nikki Verrills, Lisa Wood",2010-02-16,2011-02-16,2016-08-11,2016-08-11,https://patents.google.com/patent/AU2011217734B2/en,
EP-3497188-A4,Method of preparing a water in oil emulsion ,The University of Newcastle,"Kevin Patrick Galvin, Kim VAN NETTEN",2016-08-08,2017-08-04,2020-04-01,,https://patents.google.com/patent/EP3497188A4/en,
EP-2504016-A1,Inhibition of pancreatic lipase ,"RD Biomed Limited, University Of Newcastle-Upon Tyne","Johnathan Craig Richardson, Peter William Dettmar, Matthew David Wilcox, Lain Andrew Brownlee, Jeffrey Peter Pearson",2009-11-25,2010-11-25,2012-10-03,,https://patents.google.com/patent/EP2504016A1/en,
EP-3759253-A1,Methods for detecting target polynucleotides ,University of Newcastle Upon Tyne,"Andrew Pike, Eimer TUITE, Joseph HEDLEY, Colette WHITFIELD, Samantha LUNN, Rachel LITTLE, Mantej BAHRA, Kuniharu Ijiro, Hideyuki MITOMO",2018-02-26,2019-02-25,2021-01-06,,https://patents.google.com/patent/EP3759253A1/en,
GB-201911215-D0,Biomarkers for disease progression in squamous cell carcinoma ,"Amlo Biosciences Ltd, Univ Newcastle",,2019-05-03,2019-08-06,2019-09-18,,https://patents.google.com/patent/GB201911215D0/en,
AU-2018213117-A1,Non-target site resistance ,University Of Newcastle Upon Tyne,"Melissa Catherine BRAZIER-HICKS, Robert Edwards, Alina Viviana GOLDBERG CAVALLERI, Nawaporn ONKOKESUNG, Catherine TETARD-JONES",2017-01-27,2018-01-25,2019-07-25,,https://patents.google.com/patent/AU2018213117A1/en,
GB-201911216-D0,Methods of determining the margin of a tumour ,"Amlo Biosciences Ltd, Univ Newcastle",,2019-05-03,2019-08-06,2019-09-18,,https://patents.google.com/patent/GB201911216D0/en,
GB-201005372-D0,Apparatus and method for voltage sensing ,Univ Newcastle,,2010-03-30,2010-03-30,2010-05-12,,https://patents.google.com/patent/GB201005372D0/en,
EP-3796918-A1,Promotion of epithelial repair via the administration of activators of pi3k/akt signalling ,"Telethon Kids Institute, The University of Newcastle","Thomas Iosifidis, Anthony KICIC, Stephen STICK, Darryl Knight",2018-05-21,2019-05-21,2021-03-31,,https://patents.google.com/patent/EP3796918A1/en,
EP-2841380-A1,Method for the separation of diamond particle clusters ,University Of Newcastle Upon Tyne,"Lidija Siller, Yuriy BUTENKO",2012-04-27,2013-04-26,2015-03-04,,https://patents.google.com/patent/EP2841380A1/en,
EP-2858675-A2,Recombinant polypeptide ,University Of Newcastle Upon Tyne,Jeremy Lakey,2012-06-11,2013-06-11,2015-04-15,,https://patents.google.com/patent/EP2858675A2/en,
EP-3439092-B1,Electrode structure for a redox flow battery as well as redox flow battery ,"Siemens Aktiengesellschaft, The University of Newcastle","Jochen FRIEDL, Timothy Hughes, Ulrich Stimming, Holger WOLFSCHMIDT",2017-08-04,2017-08-04,2020-07-22,2020-07-22,https://patents.google.com/patent/EP3439092B1/en,https://patentimages.storage.googleapis.com/90/6a/b4/bfc76a1eee1ed1/imgf0001.png
WO-2021030866-A1,Epithelial stem cells and organoids ,The University Of Newcastle,Pradeep TANWAR,2019-08-19,2020-08-19,2021-02-25,,https://patents.google.com/patent/WO2021030866A1/en,
WO-2021019197-A1,Methods of identifying microsatellite instability ,University Of Newcastle Upon Tyne,"John Burn, Michael Stewart JACKSON, Francisco Mauro SANTIBANEZ-KOREF, Richard GALLON, Harsh SHETH",2019-07-31,2019-07-31,2021-02-04,,https://patents.google.com/patent/WO2021019197A1/en,
WO-2011128664-A3,Method and apparatus for controlling doubly fed electrical machine and doubly fed electrical machine incorporating such apparatus ,University Of Northumbria At Newcastle,"Hamza Chaal, Milutin Jovanovic",2010-04-16,2011-04-04,2012-09-27,,https://patents.google.com/patent/WO2011128664A3/en,
GB-201716551-D0,Surface coating ,Univ Of Northumbria At Newcastle,,2017-10-10,2017-10-10,2017-11-22,,https://patents.google.com/patent/GB201716551D0/en,
EP-3387242-A1,A rotary stirling-cycle apparatus and method thereof ,University Of Northumbria At Newcastle,"Khamidulla MAHKAMOV, Irina MAKHKAMOVA",2015-12-11,2016-11-03,2018-10-17,,https://patents.google.com/patent/EP3387242A1/en,
WO-2011098811-A1,Radiation emitting and receiving apparatus ,University Of Northumbria At Newcastle,"Joseph Emmanuel Faith, Joseph Ignatius Henry Allen, Phillip Owen Byrne",2010-02-12,2011-02-10,2011-08-18,,https://patents.google.com/patent/WO2011098811A1/en,
GB-201420348-D0,Compounds for treating neurodegenerative diseases ,Univ Northumbria Newcastle,,2014-11-17,2014-11-17,2014-12-31,,https://patents.google.com/patent/GB201420348D0/en,
KR-20180090361-A,Composite Machining Tools ,유니버시티 오브 노섬브리아 앳 뉴캐슬,이슬람 샤이하,2015-12-09,2016-12-08,2018-08-10,,https://patents.google.com/patent/KR20180090361A/en,https://patentimages.storage.googleapis.com/1c/ab/50/620926ef80d370/pct00001.png
GB-202202916-D0,Enzymes and uses thereof ,"Univ Newcastle, Univ Birmingham",,2022-03-02,2022-03-02,2022-04-13,,https://patents.google.com/patent/GB202202916D0/en,
GB-202102123-D0,The first example of (arene)Ru(II)TsDPEN anchored to silica through the coordinated 6-arene ligand. ,"Alshaikh Hind Faisal, Doherty Simon, Knight Julian T, Univ King Abdulaziz, Univ Newcastle",,2021-02-15,2021-02-15,2021-03-31,,https://patents.google.com/patent/GB202102123D0/en,
WO-2022256861-A1,Diagnostic marker for functional gastrointestinal disorders ,"The University Of Newcastle, The University Of Queensland","Simon KEELY, Nick Talley, Grace BURNS, Mark Morrison",2021-06-07,2022-06-07,2022-12-15,,https://patents.google.com/patent/WO2022256861A1/en,
GB-201605367-D0,TALEN-based genetic manipulation ,Univ Newcastle,,2016-03-30,2016-03-30,2016-05-11,,https://patents.google.com/patent/GB201605367D0/en,
GB-201314389-D0,Novel target ,Univ Newcastle,,2013-08-12,2013-08-12,2013-09-25,,https://patents.google.com/patent/GB201314389D0/en,
EP-4048448-A1,Thin film fabrication method and apparatus ,University of Newcastle Upon Tyne,"Ana Marina FERREIRA-DUARTE, Piergiorgio Gentile",2019-10-24,2020-10-21,2022-08-31,,https://patents.google.com/patent/EP4048448A1/en,
EP-4038393-A1,Biomarkers for assessing explant organ viability ,University of Newcastle Upon Tyne,"Colin Wilson, Rodrigo FIGUEIREDO, Matt Wright, Alistair LEITCH",2019-10-04,2020-10-01,2022-08-10,,https://patents.google.com/patent/EP4038393A1/en,
EP-3983105-A1,Crystallisation of chemical molecules ,University of Newcastle Upon Tyne,"Michael Hall, Michael PROBERT, Andrew Tyler",2019-06-11,2020-06-11,2022-04-20,,https://patents.google.com/patent/EP3983105A1/en,
EP-3976829-A1,A method of treatment or prophylaxis ,The University of Newcastle,"Murray Cairns, William REAY",2019-05-30,2020-05-29,2022-04-06,,https://patents.google.com/patent/EP3976829A1/en,
EP-3969909-A2,A sensor device ,University of Newcastle-Upon Tyne,Marloes Peeters,2019-05-13,2020-05-13,2022-03-23,,https://patents.google.com/patent/EP3969909A2/en,
AU-2020263225-A1,"Clamp, system and method for measuring tension in a conveyor belt ","TS Global Pty Limited, The University Of Newcastle","Graham Dean Holford, Dusan Ilic, Craig Anthony Wheeler, Jason Tom Willis",2019-04-26,2020-04-24,2021-11-11,,https://patents.google.com/patent/AU2020263225A1/en,
GB-2592354-A,Apparatus and method ,Univ Newcastle,"Earl Scott William Iii, Kay Stuart",2020-02-12,2020-02-12,2021-09-01,,https://patents.google.com/patent/GB2592354A/en,
EP-4102967-A1,"Apparatus for storing an organ or body tissue, and corresponding method ",University of Newcastle-Upon Tyne,"William Earl SCOTT III, Stuart Kay",2020-02-12,2021-02-12,2022-12-21,,https://patents.google.com/patent/EP4102967A1/en,
EP-3814402-A1,Oscillatory gels ,University of Newcastle Upon Tyne,"Katarina NOVAKOVIC, Anna ISAKOVA",2018-06-27,2019-06-26,2021-05-05,,https://patents.google.com/patent/EP3814402A1/en,
EP-4125357-A1,"Body tissue monitor, body tissue preservation system and corresponding method ",University of Newcastle-Upon Tyne,"William Earl SCOTT III, Leo FREITAS",2020-03-26,2021-03-26,2023-02-08,,https://patents.google.com/patent/EP4125357A1/en,
EP-4125356-A1,Body tissue preservation system and method ,University of Newcastle-Upon Tyne,"William Earl SCOTT III, Stuart Kay, Leo FREITAS",2020-03-26,2021-03-26,2023-02-08,,https://patents.google.com/patent/EP4125356A1/en,
EP-4165212-A1,Method of diagnosing mitochondrial dna disorders using stool samples ,University of Newcastle Upon Tyne,"Gráinne GORMAN, David Houghton, Laura GREAVES",2020-06-10,2021-06-09,2023-04-19,,https://patents.google.com/patent/EP4165212A1/en,
CN-112543813-A,Methods for diagnosis and prognosis of estrogen-induced cancer ,澳大利亚纽卡斯尔大学,普拉迪普·S·坦沃,2018-03-29,2019-03-29,2021-03-23,,https://patents.google.com/patent/CN112543813A/en,https://patentimages.storage.googleapis.com/7d/6d/af/ac79a4d6c1ed2f/HDA0002805385730000011.png
US-2023101835-A1,Modified complement proteins and uses thereof ,University Of Newcastle Upon Tyne,"Kevin Marchbank, Yi Yang",2017-04-28,2018-04-25,2023-03-30,,https://patents.google.com/patent/US20230101835A1/en,https://patentimages.storage.googleapis.com/b4/bc/17/2df467a5bbe7d7/US20230101835A1-20230330-D00004.png
GB-2583741-B,Kinase screening assays ,Univ Newcastle,"Higgins Jonathan, Watson Nikolaus",2019-05-08,2019-05-08,2022-03-16,2022-03-16,https://patents.google.com/patent/GB2583741B/en,
EP-3775283-A1,Prediction of drug-free remission in rheumatoid arthritis ,University of Newcastle Upon Tyne,"Kenneth Baker, John Isaacs, Arthur PRATT",2018-04-05,2019-03-28,2021-02-17,,https://patents.google.com/patent/EP3775283A1/en,
GB-2592355-B,Apparatus and method ,Univ Newcastle,"Earl Scott William Iii, Kay Stuart",2020-02-12,2020-02-12,2022-03-02,2022-03-02,https://patents.google.com/patent/GB2592355B/en,
GB-202300688-D0,Apparatus for a tiled learning processing element and architecture ,Univ Newcastle,,2023-01-17,2023-01-17,2023-03-01,,https://patents.google.com/patent/GB202300688D0/en,
GB-202215652-D0,A method of closed-loop modulation of audio data for neural oscillation suppression or enhancement ,"Univ Newcastle, Rickert Joern",,2022-10-21,2022-10-21,2022-12-07,,https://patents.google.com/patent/GB202215652D0/en,
AU-2017100368-A4,Methods for improving cerebrovascular function and cognition in peri- and post-menopausal women ,The University Of Newcastle,"Peter Howe, Rachel Wong",2016-09-23,2017-03-31,2017-05-18,2017-05-18,https://patents.google.com/patent/AU2017100368A4/en,
GB-202213114-D0,Microfluidic cell ,Univ Newcastle,,2022-09-08,2022-09-08,2022-10-26,,https://patents.google.com/patent/GB202213114D0/en,
GB-202209611-D0,Preventing disease recurrence in Mitochondrial replacement therapy ,Univ Newcastle,,2022-06-30,2022-06-30,2022-08-17,,https://patents.google.com/patent/GB202209611D0/en,
AU-2022100023-B4,"Apparatus, System and Method for Lifting a Conveyor Belt ","The University Of Newcastle, Ts Global Pty Ltd","Ilic DUSAN, Graham Dean Holford, Craig Anthony Wheeler, Jason Tom Willis",2019-12-02,2022-02-02,2022-05-05,2022-05-05,https://patents.google.com/patent/AU2022100023B4/en,
GB-202112705-D0,Prostrate cancer biomarkers ,Univ Newcastle,,2019-11-29,2020-06-22,2021-10-20,,https://patents.google.com/patent/GB202112705D0/en,
GB-201522453-D0,Inhibitor compounds ,Univ Newcastle,,2015-12-18,2015-12-18,2016-02-03,,https://patents.google.com/patent/GB201522453D0/en,
GB-201506317-D0,Hepatocyte-like cells and related cell lines ,Univ Newcastle,,2015-04-14,2015-04-14,2015-05-27,,https://patents.google.com/patent/GB201506317D0/en,
GB-201504796-D0,Apparatus and method for measurement of bilirubin ,Univ Newcastle,,2015-03-20,2015-03-20,2015-05-06,,https://patents.google.com/patent/GB201504796D0/en,
GB-202206352-D0,Purified mucus ,"Aelius Biotech Ltd, Univ Newcastle",,2022-04-29,2022-04-29,2022-06-15,,https://patents.google.com/patent/GB202206352D0/en,
GB-201504794-D0,Apparatus and method for measurement of protein concentration ,Univ Newcastle,,2015-03-20,2015-03-20,2015-05-06,,https://patents.google.com/patent/GB201504794D0/en,
GB-202205761-D0,Verifying the identity of a sensor and/or device ,Univ Newcastle,,2022-04-20,2022-04-20,2022-06-01,,https://patents.google.com/patent/GB202205761D0/en,
GB-201500644-D0,Inhibitor compounds ,Univ Newcastle,,2015-01-15,2015-01-15,2015-03-04,,https://patents.google.com/patent/GB201500644D0/en,
EP-3645747-A4,Methods for diagnosing inflammatory phenotypes of chronic obstructive pulmonary disease ,"The University of Newcastle, Hunter New England Local Health District","Peter G. Gibson, Katherine J. BAINES",2017-06-26,2018-06-26,2021-06-23,,https://patents.google.com/patent/EP3645747A4/en,
GB-201414968-D0,Cell assay ,Univ Newcastle,,2014-08-22,2014-08-22,2014-10-08,,https://patents.google.com/patent/GB201414968D0/en,
GB-201414895-D0,Apparatus and method for remote monitoring of a medical condition ,Univ Newcastle Upon Tyne The And Fraunhofer Ges Zur F�;Rderung Der Angewandten Forschung E V,,2014-08-21,2014-08-21,2014-10-08,,https://patents.google.com/patent/GB201414895D0/en,
GB-201409928-D0,Antibotic screen ,Univ Newcastle,,2014-06-04,2014-06-04,2014-07-16,,https://patents.google.com/patent/GB201409928D0/en,
GB-202204595-D0,Methods dor determining mitochondrial DNA damage ,Univ Newcastle,,2022-03-30,2022-03-30,2022-05-11,,https://patents.google.com/patent/GB202204595D0/en,
GB-202204100-D0,Three-dimensional object shape acquisition characterisation and classification ,Univ Newcastle,,2022-03-23,2022-03-23,2022-05-04,,https://patents.google.com/patent/GB202204100D0/en,
GB-202203317-D0,Coating formulation ,Univ Newcastle,,2022-03-10,2022-03-10,2022-04-27,,https://patents.google.com/patent/GB202203317D0/en,
EP-2961837-A2,Cells and methods for fatty acid synthesis ,University Of Newcastle Upon Tyne,"Jeff ERRINGTON, Yoshikazu Kawai, Roman MERCIER",2013-02-27,2014-02-27,2016-01-06,,https://patents.google.com/patent/EP2961837A2/en,
GB-202119085-D0,Sodium air battery ,Univ Newcastle,,2021-12-29,2021-12-29,2022-02-09,,https://patents.google.com/patent/GB202119085D0/en,
GB-201407845-D0,Methods for the identification and prognosis of rheumatoid arthritis (RA) using constitutive expression levels of phosphorylated signal transduction ,Univ Newcastle,,2014-05-02,2014-05-02,2014-06-18,,https://patents.google.com/patent/GB201407845D0/en,
GB-202117796-D0,Indicating a validity of an input sample ,Univ Newcastle,,2021-12-09,2021-12-09,2022-01-26,,https://patents.google.com/patent/GB202117796D0/en,
GB-202117664-D0,Electrochemical device monitoring ,Univ Newcastle,,2021-12-07,2021-12-07,2022-01-19,,https://patents.google.com/patent/GB202117664D0/en,
GB-201402788-D0,Expansion method ,"Univ Newcastle, Newcastle Upon Tyne Hospitals",,2014-02-17,2014-02-17,2014-04-02,,https://patents.google.com/patent/GB201402788D0/en,
GB-201322704-D0,Synthesis ,Univ Newcastle,,2013-12-20,2013-12-20,2014-02-05,,https://patents.google.com/patent/GB201322704D0/en,
GB-201322323-D0,Differentiation of human epidermal neural crest stem cells (hEPI-NCSC) into virtually homogenous populations of dopaminergic neurons ,Univ Newcastle,,2013-12-17,2013-12-17,2014-01-29,,https://patents.google.com/patent/GB201322323D0/en,
GB-201321328-D0,Inhibitor compounds ,Univ Newcastle,,2013-12-03,2013-12-03,2014-01-15,,https://patents.google.com/patent/GB201321328D0/en,
GB-201320368-D0,Carbon Storage ,Univ Newcastle,,2013-11-19,2013-11-19,2014-01-01,,https://patents.google.com/patent/GB201320368D0/en,
GB-201314379-D0,Novel target ,Univ Newcastle,,2013-08-12,2013-08-12,2013-09-25,,https://patents.google.com/patent/GB201314379D0/en,
GB-202116350-D0,Agents for treating senescence-associated diseases or disorders ,Univ Newcastle,,2021-11-12,2021-11-12,2021-12-29,,https://patents.google.com/patent/GB202116350D0/en,
GB-202110984-D0,Water quality monitoring method and device ,Univ Newcastle,,2021-07-30,2021-07-30,2021-09-15,,https://patents.google.com/patent/GB202110984D0/en,
GB-201720145-D0,Inhibitor compounds ,Univ Newcastle,,2017-12-04,2017-12-04,2018-01-17,,https://patents.google.com/patent/GB201720145D0/en,
GB-201300529-D0,Recombinant polypeptide ,Univ Newcastle,,2013-01-11,2013-01-11,2013-02-27,,https://patents.google.com/patent/GB201300529D0/en,
GB-201213450-D0,Cell culture devices ,Univ Newcastle,,2012-07-27,2012-07-27,2012-09-12,,https://patents.google.com/patent/GB201213450D0/en,
GB-201210286-D0,Recombinant polypeptide ,Univ Newcastle,,2012-06-11,2012-06-11,2012-07-25,,https://patents.google.com/patent/GB201210286D0/en,
GB-201208591-D0,Video game therapy ,Univ Newcastle,,2012-05-16,2012-05-16,2012-06-27,,https://patents.google.com/patent/GB201208591D0/en,
GB-201205081-D0,Novel target ,Univ Newcastle,,2012-03-22,2012-03-22,2012-05-09,,https://patents.google.com/patent/GB201205081D0/en,
GB-201119951-D0,Directed differentiation of epidermal neural crest stem cells into sensory neurons ,Univ Newcastle,,2011-11-18,2011-11-18,2012-01-04,,https://patents.google.com/patent/GB201119951D0/en,
GB-201112559-D0,Methods and materials for modulating cellular chloride levels ,"Univ Newcastle, Alfonso Hannah",,2011-07-21,2011-07-21,2011-08-31,,https://patents.google.com/patent/GB201112559D0/en,
GB-201111126-D0,System for the self-monitoring and regulation of blood glucose ,Univ Newcastle,,2011-06-30,2011-06-30,2011-08-10,,https://patents.google.com/patent/GB201111126D0/en,
GB-201108818-D0,Signature for the early diagnosis of seronegative ra ,Univ Newcastle,,2011-05-25,2011-05-25,2011-07-06,,https://patents.google.com/patent/GB201108818D0/en,
GB-201104513-D0,Self-monitoring device for blood glucose regulation ,Univ Newcastle,,2011-03-17,2011-03-17,2011-05-04,,https://patents.google.com/patent/GB201104513D0/en,
GB-201104118-D0,Novel target ,Univ Newcastle,,2011-03-11,2011-03-11,2011-04-27,,https://patents.google.com/patent/GB201104118D0/en,
GB-201102563-D0,CD4+T-cell gene signature for RA ,Univ Newcastle,,2011-02-14,2011-02-14,2011-03-30,,https://patents.google.com/patent/GB201102563D0/en,
GB-202107754-D0,Screening for the effects of complement protein changes ,Univ Newcastle,,2021-05-31,2021-05-31,2021-07-14,,https://patents.google.com/patent/GB202107754D0/en,
GB-201100023-D0,Immunogenic compositions for the prevention and/or treatment of human metapneumovirus (hmpv) ,Univ Newcastle,,2011-01-04,2011-01-04,2011-02-16,,https://patents.google.com/patent/GB201100023D0/en,
GB-201020251-D0,Human epidermal neural crest stem cells (hEPI-NCSC) - Characterisation and directed differentiation into bone cells ,Univ Newcastle,,2010-11-30,2010-11-30,2011-01-12,,https://patents.google.com/patent/GB201020251D0/en,
GB-202103343-D0,Micellar catalysis ,Univ Newcastle,,2021-03-11,2021-03-11,2021-04-28,,https://patents.google.com/patent/GB202103343D0/en,
GB-202100565-D0,Wall shear stress sensor and system ,Univ Newcastle,,2021-01-15,2021-01-15,2021-03-03,,https://patents.google.com/patent/GB202100565D0/en,
GB-201017798-D0,Nlec as an inhibitor of NFKB activity ,Univ Newcastle,,2010-10-21,2010-10-21,2010-12-01,,https://patents.google.com/patent/GB201017798D0/en,
GB-202100564-D0,Wall shear stress sensor ,Univ Newcastle,,2021-01-15,2021-01-15,2021-03-03,,https://patents.google.com/patent/GB202100564D0/en,
GB-201013895-D0,Directed differentiation of human epidermal neural crest stem cells ,Univ Newcastle,,2010-08-19,2010-08-19,2010-10-06,,https://patents.google.com/patent/GB201013895D0/en,
GB-202019062-D0,Bone cement pressuriser ,Univ Newcastle,,2020-12-03,2020-12-03,2021-01-20,,https://patents.google.com/patent/GB202019062D0/en,
GB-202018320-D0,Methods of producing recombinant complement proteins ,Univ Newcastle,,2020-11-20,2020-11-20,2021-01-06,,https://patents.google.com/patent/GB202018320D0/en,
GB-202015772-D0,Pngase enzymes ,Univ Newcastle,,2020-10-05,2020-10-05,2020-11-18,,https://patents.google.com/patent/GB202015772D0/en,
GB-201008440-D0,Directed differentiation of human epidermal neural crest stem cells ,Univ Newcastle,,2010-05-20,2010-05-20,2010-07-07,,https://patents.google.com/patent/GB201008440D0/en,
GB-202012630-D0,"Method, apparatus and machine-readable instructions for predicting a response to surgery ",Univ Newcastle,,2020-08-13,2020-08-13,2020-09-30,,https://patents.google.com/patent/GB202012630D0/en,
GB-201003738-D0,Micro-organism of the class bacilli and method of producing a micro-organism ,Univ Newcastle,,2010-03-05,2010-03-05,2010-04-21,,https://patents.google.com/patent/GB201003738D0/en,
GB-202012451-D0,Biomarkers in primary biliary cholangitis ,Univ Newcastle,,2020-08-11,2020-08-11,2020-09-23,,https://patents.google.com/patent/GB202012451D0/en,
GB-201000618-D0,Fusion bonding of structural t-joints for thermoplastic boats ,Univ Newcastle,,2010-01-15,2010-01-15,2010-03-03,,https://patents.google.com/patent/GB201000618D0/en,
GB-202011537-D0,Compounds ,Univ Newcastle,,2020-07-24,2020-07-24,2020-09-09,,https://patents.google.com/patent/GB202011537D0/en,
GB-202008651-D0,Method of identifying complement modulators ,Univ Newcastle,,2020-06-09,2020-06-09,2020-07-22,,https://patents.google.com/patent/GB202008651D0/en,
EP-3589749-A4,Markers of tissue aging and uses therefor ,The University of Newcastle,"Roger Smith, Kaushik MAITI",2017-03-03,2018-03-02,2020-12-30,,https://patents.google.com/patent/EP3589749A4/en,
GB-202001285-D0,Novel tissues and methods of making the same ,Univ Newcastle,,2020-01-30,2020-01-30,2020-03-18,,https://patents.google.com/patent/GB202001285D0/en,
GB-2602300-A,Gyroscopes ,Univ Newcastle,"Stonehouse Burdess James, John Gallacher Barry",2020-12-22,2020-12-22,2022-06-29,,https://patents.google.com/patent/GB2602300A/en,
GB-201605369-D0,TALEN-based genetic manipulation ,Univ Newcastle,,2016-03-30,2016-03-30,2016-05-11,,https://patents.google.com/patent/GB201605369D0/en,
GB-201601008-D0,Optogentic modulation ,Univ Newcastle,,2016-01-19,2016-01-19,2016-03-02,,https://patents.google.com/patent/GB201601008D0/en,
GB-201612244-D0,Co2 decomposition ,Univ Newcastle,,2016-07-14,2016-07-14,2016-08-31,,https://patents.google.com/patent/GB201612244D0/en,
GB-201621619-D0,Inhibitor compounds ,Univ Newcastle,,2016-12-19,2016-12-19,2017-02-01,,https://patents.google.com/patent/GB201621619D0/en,
GB-201707113-D0,Biomarker ,Univ Newcastle,,2017-05-04,2017-05-04,2017-06-21,,https://patents.google.com/patent/GB201707113D0/en,
GB-201918167-D0,Collagen production ,Univ Newcastle,,2019-12-11,2019-12-11,2020-01-22,,https://patents.google.com/patent/GB201918167D0/en,
GB-201909258-D0,Her2 Gene Splice variants ,Univ Newcastle,,2019-06-24,2019-06-27,2019-08-14,,https://patents.google.com/patent/GB201909258D0/en,
GB-201908518-D0,Methods of producing supramolecular structures ,Univ Newcastle,,2019-06-13,2019-06-13,2019-07-31,,https://patents.google.com/patent/GB201908518D0/en,
EP-3720596-A1,Method of increasing particulate size ,University of Newcastle Upon Tyne,"Adam Harvey, Kui Zhang",2017-12-04,2018-12-04,2020-10-14,,https://patents.google.com/patent/EP3720596A1/en,
EP-3717683-A1,Carbon fibre ,The University of Newcastle,"Rohan Stanger, John Lucas, Terry Wall",2017-12-01,2018-11-29,2020-10-07,,https://patents.google.com/patent/EP3717683A1/en,
GB-201905179-D0,Osteochondral implant ,Univ Newcastle,,2019-04-11,2019-04-11,2019-05-29,,https://patents.google.com/patent/GB201905179D0/en,
GB-201902248-D0,Denitrifying downflow wastewater treatment apparatus and method ,Univ Newcastle,,2019-02-19,2019-02-19,2019-04-03,,https://patents.google.com/patent/GB201902248D0/en,
GB-201820960-D0,Limbal stem cell deficiency ,Univ Newcastle,,2018-12-21,2018-12-21,2019-02-06,,https://patents.google.com/patent/GB201820960D0/en,
GB-201814807-D0,Dementia Biomarkers ,Univ Newcastle,,2018-09-12,2018-09-12,2018-10-24,,https://patents.google.com/patent/GB201814807D0/en,
EP-3582679-A1,On-chip random id generation ,University of Newcastle Upon Tyne,"Timothy Constandinou, Sara GHOREISHIZADEH",2017-02-17,2018-02-15,2019-12-25,,https://patents.google.com/patent/EP3582679A1/en,
GB-201807367-D0,Biomarker ,Univ Newcastle,,2018-05-04,2018-05-04,2018-06-20,,https://patents.google.com/patent/GB201807367D0/en,
GB-201720691-D0,Automated method and system ,Univ Newcastle,,2017-12-12,2017-12-12,2018-01-24,,https://patents.google.com/patent/GB201720691D0/en,
GB-201720693-D0,Drape and apparatus comprising a crape ,Univ Newcastle,,2017-12-12,2017-12-12,2018-01-24,,https://patents.google.com/patent/GB201720693D0/en,
GB-201720690-D0,Container unit ,Univ Newcastle,,2017-12-12,2017-12-12,2018-01-24,,https://patents.google.com/patent/GB201720690D0/en,
GB-201720689-D0,Storage apparatus ,Univ Newcastle,,2017-12-12,2017-12-12,2018-01-24,,https://patents.google.com/patent/GB201720689D0/en,
WO-2017035581-A1,An apparatus and method for cleaning a conveyor belt ,The University Of Newcastle,"Kenneth C WILLIAMS, Nicolas WEIGHTMAN, Wei Chen",2015-08-28,2016-08-29,2017-03-09,,https://patents.google.com/patent/WO2017035581A1/en,
WO-2011030166-A9,The use of lipid emulsions for binding hepatitis c virus ,University Of Newcastle Upon Tyne,"Maggie Bassendine, Muriel Caslake, Chris Packard, Daniel Jeffrey Felmlee, Geoffrey Leonard Toms, David Anthony Sheridan, Simon Harwood Bridge, Robert Dermot Garmany Neely",2009-09-11,2010-09-13,2011-06-23,,https://patents.google.com/patent/WO2011030166A9/en,
WO-2011048419-A3,Electrically conductive dna polymer hybrid and method of manufacture ,University Of Newcastle Upon Tyne,"Andrew R. Pike, Benjamin R. Horrocks, Andrew Houlton",2009-10-21,2010-10-21,2011-06-30,,https://patents.google.com/patent/WO2011048419A3/en,
WO-2020077394-A1,Insert for shoes ,"The University Of Newcastle, Cobond Material Solutions Pty Ltd","Andrea Coda, Prateek Rangra, Scott VAN EPEN",2018-10-15,2019-10-14,2020-04-23,,https://patents.google.com/patent/WO2020077394A1/en,
WO-2021195706-A1,New dynamin inhibitors and uses ,"Children's Medical Research Institute, The University Of Newcastle","David Almeida CARDOSO, Adam Mccluskey, Phillip James Robinson",2020-03-31,2021-03-31,2021-10-07,,https://patents.google.com/patent/WO2021195706A1/en,
WO-2022170392-A1,Moisture reducing roller conveyor system and method ,The University Of Newcastle,"Kenneth C WILLIAMS, Craig Anthony Wheeler, Michael Carr, Bin Chen, Jie GUO",2021-02-12,2022-02-10,2022-08-18,,https://patents.google.com/patent/WO2022170392A1/en,
WO-2023010175-A1,Carbon nitrides with highly crystalline framework and process for producing same ,The University Of Newcastle,"Ajayan Vinu, Jae-Hun Yang, Mohammed Fawaz PALAKKAT ALIHASSAN",2021-08-04,2022-08-04,2023-02-09,,https://patents.google.com/patent/WO2023010175A1/en,
WO-2011023958-A1,Screening methods ,University Of Newcastle Upon Tyne,"Andrew David Rowan, Timothy Edward Cawston, Jennifer Mary Milner, Torsten Steinmetzer",2009-08-28,2010-08-27,2011-03-03,,https://patents.google.com/patent/WO2011023958A1/en,
GB-202215426-D0,Water based adhesive ,Univ Of Newcastle,,2022-10-19,2022-10-19,2022-11-30,,https://patents.google.com/patent/GB202215426D0/en,
GB-202215227-D0,Composite material ,Univ Of Newcastle,,2022-10-14,2022-10-14,2022-11-30,,https://patents.google.com/patent/GB202215227D0/en,
GB-202218339-D0,Particle sorter ,Univ Of Northumbria At Newcastle,,2022-12-06,2022-12-06,2023-01-18,,https://patents.google.com/patent/GB202218339D0/en,
GB-201720769-D0,Pericyclic reactions ,Univ Of Northumbria At Newcastle,,2017-12-13,2017-12-13,2018-01-24,,https://patents.google.com/patent/GB201720769D0/en,
GB-202217130-D0,Atmospheric water generator ,Univ Of Northumbria At Newcastle,,2022-11-16,2022-11-16,2022-12-28,,https://patents.google.com/patent/GB202217130D0/en,
GB-2576878-B,Object tracking ,Univ Of Northumbria At Newcastle,Erik Holmquist Lars,2018-09-03,2018-09-03,2023-01-25,2023-01-25,https://patents.google.com/patent/GB2576878B/en,
GB-202218636-D0,Patch ,Univ Of Northumbria At Newcastle,,2022-12-12,2022-12-12,2023-01-25,,https://patents.google.com/patent/GB202218636D0/en,
GB-202116594-D0,Plasma-free polymer surface functionalisation method and functionalisd polymers produced thereby ,Univ Of Northumbria At Newcastle,,2021-11-17,2021-11-17,2021-12-29,,https://patents.google.com/patent/GB202116594D0/en,
GB-201814829-D0,Charaterisation method and apparatus ,Univ Of Northumbria At Newcastle,,2018-09-12,2018-09-12,2018-10-24,,https://patents.google.com/patent/GB201814829D0/en,
GB-201814259-D0,Object tracking ,Univ Of Northumbria At Newcastle,,2018-09-03,2018-09-03,2018-10-17,,https://patents.google.com/patent/GB201814259D0/en,
GB-201205564-D0,A method and system for sonifying critical measurements in an environment ,Univ Northumbria Newcastle,,2012-03-29,2012-03-29,2012-05-09,,https://patents.google.com/patent/GB201205564D0/en,
WO-2022150869-A1,Compositions and methods of using nanopharmaceuticals for the sterilization of cats and dogs ,University Of Newcastle,"Robert John Aitken, Lee Brett SMITH",2021-01-13,2021-01-13,2022-07-21,,https://patents.google.com/patent/WO2022150869A1/en,
GB-201214258-D0,Light emitting compounds ,Univ Northumbria Newcastle,,2012-08-09,2012-08-09,2012-09-26,,https://patents.google.com/patent/GB201214258D0/en,
GB-201309420-D0,Light emitting compounds ,Univ Northumbria Newcastle,,2013-05-24,2013-05-24,2013-07-10,,https://patents.google.com/patent/GB201309420D0/en,
GB-201414208-D0,Media analysis ,Univ Northumbria Newcastle,,2014-08-11,2014-08-11,2014-09-24,,https://patents.google.com/patent/GB201414208D0/en,
WO-2022150868-A1,Compositions and methods of using nanopharmaceuticals for the sterilization of cats and dogs ,University Of Newcastle,"Lee Brett SMITH, Robert John Aitken",2021-01-13,2021-01-13,2022-07-21,,https://patents.google.com/patent/WO2022150868A1/en,
GB-202207983-D0,Methods of preparing functional surafces and surfaces prepared thereby ,"Univ Of Northumbria At Newcastle, Univ Edinburgh",,2022-05-30,2022-05-30,2022-07-13,,https://patents.google.com/patent/GB202207983D0/en,
WO-2022150878-A1,Compositions and methods of using targeting peptides and nanopharmaceuticals for the sterilization of cats and dogs ,University Of Newcastle,"Lee Brett SMITH, Robert John Aitken, Barbara Anne FRASER",2021-01-13,2022-01-12,2022-07-21,,https://patents.google.com/patent/WO2022150878A1/en,
