search URL:,https://patents.google.com/?assignee=Univ+Sheffield&after=filing:20100101&language=ENGLISH
id,title,assignee,inventor/author,priority date,filing/creation date,publication date,grant date,result link,representative figure link
US-8432030-B2,Power electronic package having two substrates with multiple semiconductor chips and electronic components ,"Denso Corporation, University Of Cambridge, The University Of Sheffield","Rajesh Kumar Malhan, C Mark JOHNSON, Cyril Buttay, Jeremy Rashid, Florin Udrea",2006-08-29,2011-06-29,2013-04-30,2013-04-30,https://patents.google.com/patent/US8432030B2/en,https://patentimages.storage.googleapis.com/8e/52/84/628545dba833be/US08432030-20130430-D00000.png
US-9087889-B2,Semiconductor devices with 2DEG and 2DHG ,The University Of Sheffield,"Akira Nakajima, Sankara Narayanan Ekkanath Madathil",2010-07-28,2011-06-07,2015-07-21,2015-07-21,https://patents.google.com/patent/US9087889B2/en,https://patentimages.storage.googleapis.com/41/77/27/b836db5e78ea30/US09087889-20150721-D00000.png
EP-2587528-B1,Semiconductor device ,"The University Of Sheffield, Powdec K.k.","Akira Nakajima, Sankara Narayanan Ekkanath Madathil, Yasunobu Sumida, Hiroji Kawai",2010-06-24,2011-06-21,2016-03-30,2016-03-30,https://patents.google.com/patent/EP2587528B1/en,https://patentimages.storage.googleapis.com/e1/fa/d0/336f77cdcfa0f2/imgf0001.png
US-2018000822-A1,Use of RNAI Inhibiting PARP Activity for the Manufacture of a Medicament for the Treatment of Cancer ,The University Of Sheffield,Thomas Helleday,2003-07-25,2017-07-14,2018-01-04,,https://patents.google.com/patent/US20180000822A1/en,https://patentimages.storage.googleapis.com/94/25/df/c64def7432ad9e/US20180000822A1-20180104-D00001.png
US-10520446-B2,Polymer materials ,"Smith & Nephew Plc, University Of Sheffield","John Kenneth Hicks, Stephen Rimmer, Dorothy Mcculloch, Richard Hoskins",2014-07-10,2015-07-03,2019-12-31,2019-12-31,https://patents.google.com/patent/US10520446B2/en,https://patentimages.storage.googleapis.com/f5/fc/65/8e227ca5b82a4d/US10520446-20191231-D00001.png
US-2014283368-A1,Adaptive design of fixture for thin-walled shell/cylindrical components ,The University Of Sheffield,Zunmin Geng,2007-03-06,2014-03-24,2014-09-25,,https://patents.google.com/patent/US20140283368A1/en,https://patentimages.storage.googleapis.com/4b/e9/54/3fd7d983e3ed73/US20140283368A1-20140925-D00000.png
CA-2749020-C,"Plasma microreactor apparatus, sterilisation unit and analyser ","The University Of Sheffield, William Bauer Jay ZIMMERMAN, Jaime Humberto Lozano Parada, Perlemax Ltd","William Bauer Jay ZIMMERMAN, Jaime Humberto Lozano Parada",2009-01-06,2010-01-06,2019-06-25,2019-06-25,https://patents.google.com/patent/CA2749020C/en,
US-2011023611-A1,Self-healing composite material ,The University Of Sheffield,"Frank Jones, Simon A. Hayes",2004-01-09,2010-09-02,2011-02-03,,https://patents.google.com/patent/US20110023611A1/en,https://patentimages.storage.googleapis.com/f1/3a/6c/3ed16837b52e3c/US20110023611A1-20110203-D00001.png
US-9526815-B2,Composite hydrogel-clay particles ,Sheffield Hallam University,"Victoria L. Boyes, Chris Sammon, Christine Lemaitre, Chris Breen",2011-08-23,2012-08-21,2016-12-27,2016-12-27,https://patents.google.com/patent/US9526815B2/en,https://patentimages.storage.googleapis.com/c9/63/c0/50e2352c2bb066/US09526815-20161227-D00001.png
US-2017037259-A1,Electrically conducting pedot sol-gel derived coating ,Sheffield Hallam University,Heming Wang,2014-04-14,2015-04-14,2017-02-09,,https://patents.google.com/patent/US20170037259A1/en,https://patentimages.storage.googleapis.com/b8/a2/4b/bba05fe44ef58b/US20170037259A1-20170209-D00001.png
EP-3262835-B1,Image data compression and decompression using minimize size matrix algorithm ,Sheffield Hallam University,"Marcos Rodrigues, Mohammed SIDDEQ",2015-02-27,2016-02-26,2019-11-20,2019-11-20,https://patents.google.com/patent/EP3262835B1/en,https://patentimages.storage.googleapis.com/14/67/15/35e28779e88590/imgf0001.png
JP-2011224565-A,Recovering metals from soil ,"Usa Government, アメリカ合衆国, Univ Of Maryland, メリーランド大学, Univ Of Sheffield, シェッフィールド大学","Rufus L Chaney, チャニー，ルーフス，エル．, Jay Scott Angle, アンゴー，ジェイ，スコット, Yin-Ming Li, リー，イン−ミング, Alan J M Baker, ベイカー，アラン，ジェイ．，エム．",1998-11-10,2011-05-12,2011-11-10,,https://patents.google.com/patent/JP2011224565A/en,
GB-2516725-B,Neck Orthosis ,"Univ Sheffield, Univ Sheffield Hallam, Sheffield Teaching Hospitals","Alexander Heathcliff Reed, Joseph Langley, Andrew Stanton, Nicola Heron, Christopher Mcdermott",2013-05-09,2014-05-09,2015-10-28,2015-10-28,https://patents.google.com/patent/GB2516725B/en,
EP-2545090-B1,Raft aqueous polymerization of block polymers ,The University Of Sheffield,"Steven P. Armes, Yuting Li",2010-03-10,2011-03-08,2018-07-11,2018-07-11,https://patents.google.com/patent/EP2545090B1/en,https://patentimages.storage.googleapis.com/39/eb/26/fa7610f88a9ced/imgf0001.png
US-10986881-B2,Brassiere with inflatable bladder ,Sheffield Hallam University,"Andrew Lee STANTON, Alexander H. REED, Heidi PROBST",2016-06-21,2017-06-20,2021-04-27,2021-04-27,https://patents.google.com/patent/US10986881B2/en,https://patentimages.storage.googleapis.com/6f/20/ec/1eca218da54ea8/US10986881-20210427-D00000.png
JP-2012044991-A,Antigenic polypeptide ,"Univ Of Sheffield, ユニヴァーシティー  オヴ  シェフィールド, Biosynexus Inc, バイオシネクサス  インコーポレイテッド","Simon Foster, フォスター サイモン, Philip Mcdowell, マックドウェル フィリップ, Kirsty Brummell, ブラメル カースティー, Simon Clarke, クラーク サイモン",2000-06-20,2011-09-07,2012-03-08,,https://patents.google.com/patent/JP2012044991A/en,
WO-2012065117-A3,Oral cancer point of care diagnostics ,"William Marsh Rice University, University Of Texas Health Science Center, University Of Sheffield","John T. Mcdevitt, Pierre N. Floriano, Nicolaos Christodoulides, Martin Thornhill, Spencer Redding, Nadarajah Vigneswaran, Craig Murdoch, Paul Speight",2010-11-12,2011-11-11,2014-04-17,,https://patents.google.com/patent/WO2012065117A3/en,
JP-2021184755-A,Oncolytic herpes simplex virus-infected cells ,"ウイルツ・バイオロジクス・リミテッド, Virttu Biologics Ltd, ザ・ユニバーシティ・オブ・シェフィールド, Univ Of Sheffield","コナー ジョー, Conner Joe, マザナ ムニッタ, Muthana Munitta, ルイス クレア・エリザベス, Elizabeth Lewis Claire",2015-03-13,2021-08-31,2021-12-09,,https://patents.google.com/patent/JP2021184755A/en,https://patentimages.storage.googleapis.com/24/b5/f0/8a9b70e6dc5064/2021184755-12.png
US-9520230-B2,Production method of rare earth magnet ,"Toyota Jidosha Kabushiki Kaisha, Centre National De La Recherche Scientifique, Leibniz Institute For Solid State And Materials Research Dresden, University Of Sheffield","Noritsugu Sakuma, Hidefumi Kishimoto, Akira Kato, Tetsuya Shoji, Dominique Givord, Nora Dempsey, Thomas George Woodcock, Oliver Gutfleisch, Gino Hrkac, Thomas Schrefl",2010-10-25,2011-05-13,2016-12-13,2016-12-13,https://patents.google.com/patent/US9520230B2/en,https://patentimages.storage.googleapis.com/f4/a2/51/1036bb2bc46809/US09520230-20161213-D00000.png
CN-110612106-A,Wound healing medicine ,"谢菲尔德大学, 巴基斯坦信息技术学院","M·亚尔, S·麦克尼尔",2017-03-07,2018-03-07,2019-12-24,,https://patents.google.com/patent/CN110612106A/en,
US-10717095-B2,End effector for a robot ,"Bae Systems Plc, The University Of Sheffield","Martin Knott, Ryan Wesley Diver",2016-02-05,2017-02-02,2020-07-21,2020-07-21,https://patents.google.com/patent/US10717095B2/en,https://patentimages.storage.googleapis.com/ed/dc/b2/63f132a04d7ef3/US10717095-20200721-D00000.png
EP-4000106-A1,Led arrays ,The University of Sheffield,Tao Wang,2019-07-19,2020-07-14,2022-05-25,,https://patents.google.com/patent/EP4000106A1/en,
GB-2486369-A,Method and apparatus for retrieving a phase of a wavefield ,Univ Sheffield,Fucai Zhang,2009-09-15,2010-09-10,2012-06-13,,https://patents.google.com/patent/GB2486369A/en,
US-2013008678-A1,"Remote confined-space machining, and positioning and securing arrangement ",The University Of Sheffield,Garth Martyn John NICHOLSON,2009-08-07,2012-09-14,2013-01-10,,https://patents.google.com/patent/US20130008678A1/en,https://patentimages.storage.googleapis.com/d7/d4/0f/e55c6048277838/US20130008678A1-20130110-D00000.png
GB-201917184-D0,Guiding device for a vascular catheter ,Univ Sheffield,,2019-11-26,2019-11-26,2020-01-08,,https://patents.google.com/patent/GB201917184D0/en,
GB-201502460-D0,Parameter estimation and control method and apparatus ,Univ Sheffield,,2015-02-13,2015-02-13,2015-04-01,,https://patents.google.com/patent/GB201502460D0/en,
GB-201107053-D0,Improvements in providing image data ,Univ Sheffield,,2011-04-27,2011-04-27,2011-06-08,,https://patents.google.com/patent/GB201107053D0/en,
US-9309392-B2,Reinforced polymer composites from recycled plastic ,"Qatar University, The University Of Sheffield","Mariam Alali Almaadeed, Nabil Madi, Alma Hodzic, Saravanan Rajendran",2014-07-18,2014-07-18,2016-04-12,2016-04-12,https://patents.google.com/patent/US9309392B2/en,https://patentimages.storage.googleapis.com/27/d8/30/84dcfeeeef0973/US09309392-20160412-D00001.png
GB-201020516-D0,Improvements in providing image data ,Univ Sheffield,,2010-12-03,2010-12-03,2011-01-19,,https://patents.google.com/patent/GB201020516D0/en,
GB-201011640-D0,Radiation detection and method ,Univ Sheffield,,2010-07-12,2010-07-12,2010-08-25,,https://patents.google.com/patent/GB201011640D0/en,
GB-201103657-D0,Semiconductor devices and fabrication methods ,Univ Sheffield,,2011-03-03,2011-03-03,2011-04-13,,https://patents.google.com/patent/GB201103657D0/en,
EP-2925820-A2,So-gel derived coating to inhibit biofouling and corrosion at a substrate ,"Sheffield Hallam University, King Fahd Univ. of Petroleum&Minerals","Jeanette GITTENS, Heming Wang, Robert Akid, Thomas Smith, Rami Khalid SULEIMAN, Mazan Mohammed KHALED",2012-12-03,2013-11-29,2015-10-07,,https://patents.google.com/patent/EP2925820A2/en,
WO-2010094976-A1,Novel use of polymers ,University Of Sheffield,"Stephen Rimmer, Sheila Macneil, Linda Swanson, Charles William Ian Douglas",2009-02-20,2010-02-19,2010-08-26,,https://patents.google.com/patent/WO2010094976A1/en,
US-2019015028-A1,Improvements in and relating to polymer materials ,"Smith & Nephew Plc, University Of Sheffield","John Kenneth Hicks, Richard Hoskins, Stephen Rimmer, Dorothy Mcculloch",2016-01-14,2017-01-13,2019-01-17,,https://patents.google.com/patent/US20190015028A1/en,https://patentimages.storage.googleapis.com/11/e9/40/fbf833e71476e5/US20190015028A1-20190117-D00000.png
WO-2018109447-A1,Neurotoxins ,The University Of Sheffield,"Bazbek Davletov, Charlotte LEESE",2016-12-12,2017-12-11,2018-06-21,,https://patents.google.com/patent/WO2018109447A1/en,
WO-2014140532-A1,Positive expiratory pressure device with electronic monitoring ,Sheffield Hallam University,"Benjamin Wolf Heller, Martin James WILDMAN",2013-03-15,2014-03-06,2014-09-18,,https://patents.google.com/patent/WO2014140532A1/en,
GB-201203711-D0,Anticorrosion sol-gel coating for metal substrate ,Univ Sheffield Hallam,,2012-03-02,2012-03-02,2012-04-18,,https://patents.google.com/patent/GB201203711D0/en,
GB-2480605-B,Respiration monitoring device ,Univ Sheffield Hallam,"Stuart Mcgrath, Reza Saatchi",2010-05-24,2010-05-24,2013-01-16,2013-01-16,https://patents.google.com/patent/GB2480605B/en,
US-2016067264-A1,Medicament and method of diagnosis ,University Of Sheffield,John Newell-Price,2008-11-07,2015-11-13,2016-03-10,,https://patents.google.com/patent/US20160067264A1/en,https://patentimages.storage.googleapis.com/44/8b/c6/35ad6eb2c97c8a/US20160067264A1-20160310-D00001.png
GB-2501530-A,Rheometer and rheometric method ,Univ Sheffield,"William Bauer Jay Zimmerman, Julia Rees",2012-04-29,2012-04-29,2013-10-30,,https://patents.google.com/patent/GB2501530A/en,
US-2016254867-A1,Impact ionization devices under dynamic electric fields ,"Stc.Unm, The University Of Sheffield","Majeed M. Hayat, John P. David, Sanjay Krishna, Luke F. Lester, David A. Ramirez, Payman Zarkesh-Ha",2010-11-05,2016-05-06,2016-09-01,,https://patents.google.com/patent/US20160254867A1/en,https://patentimages.storage.googleapis.com/f1/b3/d4/35e2347a06f93d/US20160254867A1-20160901-D00000.png
WO-2013108024-A1,Aromatic compounds and methods of making the same ,The University Of Sheffield,"Joseph P.A. HARRITY, James D. KIRKHAM, Damien F. CREPIN",2012-01-17,2013-01-16,2013-07-25,,https://patents.google.com/patent/WO2013108024A1/en,
US-2016207948-A1,Phosphohistidine and phosphotyrosine analogues ,University Of Sheffield,"Richard Jackson, Richard Muimo, Matthew Lilley",2013-09-04,2014-09-02,2016-07-21,,https://patents.google.com/patent/US20160207948A1/en,https://patentimages.storage.googleapis.com/89/5d/46/5801d28b48903f/US20160207948A1-20160721-D00001.png
GB-2487672-A,Active sensory augmentation device ,Univ Sheffield,"Anthony Jason Prescott, Thomas Benjamin Mitchinson",2011-01-31,2012-01-31,2012-08-01,,https://patents.google.com/patent/GB2487672A/en,
US-2015311758-A1,Electric machines ,The University Of Sheffield,Jiabin Wang,2012-11-30,2013-11-29,2015-10-29,,https://patents.google.com/patent/US20150311758A1/en,https://patentimages.storage.googleapis.com/69/f3/3f/513b190b099d42/US20150311758A1-20151029-D00000.png
WO-2012168743-A2,Bacteria ,The University Of Sheffield,"Stephen R.P. JAFFÉ, Gregory J.S. FOWLER, Ana G. PEREIRA-MEDRANO, Phillip C. WRIGHT",2011-06-10,2012-06-11,2012-12-13,,https://patents.google.com/patent/WO2012168743A2/en,
WO-2012123693-A1,Method and system for producing prostheses ,"Fripp Design & Research Limited, The University Of Sheffield","Richard Van Noort, Dr Julian YATES, Tom FRIPP, David WILDGOOSE",2011-03-15,2012-03-01,2012-09-20,,https://patents.google.com/patent/WO2012123693A1/en,
EP-2844308-A1,Scaffold ,The University Of Sheffield,"Frederik Claeyssens, Ilida ORTEGA, Sheila Macneil, Anthony Ryan",2012-05-02,2013-05-01,2015-03-11,,https://patents.google.com/patent/EP2844308A1/en,
US-10801027-B2,Inhibitors of SRSF1 to treat neurodegenerative disorders ,University Of Sheffield,"Guillaume Hautbergue, Mimoun Azzouz, Alexander Whitworth, Pamela Shaw",2016-06-01,2017-05-30,2020-10-13,2020-10-13,https://patents.google.com/patent/US10801027B2/en,https://patentimages.storage.googleapis.com/3a/e1/e7/9ad89f6ed31787/US10801027-20201013-D00001.png
WO-2017121984-A1,Photoactive polymer-perovskite composite materials ,Sheffield Hallam University,Heming Wang,2016-01-12,2016-12-22,2017-07-20,,https://patents.google.com/patent/WO2017121984A1/en,
US-10280197-B2,Discovery of the first selective C5A receptor 2 (C5L2/C5AR2) ligands ,"The Regents Of The University Of California, The Texas A & M University System, The University Of Queensland, The University Of Sheffield","Dimitrios Monikis, Christodoulos Floudas, Trent WOODRUFF, Matthew A. Cooper, Daniel E. Croker, Peter N. Monk",2015-10-16,2016-10-17,2019-05-07,2019-05-07,https://patents.google.com/patent/US10280197B2/en,https://patentimages.storage.googleapis.com/85/8c/ea/e8511603bfa678/US10280197-20190507-D00001.png
US-2021108173-A1,Method for producing otic progenitors ,The University Of Sheffield,"Carlos Marcelo Nicolas RIVOLTA, Darrell Michael BARROTT",2015-03-31,2020-10-21,2021-04-15,,https://patents.google.com/patent/US20210108173A1/en,https://patentimages.storage.googleapis.com/39/54/9c/ab1437f3c0b3cf/US20210108173A1-20210415-D00000.png
HK-1169854-A1,Improvements to matrix assisted laser desorption ionisation mass spectrometry imaging (maldi-msi) ,Univ Sheffield Hallam,"Leesa Susanne Ferguson, Rosalind Wolstenholme, Simona Francese",2011-03-09,2012-10-16,2013-02-08,,https://patents.google.com/patent/HK1169854A1/en,
WO-2011030156-A3,Collection of electromagnetic radiation emitted from particle-irradiated samples ,University Of Sheffield,Thomas Walther,2009-09-10,2010-09-10,2011-05-05,,https://patents.google.com/patent/WO2011030156A3/en,
EP-2991793-A1,Mill turn machine ,The University Of Sheffield,"Matthew FARNSWORTH, Adam Brown, Daniel James Smith",2013-04-29,2014-04-29,2016-03-09,,https://patents.google.com/patent/EP2991793A1/en,
EP-2981268-A1,Therapeutic uses of bisphosphonates ,The University Of Sheffield,"Robert Graham Goodwin Russell, Ilaria BELLANTUONO",2013-04-02,2014-04-01,2016-02-10,,https://patents.google.com/patent/EP2981268A1/en,
US-2017088851-A1,Methods for improving abiotic stress response ,"The Regents Of The University Of California, The University Of Nottingham, The University Of Sheffield","Julia Baily-Serres, Michael Holdsworth, Julie Gray",2011-10-21,2016-08-05,2017-03-30,,https://patents.google.com/patent/US20170088851A1/en,https://patentimages.storage.googleapis.com/38/cc/f9/eac785216aee19/US20170088851A1-20170330-D00001.png
US-2021113534-A1,Compounds ,The University Of Sheffield,"Gareth Richards, Timothy M. Skerry, Joseph P.A. Harrity, Jean-Olivier Zirimwabagabo, Matthew J. Tozer, Karl Richard Gibson, Roderick Alan Porter, Paul Matthew Blaney, Paul Alan Glossop",2017-05-17,2018-05-16,2021-04-22,,https://patents.google.com/patent/US20210113534A1/en,
JP-2015141951-A,semiconductor light-emitting element ,"株式会社Ｑｄレーザ, Qd Laser Inc, ユニバーシティー オブ シェフィールド, Univ Of Sheffield, ユニバーシティー  オブ  シェフィールド","研一 西, Kenichi Nishi, 研一 西, 健生 影山, Tatsuo Kageyama, 健生 影山, 武政　敬三, Keizo Takemasa, 敬三 武政, 菅原　充, Mitsuru Sugawara, 充 菅原, ホッグ リチャード, Hogg Richard, ホッグ リチャード, チェン シミン, Shi-Ming Chen, チェン シミン",2014-01-27,2014-01-27,2015-08-03,,https://patents.google.com/patent/JP2015141951A/en,https://patentimages.storage.googleapis.com/2f/7f/68/74e5c79a1b1789/2015141951-6.png
US-2021013357-A1,Photodiode ,"University College Cardiff Consultants Limited, The Regents Of The University Of California, University Of Sheffield","Baolai Liang, Shiyu Xie, Diana Lynne Huffaker, John Paul Raj DAVID, Chee Hing Tan",2019-07-08,2019-07-08,2021-01-14,,https://patents.google.com/patent/US20210013357A1/en,https://patentimages.storage.googleapis.com/db/55/e8/11f7acbe6fe751/US20210013357A1-20210114-D00000.png
WO-2012028874-A1,Cytotoxic luminescent metal complexes ,University Of Sheffield,"Jim A. Thomas, Carl Smythe",2010-09-01,2011-08-31,2012-03-08,,https://patents.google.com/patent/WO2012028874A1/en,
WO-2011148157-A3,Method of machining hard material with a minimum of chip segmentation chatter ,The University Of Sheffield,"Christopher Martin Taylor, Neil David Sims",2010-05-27,2011-05-19,2012-01-19,,https://patents.google.com/patent/WO2011148157A3/en,
EP-3183544-B1,Deriving contact stress or contact load using ultrasound data ,The University Of Sheffield,"Robin MILLS, Robert DWYER-JOYCE, Andrew Hunter, Wenqu Chen",2014-08-22,2015-07-22,2021-05-19,2021-05-19,https://patents.google.com/patent/EP3183544B1/en,https://patentimages.storage.googleapis.com/0b/d8/64/77bd96a6d25267/imgf0001.png
WO-2018162919-A1,Titanium alloys ,"Ilika Technologies Limited, University Of Sheffield","Audrey COOPER, Sergey YAKOLEV, Ranjit KAUR, Thomas CARPY, Iain Todd",2017-03-10,2018-03-09,2018-09-13,,https://patents.google.com/patent/WO2018162919A1/en,
WO-2011098807-A1,Apparatus and Method for Aerodynamic Drag Reduction ,The University Of Sheffield,Ning Qin,2010-02-11,2011-02-09,2011-08-18,,https://patents.google.com/patent/WO2011098807A1/en,
WO-2019166087-A1,Implantable nerve guidance conduit for nerve repair ,"Fundación Tekniker, The University of Westminster, The University Of Sheffield, Servicio De Salud De Castilla La Mancha","Santos MERINO ÁLVAREZ, Iban QUINTANA FERNÁNDEZ, María del Carmen MÁRQUEZ POSADAS, Xabier MENDIBIL BLASCO, Xabier BAZÁN GOÑI, Ruth DÍEZ AHEDO, Ipsita Roy, Pooja BASNETT, Rinat Nigmatullin, Barbara LUKASIEWICZ, John William HAYCOCK, Frederik Claeyssens, Colin SHERBORNE, Adam GLEN, Caroline TAYLOR, Francisco Javier RODRÍGUEZ MUÑOZ, Francisco Jesús GONZÁLEZ PÉREZ",2018-02-28,2018-02-28,2019-09-06,,https://patents.google.com/patent/WO2019166087A1/en,
WO-2019220136-A1,Hydrogel compositions ,"L V Prasad Eye Institute, University Of Bradford, University Of Sheffield","Prashant Garg, Stephen Rimmer, Charles William Ian DOUGLAS",2018-05-17,2019-05-17,2019-11-21,,https://patents.google.com/patent/WO2019220136A1/en,
WO-2016027086-A1,Respiration monitoring apparatus ,"Sheffield Hallam University, Sheffield Children's Nhs Foundation Trust","John Travis, Reza Saatchi, Ben Hughes, Anthony Jones, Alan HOLLOWAY",2014-08-20,2015-08-19,2016-02-25,,https://patents.google.com/patent/WO2016027086A1/en,
US-10300065-B2,Method of treating or prevention of atherothrombotic events in patients with history of myocardial infarction ,Astrazeneca Ab,"Lars Magnus ANDERSSON, Tomas Lars-Gunnar ANDERSSON, Olof Fredrik BENGTSSON, Hans Peter HELD, Garnet Edward Howells, Eva Christina JENSEN, Robert Storey",2015-01-27,2016-01-27,2019-05-28,2019-05-28,https://patents.google.com/patent/US10300065B2/en,https://patentimages.storage.googleapis.com/0b/0a/1e/bfe8ed15236198/US10300065-20190528-D00001.png
AU-2012330932-B2,Pulmonary hypertension ,The University Of Sheffield,Allan LAWRIE,2011-11-01,2012-10-23,2017-08-31,2017-08-31,https://patents.google.com/patent/AU2012330932B2/en,
EP-3837699-A1,Volumetric blood flow ,The University of Sheffield,"Paul Morris, Julian Gunn, David Rodney Hose, Patricia LAWFORD",2018-08-13,2019-08-08,2021-06-23,,https://patents.google.com/patent/EP3837699A1/en,
GB-202012750-D0,Foam stabilisation ,Univ Sheffield,,2020-08-14,2020-08-14,2020-09-30,,https://patents.google.com/patent/GB202012750D0/en,
GB-201604231-D0,Normally-off transistors ,Univ Sheffield,,2016-03-11,2016-03-11,2016-04-27,,https://patents.google.com/patent/GB201604231D0/en,
GB-201703137-D0,Methods and systems for producing three dimensional objects ,Univ Sheffield,,2017-02-27,2017-02-27,2017-04-12,,https://patents.google.com/patent/GB201703137D0/en,
GB-201112119-D0,Method and apparatus for position determination ,Univ Sheffield,,2011-07-14,2011-07-14,2011-08-31,,https://patents.google.com/patent/GB201112119D0/en,
GB-201310295-D0,Transistor ,Univ Sheffield,,2013-06-10,2013-06-10,2013-07-24,,https://patents.google.com/patent/GB201310295D0/en,
GB-2507351-A,Identification tag for modulating and returning an incident RF signal ,"Bae Systems Plc, Univ Sheffield","James Christopher Gordon Matthews, Alan Tennant",2012-10-26,2012-10-26,2014-04-30,,https://patents.google.com/patent/GB2507351A/en,
GB-201818651-D0,Compounds ,Univ Sheffield,,2018-11-15,2018-11-15,2019-01-02,,https://patents.google.com/patent/GB201818651D0/en,
US-10150946-B2,Media for stem cells ,The University Of Sheffield,"Irene Canton, Steven Peter Armes, Nicholas John Warren, Harry Moore, Giuseppe BATTAGLIA, Denis Cecchin",2013-02-21,2014-02-21,2018-12-11,2018-12-11,https://patents.google.com/patent/US10150946B2/en,https://patentimages.storage.googleapis.com/6d/31/9d/78a22f1f5f015d/US10150946-20181211-D00001.png
ES-2527942-T3,Brackets ,The University Of Sheffield,"Sheila Macneil, Anthony Ryan",2009-03-11,2010-03-10,2015-02-02,2015-02-02,https://patents.google.com/patent/ES2527942T3/en,
GB-201109812-D0,Ceramic dental restoration material ,Univ Sheffield,,2011-06-11,2011-06-11,2011-07-27,,https://patents.google.com/patent/GB201109812D0/en,
GB-201421818-D0,Manufacture of metal articles ,Univ Sheffield,,2014-12-08,2014-12-08,2015-01-21,,https://patents.google.com/patent/GB201421818D0/en,
GB-201108529-D0,Contrast agents for biophotonic imaging ,Univ Sheffield,,2011-05-20,2011-05-20,2011-07-06,,https://patents.google.com/patent/GB201108529D0/en,
EP-2601264-A1,"Light reflective, self-assembling block copolymer film or coating, methods for their preparation and use thereof ",The University Of Sheffield,"John Patrick Anthony Fairclough, Andrew Pryke, Nadejda Tzokova, Andrew Parnell, Oleksandr Mykhaylyk",2010-08-06,2011-08-05,2013-06-12,,https://patents.google.com/patent/EP2601264A1/en,
EP-3864699-A1,Led arrays ,The University of Sheffield,Tao Wang,2018-10-09,2019-10-08,2021-08-18,,https://patents.google.com/patent/EP3864699A1/en,
GB-201111826-D0,Broadband optical device structure and method of fabrication thereof ,Univ Sheffield,,2011-07-11,2011-07-11,2011-08-24,,https://patents.google.com/patent/GB201111826D0/en,
US-2019000388-A1,Apparatus and methods for determining force applied to the tip of a probe ,The University Of Sheffield,"Dilichukwu ANUMBA, Timothy James Healey",2015-12-22,2016-12-21,2019-01-03,,https://patents.google.com/patent/US20190000388A1/en,https://patentimages.storage.googleapis.com/9e/29/d0/7a1b2434183b82/US20190000388A1-20190103-D00000.png
GB-201201927-D0,Wheelchair ,Univ Sheffield,,2012-02-03,2012-02-03,2012-03-21,,https://patents.google.com/patent/GB201201927D0/en,
ES-2866939-T3,Apparatus and method for determining the electrical conductivity of tissue ,Univ Sheffield,"Brian Brown, Dilichukwu Anumba",2015-12-22,2016-12-21,2021-10-20,2021-10-20,https://patents.google.com/patent/ES2866939T3/en,
US-2018372695-A1,Continuous wave ultrasound for analysis of a surface ,The University Of Sheffield,"Robin MILLS, Robert S. DWYER-JOYCE, Matthew Marshall",2015-12-22,2016-12-21,2018-12-27,,https://patents.google.com/patent/US20180372695A1/en,https://patentimages.storage.googleapis.com/37/a5/f2/d2e008a9c3ca19/US20180372695A1-20181227-D00000.png
US-2018214613-A1,Medical implant ,The University Of Sheffield,"Aileen Crawford-Corrie, David John Buttle, John William Haycock",2015-07-24,2016-07-25,2018-08-02,,https://patents.google.com/patent/US20180214613A1/en,https://patentimages.storage.googleapis.com/a9/31/97/c89ac99f5e1864/US20180214613A1-20180802-D00001.png
US-2022265635-A1,Treatment of neurological disease ,"Aclipse One Inc., The University Of Sheffield","Richard James Mead, Pamela Jean Shaw, Claude Ogoe, Ning Shan, Laura FERRAIUOLO",2018-10-19,2019-10-18,2022-08-25,,https://patents.google.com/patent/US20220265635A1/en,https://patentimages.storage.googleapis.com/4c/24/74/23020df22a0746/US20220265635A1-20220825-D00000.png
US-2012146068-A1,Semiconductor Light Source and Method of Fabrication Thereof ,The University Of Sheffield,"Kristian Groom, Richard Hogg",2009-06-10,2010-06-09,2012-06-14,,https://patents.google.com/patent/US20120146068A1/en,https://patentimages.storage.googleapis.com/9f/ed/a1/f42cc59d3b99e3/US20120146068A1-20120614-D00000.png
EP-2224237-A2,Resonant inspection using reconfigurable nest ,"The Boeing Company, The University of Sheffield","David P. Heck, Adrian Allen",2009-02-25,2010-02-23,2010-09-01,,https://patents.google.com/patent/EP2224237A2/en,https://patentimages.storage.googleapis.com/3e/61/eb/3ab38ed851413f/imgf0001.png
GB-201215939-D0,Method of preparing monomers ,Univ Sheffield,,2012-09-06,2012-09-06,2012-10-24,,https://patents.google.com/patent/GB201215939D0/en,
GB-201216088-D0,A trepanning tool with a retention mechanism ,Univ Sheffield,,2012-09-10,2012-09-10,2012-10-24,,https://patents.google.com/patent/GB201216088D0/en,
US-11345064-B2,Hollow part manufacture ,"Mclaren Automotive Limited, The University Of Sheffield","Claudio Santoni, Elaine Arnold, Timothy Swait, Mark Laycock",2017-04-21,2018-04-20,2022-05-31,2022-05-31,https://patents.google.com/patent/US11345064B2/en,https://patentimages.storage.googleapis.com/07/a0/df/f50ae72614d3fd/US11345064-20220531-D00000.png
GB-2499435-A,Production and analysis of depth-resolved electromagnetic signals ,Univ Sheffield,Stephen J Matcher,2012-02-17,2012-02-17,2013-08-21,,https://patents.google.com/patent/GB2499435A/en,
EP-3183785-A1,Improved laser structure ,The University Of Sheffield,"Richard James Edward TAYLOR, David T D CHILDS, Richard Hogg",2014-08-22,2015-08-21,2017-06-28,,https://patents.google.com/patent/EP3183785A1/en,
EP-2672990-A1,Antigenic gly1 polypeptide ,The University Of Sheffield,Jon Sayers,2011-02-08,2012-02-07,2013-12-18,,https://patents.google.com/patent/EP2672990A1/en,
GB-2554393-A,Tuneable laser ,Univ Sheffield,Leslie Kennedy Kenneth,2016-09-23,2016-09-23,2018-04-04,,https://patents.google.com/patent/GB2554393A/en,
GB-2494169-A,Nuclear magnetic resonance spectroscopy using an excitation RF spectrum with a spectral gap ,Univ Sheffield,"Evgeny Chekhovich, Alexander Tartakovskii",2011-09-01,2011-09-01,2013-03-06,,https://patents.google.com/patent/GB2494169A/en,
AU-2019379839-A1,Heterocyclic spiro-compounds as AM2 receptor inhibitors ,The University Of Sheffield,"Karl Richard Gibson, Paul Alan Glossop, Joseph P.A. HARRITY, Roderick Alan Porter, Gareth Richards, Timothy M. Skerry, Matthew J. Tozer, Jean-Olivier ZIRIMWABAGABO",2018-11-15,2019-11-15,2021-06-10,,https://patents.google.com/patent/AU2019379839A1/en,
GB-201807565-D0,Scaffolds ,Univ Sheffield,,2018-05-09,2018-05-09,2018-06-20,,https://patents.google.com/patent/GB201807565D0/en,
GB-201102091-D0,Antigenic polypeptide ,Univ Sheffield,,2011-02-08,2011-02-08,2011-03-23,,https://patents.google.com/patent/GB201102091D0/en,
GB-201217313-D0,Block copolymer synthesis ,Univ Sheffield,,2012-09-27,2012-09-27,2012-11-14,,https://patents.google.com/patent/GB201217313D0/en,
GB-201008349-D0,Avalanche photodiode structure and method ,Univ Sheffield,,2010-05-19,2010-05-19,2010-07-07,,https://patents.google.com/patent/GB201008349D0/en,
AU-2013288410-B2,Treatment of muscular dystrophy ,The University Of Sheffield,Steven J. WINDER,2012-07-12,2013-07-12,2018-04-19,2018-04-19,https://patents.google.com/patent/AU2013288410B2/en,
GB-201901297-D0,Vehicle ,"Univ Sheffield, Consequential Robotics Ltd",,2019-01-30,2019-01-30,2019-03-20,,https://patents.google.com/patent/GB201901297D0/en,
GB-2509701-A,Optical switch arrangement for a time modulated antenna array ,"Bae Systems Plc, Univ Sheffield","Alan Tennant, James Christopher Gordon Matthews",2012-12-11,2012-12-11,2014-07-16,,https://patents.google.com/patent/GB2509701A/en,
EP-3510435-A1,Apparatus and method for producing thermal image data ,The University Of Sheffield,Jonathan Raffe WILLMOTT,2016-09-09,2017-09-08,2019-07-17,,https://patents.google.com/patent/EP3510435A1/en,
EP-3609913-A2,Parathyroid hormone fusion polypeptide ,The University Of Sheffield,"Ian Wilkinson, Richard Ross",2017-04-28,2018-04-27,2020-02-19,,https://patents.google.com/patent/EP3609913A2/en,
GB-201814084-D0,Culture Medium ,Univ Sheffield,,2018-08-30,2018-08-30,2018-10-17,,https://patents.google.com/patent/GB201814084D0/en,
EP-3615558-A1,Controlling stomatal density in plants ,The University Of Sheffield,"Julie Elizabeth Gray, Lee Hunt, William Paul QUICK",2017-04-27,2018-04-26,2020-03-04,,https://patents.google.com/patent/EP3615558A1/en,
US-2015367023-A1,A novel glass-ionomer cement ,The University Of Sheffield,"Cheryl Miller, Paul V. HATTON, Felora MIRVAKILY",2012-12-31,2013-12-20,2015-12-24,,https://patents.google.com/patent/US20150367023A1/en,
WO-2011073658-A3,Optical device and method of fabrication thereof ,The University Of Sheffield,"Ziyang Zhang, Richard Hogg, Jang Qi",2009-12-16,2010-12-15,2011-08-18,,https://patents.google.com/patent/WO2011073658A3/en,
WO-2013079924-A2,Modified exonuclease ,The University Of Sheffield,"Jon Sayers, Jing Zhang",2011-11-29,2012-11-27,2013-06-06,,https://patents.google.com/patent/WO2013079924A2/en,
GB-201504305-D0,An antimicrobial maeterial ,Univ Sheffield Hallam,,2015-03-13,2015-03-13,2015-04-29,,https://patents.google.com/patent/GB201504305D0/en,
EP-2467504-A2,"A method, apparatus, computer readable storage medium and computer program for forming an object ",University of Sheffield,"Michael Thomas Furlong, Neil Hopkinson, Kamran Aamir Mumtaz",2009-08-21,2010-08-20,2012-06-27,,https://patents.google.com/patent/EP2467504A2/en,
EP-2422352-A1,Rf-plasma glow discharge sputtering ,Sheffield Hallam University,"Arutiun Ehiasarian, Papken Hovsepian, Ken Yukimura",2009-04-23,2010-04-20,2012-02-29,,https://patents.google.com/patent/EP2422352A1/en,
GB-201113354-D0,Leptin receptor structure ,Univ Sheffield,,2011-08-03,2011-08-03,2011-09-21,,https://patents.google.com/patent/GB201113354D0/en,
WO-2011089431-A1,Anticorrosion sol-gel coating for metal substrate ,Sheffield Hallam University,"Heming Wang, Robert Akid",2010-01-22,2011-01-20,2011-07-28,,https://patents.google.com/patent/WO2011089431A1/en,
GB-201020357-D0,Compounds and methods of making the same ,Univ Sheffield,,2010-12-01,2010-12-01,2011-01-12,,https://patents.google.com/patent/GB201020357D0/en,
WO-2010103313-A1,Sqeeze film damping for between a component to be machined and the carrier operation surface of the working table ,University Of Sheffield,Shaoming Yao,2009-03-09,2010-03-09,2010-09-16,,https://patents.google.com/patent/WO2010103313A1/en,
GB-201111544-D0,Shuttlecock ,"Univ Sheffield Hallam, Badminton Ass Of England Ltd",,2011-07-06,2011-07-06,2011-08-17,,https://patents.google.com/patent/GB201111544D0/en,
EP-3402450-A1,Device and kit for indicating a ph at a locus ,"Smith & Nephew PLC, University of Sheffield","John Kenneth Hicks, Richard Hoskins, Stephen Rimmer, Dorothy MCCULLOCH",2016-01-14,2017-01-13,2018-11-21,,https://patents.google.com/patent/EP3402450A1/en,
EP-3344579-A1,Silica synthesis ,University of Sheffield,"Siddharth Vijay PATWARDHAN, Joseph Richard Henry MANNING",2015-09-03,2016-09-01,2018-07-11,,https://patents.google.com/patent/EP3344579A1/en,
WO-2010139982-A1,Indole derivatives for the stimulation of stem cell proliferation ,The University Of Sheffield,Beining Chen,2009-06-02,2010-05-28,2010-12-09,,https://patents.google.com/patent/WO2010139982A1/en,
WO-2022155274-A1,Methods of predicting progression of neurological disease ,"Research Institute At Nationwide Children's Hospital, The University Of Sheffield","Kathrin Christine MEYER, Cassandra Nicole DENNYS-RIVERS, Laura FERRAIUOLO",2021-01-13,2022-01-13,2022-07-21,,https://patents.google.com/patent/WO2022155274A1/en,
WO-2011098790-A1,Lithography apparatus and method ,The University Of Sheffield,"John Weaver, Ehtsham Ul Haq, Clive Roberts, Graham Leggett, Jamie Hobbs",2010-02-09,2011-02-08,2011-08-18,,https://patents.google.com/patent/WO2011098790A1/en,
WO-2010092191-A2,Liquid composite materials ,The University Of Sheffield,"Steven P Armes, Damien Dupin",2009-02-16,2010-02-16,2010-08-19,,https://patents.google.com/patent/WO2010092191A2/en,
WO-2010112911-A3,"Oligomeric or polymeric materials, processes for preparing the same, coatings and coated products comprising such materials ",The University Of Sheffield,"Stephen Rimmer, Sheila Macneil, Joyleen Collier",2009-03-31,2010-03-30,2011-03-24,,https://patents.google.com/patent/WO2010112911A3/en,
GB-201614462-D0,Clotting factor ,Univ Sheffield,,2016-08-24,2016-08-24,2016-10-05,,https://patents.google.com/patent/GB201614462D0/en,
GB-201114573-D0,Categorisation of biological deposits using matrix assisted laser desorption ionisation mass spectrometry ,Univ Sheffield Hallam,,2011-08-23,2011-08-23,2011-10-05,,https://patents.google.com/patent/GB201114573D0/en,
WO-2016027100-A1,Optically controlled devices ,The University Of Sheffield,"Turar BALTYNOV, Sankara Narayanan Ekkanath Madathil",2014-08-21,2015-08-21,2016-02-25,,https://patents.google.com/patent/WO2016027100A1/en,
US-D695135-S,Collapsible cup carrier ,Sheffield Hallam University,Peter Graham Richard Macqueen,2012-07-17,2013-01-07,2013-12-10,2013-12-10,https://patents.google.com/patent/USD695135S1/en,https://patentimages.storage.googleapis.com/15/61/59/7d726cd86c7a77/USD0695135-20131210-D00000.png
GB-201118359-D0,Pulmonary hypertension ,Univ Sheffield,,2011-10-25,2011-10-25,2011-12-07,,https://patents.google.com/patent/GB201118359D0/en,
WO-2013017825-A1,Block copolymer synthesis ,The University Of Sheffield,"Steven P Armes, Mona SEMSARILAR",2011-07-29,2012-07-05,2013-02-07,,https://patents.google.com/patent/WO2013017825A1/en,
US-D695136-S,Collapsible cup carrier ,Sheffield Hallam University,Peter Graham Richard Macqueen,2013-01-07,2013-01-07,2013-12-10,2013-12-10,https://patents.google.com/patent/USD695136S1/en,https://patentimages.storage.googleapis.com/d6/9c/4a/2c9dd6e82d6466/USD0695136-20131210-D00000.png
WO-2016055814-A1,Gel fuel ,"Air Global Limited, The University Of Sheffield","Christopher Lewis BOWEN, Jonathan Richard HOWSE, Jacob Alexander LANE",2014-10-10,2015-10-12,2016-04-14,,https://patents.google.com/patent/WO2016055814A1/en,
WO-2010115978-A1,Vacuum cleaner ,"Sheffield Hallam University, Novax Limited","Lewis Green, Paul Chamberlain",2009-04-09,2010-04-09,2010-10-14,,https://patents.google.com/patent/WO2010115978A1/en,
WO-2010142996-A1,Therapeutic agent and assay ,University Of Sheffield,"Carl Smythe, Richard Beniston",2009-06-10,2010-06-10,2010-12-16,,https://patents.google.com/patent/WO2010142996A1/en,
GB-201203374-D0,Alkane production ,Univ Sheffield,,2012-02-28,2012-02-28,2012-04-11,,https://patents.google.com/patent/GB201203374D0/en,
WO-2014016563-A1,Powder discharge gun ,Sheffield Hallam University,"Simona FRANCESE, Heath Reed, Jonathan Wheat, Rosalind WOLSTENHOLME",2012-07-23,2013-07-11,2014-01-30,,https://patents.google.com/patent/WO2014016563A1/en,
WO-2015036737-A1,Biomarkers for disease stratification ,University Of Sheffield,"Allan LAWRIE, Alex ROTHMAN",2013-09-11,2014-09-04,2015-03-19,,https://patents.google.com/patent/WO2015036737A1/en,
WO-2018146479-A1,Apparatus and method for assessment of a characteristic of a bone ,"Sheffield Hallam University, Sheffield Children's Nhs Foundation Trust","Reza Saatchi, Hajar RAZAGHI",2017-02-08,2018-02-08,2018-08-16,,https://patents.google.com/patent/WO2018146479A1/en,
US-2023090069-A1,Low dose human interleukin-2 for the treatment of amyotrophic lateral sclerosis ,"Centre Hospitalier Universitaire De Nimes, Humanitas Mirasole Spa, The University Of Sussex, King's College London, Queen Mary University Of London, Sorbonne Universite, Assistance Publique - Hopitaux De Paris, The University Of Sheffield","Gilbert Bensimon, Peter Nigel LEIGH, Timothy Tree, Cecilia Garlanda, Massimo LOCATI, Janine KIRBY, Pamela Shaw, Andrea Malaspina",2020-03-06,2021-03-05,2023-03-23,,https://patents.google.com/patent/US20230090069A1/en,https://patentimages.storage.googleapis.com/0f/fa/91/8680eb6418b8ca/US20230090069A1-20230323-D00003.png
GB-201907415-D0,Cosmic ray based imaging of critical infrastructure ,"Univ Durham, Univ Sheffield, St Marys Univ",,2019-05-24,2019-05-24,2019-07-10,,https://patents.google.com/patent/GB201907415D0/en,
GB-2586695-B,Cosmic ray based imaging of critical infrastructure ,"Univ Durham, Univ Sheffield, St Marys Univ","Frederick Thompson Lee, Andrew Steer Christopher, Patrick Stowell John, Gordon Gluyas Jonathan",2019-05-24,2020-05-22,2022-11-23,2022-11-23,https://patents.google.com/patent/GB2586695B/en,
GB-201908471-D0,Cosmic ray based imaging of critical infrastructure ,"Univ Durham, Univ Sheffield, St Marys Univ",,2019-06-13,2019-06-13,2019-07-31,,https://patents.google.com/patent/GB201908471D0/en,
CN-110506123-A,Stable VAMP report son detection ,谢菲尔德大学,"巴兹贝克·达夫列托夫, 安德鲁·亚历山大·佩登, 亚历山大·米卡埃尔·鲁道夫·鲁斯特, 席亚拉·路易丝·多兰",2017-02-16,2018-02-14,2019-11-26,,https://patents.google.com/patent/CN110506123A/en,
CN-110592326-A,Ultra-fine grain steel and industrial preparation method thereof ,"北京科技大学, 谢菲尔德大学","蒋虽合, 吕昭平, 高军恒, 马克·瑞福斯",2019-10-17,2019-10-17,2019-12-20,,https://patents.google.com/patent/CN110592326A/en,
AU-2018357058-A1,Method of diagnosis of adrenal insufficiency ,"Sheffield Children's Nhs Foundation Trust, University Of Sheffield","Charlotte Jane ELDER, Neil Peter Wright",2017-10-25,2018-10-24,2020-04-16,,https://patents.google.com/patent/AU2018357058A1/en,
GB-201607900-D0,Unipolar tunnel FET's ,Univ Sheffield,,2016-05-05,2016-05-05,2016-06-22,,https://patents.google.com/patent/GB201607900D0/en,
GB-2608164-A,Nuclear magnetic resonance ,Univ Sheffield,"M Wild James, Rama Rao Madhwesha",2021-06-24,2021-06-24,2022-12-28,,https://patents.google.com/patent/GB2608164A/en,
AU-2021273363-A1,Method of culturing algae ,The University Of Sheffield,"Thomas James BURNS, Daniel James GILMOUR",2020-05-11,2021-05-10,2022-12-08,,https://patents.google.com/patent/AU2021273363A1/en,
EP-4114850-A1,Antimicrobial target ,The University of Sheffield,"Peter Nigel MONK, Rahaf ISSA, Barbara CIANI",2020-03-03,2021-03-02,2023-01-11,,https://patents.google.com/patent/EP4114850A1/en,
EP-4000093-A1,Led arrays ,The University of Sheffield,Tao Wang,2019-07-19,2020-07-14,2022-05-25,,https://patents.google.com/patent/EP4000093A1/en,
US-2020160706-A1,Motion detectors ,The University Of Sheffield,Alex COPE,2017-05-05,2018-05-08,2020-05-21,,https://patents.google.com/patent/US20200160706A1/en,https://patentimages.storage.googleapis.com/d2/48/ef/cca3d36286e94a/US20200160706A1-20200521-D00000.png
AU-2011265368-B2,Immunogenic composition ,"Biosynexus Incorporated, Glaxosmithkline Biologicals S.A, The University Of Sheffield","Cindy Castado, Gerald Walter Fischer, Simon James Foster, John Fitzgerald Kokai-Kun, Nicolas Pierre Fernand Lecrenier, Andrew Lees, James Jacob Mond, Cecile Anne Neyt, Jan Poolman",2004-09-22,2011-12-20,2012-11-08,2012-11-08,https://patents.google.com/patent/AU2011265368B2/en,
GB-2572063-A,Tool cutting element ,"Element Six Ltd, Npl Management Ltd, Univ Sheffield, Printed Electronics Ltd, Bae Systems Operations Ltd, Cpi Innovation Services Ltd","Wayne Leahy William, Fernando Penna Franca Luiz, Lewis Adam, Thomas Owen, Wickham Martin, Laalej Hatim, Chilton Neil, Hickox Stefan, James Cook Austin, Mcclelland Alan",2018-02-09,2019-02-08,2019-09-18,,https://patents.google.com/patent/GB2572063A/en,
GB-201415307-D0,Method and apparatus for modelling non-rigid networks ,Univ Sheffield,,2014-08-29,2014-08-29,2014-10-15,,https://patents.google.com/patent/GB201415307D0/en,
GB-202219436-D0,Deposition of sealant or similar materials ,Univ Sheffield,,2022-12-21,2022-12-21,2023-02-01,,https://patents.google.com/patent/GB202219436D0/en,
ES-2877795-T3,Identification and isolation of human ear progenitors ,Univ Sheffield,"Carlos Marcelo Nicolas Rivolta, Sarah Louise Boddy",2016-09-15,2017-09-14,2021-11-17,2021-11-17,https://patents.google.com/patent/ES2877795T3/en,
GB-202219429-D0,Deposition of sealant or similar materials ,Univ Sheffield,,2022-12-21,2022-12-21,2023-02-01,,https://patents.google.com/patent/GB202219429D0/en,
GB-202219435-D0,Mobile robot ,Univ Sheffield,,2022-12-21,2022-12-21,2023-02-01,,https://patents.google.com/patent/GB202219435D0/en,
GB-202219243-D0,Gas hyper-polarizer apparatus ,Univ Sheffield,,2022-12-20,2022-12-20,2023-02-01,,https://patents.google.com/patent/GB202219243D0/en,
GB-201200199-D0,Predictive method ,Univ Sheffield,,2012-01-07,2012-01-07,2012-02-22,,https://patents.google.com/patent/GB201200199D0/en,
GB-202217941-D0,"Spool tenson coupling, system and method ",Univ Sheffield,,2022-11-29,2022-11-29,2023-01-11,,https://patents.google.com/patent/GB202217941D0/en,
GB-202217940-D0,Spooling apparatus and methods relating thereto ,Univ Sheffield,,2022-11-29,2022-11-29,2023-01-11,,https://patents.google.com/patent/GB202217940D0/en,
GB-2602731-B,An avalanche photodiode structure ,Univ Sheffield,Hing Tan Chee,2019-11-18,2020-10-02,2023-02-22,2023-02-22,https://patents.google.com/patent/GB2602731B/en,
GB-201004610-D0,Signal processing ,Univ Sheffield,,2010-03-19,2010-03-19,2010-05-05,,https://patents.google.com/patent/GB201004610D0/en,
GB-202215616-D0,A machining tool for creating openings in a multi-layered material ,Univ Sheffield,,2022-10-21,2022-10-21,2022-12-07,,https://patents.google.com/patent/GB202215616D0/en,
GB-202214072-D0,"Muscle probe, system and method ",Univ Sheffield,,2022-09-27,2022-09-27,2022-11-09,,https://patents.google.com/patent/GB202214072D0/en,
US-2021244848-A1,Solid suspension ,The University Of Sheffield,"Caroline Joanne Harrison, Paul Vincent Hatton, Rebecca Louise Hutchinson, Cheryl Ann Miller",2018-08-28,2019-08-27,2021-08-12,,https://patents.google.com/patent/US20210244848A1/en,https://patentimages.storage.googleapis.com/19/2c/d1/e2c02293560cb7/US20210244848A1-20210812-D00001.png
US-2022205934-A1,Non-destructive detection of surface and near surface abnormalities in a metallic product ,The University Of Sheffield,Matthew Brown,2019-04-30,2020-03-25,2022-06-30,,https://patents.google.com/patent/US20220205934A1/en,https://patentimages.storage.googleapis.com/c8/e7/ef/e0989fd04358b3/US20220205934A1-20220630-D00000.png
GB-201202186-D0,Neutron detector ,"Kromek Ltd, Tata Steel Uk Ltd, Univ Sheffield",,2012-02-08,2012-02-08,2012-03-21,,https://patents.google.com/patent/GB201202186D0/en,
GB-201205080-D0,Block copolymer synthesis ,Univ Sheffield,,2012-03-22,2012-03-22,2012-05-09,,https://patents.google.com/patent/GB201205080D0/en,
CA-3150885-A1,Single photon sources ,"Alistair James BRASH, The University Of Sheffield",Alistair James BRASH,2019-09-13,2020-09-11,2021-03-18,,https://patents.google.com/patent/CA3150885A1/en,
GB-201904796-D0,Antimicrobial agent ,Univ Sheffield,,2019-04-04,2019-04-04,2019-05-22,,https://patents.google.com/patent/GB201904796D0/en,
GB-201809406-D0,Scaffold ,Univ Sheffield,,2017-06-08,2018-06-07,2018-07-25,,https://patents.google.com/patent/GB201809406D0/en,
GB-201414063-D0,Methods and apparatus for determining image data ,Univ Sheffield,,2014-08-08,2014-08-08,2014-09-24,,https://patents.google.com/patent/GB201414063D0/en,
GB-201404016-D0,Screen ,Univ Sheffield,,2014-03-07,2014-03-07,2014-04-23,,https://patents.google.com/patent/GB201404016D0/en,
GB-202211673-D0,Viral vector ,Univ Sheffield,,2022-08-10,2022-08-10,2022-09-21,,https://patents.google.com/patent/GB202211673D0/en,
GB-202211638-D0,Viral vector ,Univ Sheffield,,2022-08-09,2022-08-09,2022-09-21,,https://patents.google.com/patent/GB202211638D0/en,
GB-202108600-D0,Chiral light-matter interfaces ,Univ Sheffield,,2021-06-16,2021-06-16,2021-07-28,,https://patents.google.com/patent/GB202108600D0/en,
CN-115066493-A,Gene therapy ,谢菲尔德大学,"M·阿祖兹, C·韦伯斯特",2020-02-12,2021-02-02,2022-09-16,,https://patents.google.com/patent/CN115066493A/en,https://patentimages.storage.googleapis.com/0a/a4/bc/15b1b22ec040a9/HDA0003788700400000011.png
AU-2013200670-A1,Immunogenic composition ,"Biosynexus Incorporated, Glaxosmithkline Biologicals S.A., The University Of Sheffield","Cindy Castado, Gerald Walter Fischer, Simon James Foster, John Fitzgerald Kokai-Kun, Nicolas Pierre Fernand Lecrenier, Andrew Lees, James Jacob Mond, Cecile Anne Neyt, Jan Poolman",2004-09-22,2013-02-06,2013-02-28,,https://patents.google.com/patent/AU2013200670A1/en,
GB-201501489-D0,Alignment system ,Univ Sheffield,,2015-01-29,2015-01-29,2015-03-18,,https://patents.google.com/patent/GB201501489D0/en,
GB-202102796-D0,Hybrid Diode Area Melting ,Univ Sheffield,,2021-02-26,2021-02-26,2021-04-14,,https://patents.google.com/patent/GB202102796D0/en,
EP-2785371-A1,Polypeptide adjuvant ,The University Of Sheffield,"Jon Sayers, Peter Artymiuk, Andrew Heath",2011-11-30,2012-11-30,2014-10-08,,https://patents.google.com/patent/EP2785371A1/en,
GB-202019607-D0,Purification of proteins ,Univ Sheffield,,2020-12-11,2020-12-11,2021-01-27,,https://patents.google.com/patent/GB202019607D0/en,
EP-4065149-A1,Bonded neurotoxins ,The University Of Sheffield,"Bazbek Davletov, Charlotte Michelle LEESE",2019-11-27,2020-11-25,2022-10-05,,https://patents.google.com/patent/EP4065149A1/en,
GB-202004500-D0,Complementary integrated circuits ,Univ Sheffield,,2020-03-27,2020-03-27,2020-05-13,,https://patents.google.com/patent/GB202004500D0/en,
GB-2576188-A,Detectors ,Univ Sheffield,"Marshall James, Reina Andreagiovanni",2018-08-08,2018-08-08,2020-02-12,,https://patents.google.com/patent/GB2576188A/en,
GB-201510051-D0,Additive manufacturing method and apparatus ,Univ Sheffield,,2015-06-10,2015-06-10,2015-07-22,,https://patents.google.com/patent/GB201510051D0/en,
GB-201519759-D0,Machining control methods and system ,Univ Sheffield,,2015-11-09,2015-11-09,2015-12-23,,https://patents.google.com/patent/GB201519759D0/en,
GB-201819609-D0,Scaffold ,Univ Sheffield,,2018-11-30,2018-11-30,2019-01-16,,https://patents.google.com/patent/GB201819609D0/en,
GB-2598066-A,Single photon sources ,Univ Sheffield,James Brash Alistair,2019-09-13,2019-09-13,2022-02-16,,https://patents.google.com/patent/GB2598066A/en,
GB-201817878-D0,Incorporated materials ,Univ Sheffield,,2018-11-01,2018-11-01,2018-12-19,,https://patents.google.com/patent/GB201817878D0/en,
GB-201522133-D0,Apparatus and method for determining coronary physiology ,Univ Sheffield,,2015-12-15,2015-12-15,2016-01-27,,https://patents.google.com/patent/GB201522133D0/en,
GB-201817176-D0,Apparatus and methods for targeted drug delivery ,Univ Sheffield,,2018-10-22,2018-10-22,2018-12-05,,https://patents.google.com/patent/GB201817176D0/en,
GB-2564950-A,Scaffold ,Univ Sheffield,"Macneil Sheila, Reginald Chapple Christopher, Roman Regueros Sabiniano, James Hillary Christopher, James Bullock Anthony",2017-06-08,2018-06-08,2019-01-30,,https://patents.google.com/patent/GB2564950A/en,
GB-201814818-D0,Treatment Regimen ,Univ Sheffield,,2018-09-12,2018-09-12,2018-10-24,,https://patents.google.com/patent/GB201814818D0/en,
GB-201812763-D0,Guiding device for a vascular catheter ,Univ Sheffield,,2018-08-06,2018-08-06,2018-09-19,,https://patents.google.com/patent/GB201812763D0/en,
GB-201807486-D0,Growth of group III nitride semiconductors ,Univ Sheffield,,2018-04-08,2018-04-08,2018-06-20,,https://patents.google.com/patent/GB201807486D0/en,
GB-201702421-D0,Vehicle ,"Univ Sheffield, Consequential Robotics Ltd",,2017-02-15,2017-02-15,2017-03-29,,https://patents.google.com/patent/GB201702421D0/en,
GB-201706780-D0,Integration of silicon and group III nitride based devices ,Univ Sheffield,,2017-04-28,2017-04-28,2017-06-14,,https://patents.google.com/patent/GB201706780D0/en,
GB-201711344-D0,Speech processing systems ,Univ Sheffield,,2017-07-14,2017-07-14,2017-08-30,,https://patents.google.com/patent/GB201711344D0/en,
GB-201010865-D0,Piezomagnetic device and method of operation thereof ,Univ Sheffield,,2010-06-29,2010-06-29,2010-08-11,,https://patents.google.com/patent/GB201010865D0/en,
GB-201014323-D0,Improvements in semiconductor processing ,Univ Sheffield,,2010-08-27,2010-08-27,2010-10-13,,https://patents.google.com/patent/GB201014323D0/en,
GB-201721193-D0,Mid-infrared cascade laser ,Univ Sheffield,,2017-12-18,2017-12-18,2018-01-31,,https://patents.google.com/patent/GB201721193D0/en,
GB-201014935-D0,Enhanced delivery of siRNA ,Univ Sheffield,,2010-09-08,2010-09-08,2010-10-20,,https://patents.google.com/patent/GB201014935D0/en,
GB-2548691-B8,End effector for a robot ,"Bae Systems Plc, Univ Sheffield","Knott Martin, Wesley Diver Ryan",2016-02-05,2017-02-02,2020-01-15,2020-01-15,https://patents.google.com/patent/GB2548691B8/en,
GB-201707618-D0,Apparatus for electrical impedance spectroscopy ,Univ Sheffield,,2017-05-12,2017-05-12,2017-06-28,,https://patents.google.com/patent/GB201707618D0/en,
GB-201014931-D0,Enhanced delivery of nucleic ,Univ Sheffield,,2010-09-08,2010-09-08,2010-10-20,,https://patents.google.com/patent/GB201014931D0/en,
GB-201017514-D0,Device controller ,Univ Sheffield,,2010-10-18,2010-10-18,2010-12-01,,https://patents.google.com/patent/GB201017514D0/en,
GB-201106149-D0,T Lymphocyte Cell Suppression ,Univ Sheffield,,2011-04-12,2011-04-12,2011-05-25,,https://patents.google.com/patent/GB201106149D0/en,
GB-201305948-D0,New method 2 ,Univ Sheffield,,2013-04-02,2013-04-02,2013-05-15,,https://patents.google.com/patent/GB201305948D0/en,
GB-201223509-D0,A novel glass-lonomer cement ,Univ Sheffield,,2012-12-31,2012-12-31,2013-02-13,,https://patents.google.com/patent/GB201223509D0/en,
GB-201113120-D0,Block copolymer synthesis ,Univ Sheffield,,2011-07-29,2011-07-29,2011-09-14,,https://patents.google.com/patent/GB201113120D0/en,
GB-201120594-D0,Catalyst compounds ,Univ Sheffield,,2011-11-30,2011-11-30,2012-01-11,,https://patents.google.com/patent/GB201120594D0/en,
GB-201600577-D0,Photoactive polymer-perovskite composite materials ,Univ Sheffield Hallam,,2016-01-12,2016-01-12,2016-02-24,,https://patents.google.com/patent/GB201600577D0/en,
GB-202215198-D0,Gene therapy treatment ,Univ Sheffield,,2022-10-14,2022-10-14,2022-11-30,,https://patents.google.com/patent/GB202215198D0/en,
WO-2020084301-A1,Medical image processing ,University Of Sheffield,"Haiping Lu, Andrew Swift",2018-10-23,2019-10-23,2020-04-30,,https://patents.google.com/patent/WO2020084301A1/en,
GB-201004186-D0,"Carbon nanotube - metal contacts, devices and methods ",Univ Sheffield,,2010-03-13,2010-03-13,2010-04-28,,https://patents.google.com/patent/GB201004186D0/en,
GB-201007373-D0,T lymphocyte cell suppression ,Univ Sheffield,,2010-05-04,2010-05-04,2010-06-16,,https://patents.google.com/patent/GB201007373D0/en,
GB-201007488-D0,Treatment regime ,Univ Sheffield,,2010-05-05,2010-05-05,2010-06-16,,https://patents.google.com/patent/GB201007488D0/en,
GB-201007429-D0,Treatment regime ,Univ Sheffield,,2010-05-05,2010-05-05,2010-06-16,,https://patents.google.com/patent/GB201007429D0/en,
GB-201009782-D0,Flexible manipulator arm ,Univ Sheffield Hallam,,2010-06-11,2010-06-11,2010-07-21,,https://patents.google.com/patent/GB201009782D0/en,
GB-201015091-D0,Enhanced delivery of sirna ,Univ Sheffield,,2010-09-10,2010-09-10,2010-10-27,,https://patents.google.com/patent/GB201015091D0/en,
GB-201019977-D0,Bi-specific immunoglobulins ,Univ Sheffield,,2010-11-25,2010-11-25,2011-01-05,,https://patents.google.com/patent/GB201019977D0/en,
GB-201020792-D0,Peptide agents for use in therapy ,Univ Sheffield,,2010-12-08,2010-12-08,2011-01-19,,https://patents.google.com/patent/GB201020792D0/en,
WO-2010100437-A9,Production of protein ,University Of Sheffield,"Aidan Riley, David James, Richard Ross",2009-03-05,2010-03-05,2010-10-07,,https://patents.google.com/patent/WO2010100437A9/en,
GB-201117372-D0,Anti-microbial fatty acid ,Univ Sheffield,,2011-10-08,2011-10-08,2011-11-23,,https://patents.google.com/patent/GB201117372D0/en,
GB-201118196-D0,Compositions and methods for selective prevention of mRNA translation ,Univ Sheffield,,2011-10-21,2011-10-21,2011-12-07,,https://patents.google.com/patent/GB201118196D0/en,
AU-2021251429-A1,Gene therapy treatment ,University Of Sheffield,"Mimoun Azzouz, Evangelia KARYKA, Joseph SCARROTT",2020-04-09,2021-04-09,2022-09-08,,https://patents.google.com/patent/AU2021251429A1/en,
WO-2015004431-A1,Composites ,The University Of Sheffield,"Alma Hodzic, Patrick James Smith",2013-07-12,2014-07-04,2015-01-15,,https://patents.google.com/patent/WO2015004431A1/en,
GB-201204379-D0,Screen ,Univ Sheffield,,2012-03-13,2012-03-13,2012-04-25,,https://patents.google.com/patent/GB201204379D0/en,
GB-202215974-D0,Microrna panels for pulmonary hypertension ,"Imperial College Innovations Ltd, Univ Sheffield, Royal Papworth Hospital Nhs Found Trust",,2022-10-28,2022-10-28,2022-12-14,,https://patents.google.com/patent/GB202215974D0/en,
GB-201206412-D0,T lymphocyte cell suppression ,Univ Sheffield,,2012-04-12,2012-04-12,2012-05-23,,https://patents.google.com/patent/GB201206412D0/en,
GB-201219759-D0,Powder inhaler device ,Univ Sheffield Hallam,,2012-11-02,2012-11-02,2012-12-19,,https://patents.google.com/patent/GB201219759D0/en,
GB-201319573-D0,Powder Inhaler Device ,Univ Sheffield Hallam,,2013-11-06,2013-11-06,2013-12-18,,https://patents.google.com/patent/GB201319573D0/en,
AU-2013205400-A1,Antigenic Polypeptides ,"Biosynexus Inc., University Of Sheffield","Kirsty Brummell, Simon Clarke, Simon Foster, Philip Mcdowell",2000-06-20,2013-04-24,2013-05-23,,https://patents.google.com/patent/AU2013205400A1/en,
GB-202209187-D0,Object localisation ,"Pragmatic Semiconductor Ltd, Univ Sheffield",,2022-06-22,2022-06-22,2022-08-10,,https://patents.google.com/patent/GB202209187D0/en,
WO-2022217084-A1,Perivascular accumulation of immune cells in the diagnosis and treatment of cancer ,"Neogenomics Laboratories, Inc., The University Of Sheffield","Claire Lewis, Anna JUNCKER-JENSEN, Mate Levente NAGY, Nicholas Matthew STAVROU, Mohammed Ridha MOAMIN, Richard Allen",2021-04-09,2022-04-08,2022-10-13,,https://patents.google.com/patent/WO2022217084A1/en,
GB-202201062-D0,Carbon dioxide refining ,Univ Sheffield,,2022-01-27,2022-01-27,2022-03-16,,https://patents.google.com/patent/GB202201062D0/en,
GB-202005321-D0,Gene therapy treatment ,Univ Sheffield,,2020-04-09,2020-04-09,2020-05-27,,https://patents.google.com/patent/GB202005321D0/en,
WO-2018196975-A1,Probe ,The University Of Sheffield,"Sherif EL-KHAMISY, Sherif SHAWKY",2017-04-27,2017-04-27,2018-11-01,,https://patents.google.com/patent/WO2018196975A1/en,
WO-2018167447-A1,Low dose aspirin (1-50 mg) together with antiplatelets such as ticagrelor of anticoagulants ,University Of Sheffield,"Robert Frederick STOREY, William Andrew Edison PARKER",2017-03-14,2017-03-14,2018-09-20,,https://patents.google.com/patent/WO2018167447A1/en,
GB-201622049-D0,Anion receptor polymers ,Univ Sheffield,,2016-12-22,2016-12-22,2017-02-08,,https://patents.google.com/patent/GB201622049D0/en,
GB-201301685-D0,Diagnosis and treatment of cancer ,Univ Sheffield,,2013-01-31,2013-01-31,2013-03-20,,https://patents.google.com/patent/GB201301685D0/en,
GB-201607913-D0,Sports training ,Univ Sheffield Hallam,,2016-05-06,2016-05-06,2016-06-22,,https://patents.google.com/patent/GB201607913D0/en,
GB-201304195-D0,Screen ,Univ Sheffield,,2013-03-08,2013-03-08,2013-04-24,,https://patents.google.com/patent/GB201304195D0/en,
GB-201306645-D0,T Lymphocyte Suppression ,Univ Sheffield,,2013-04-12,2013-04-12,2013-05-29,,https://patents.google.com/patent/GB201306645D0/en,
GB-201308749-D0,Sports training ,Univ Sheffield Hallam,,2013-05-15,2013-05-15,2013-06-26,,https://patents.google.com/patent/GB201308749D0/en,
WO-2016034730-A1,Silk protein structures ,"Cambridge Enterprise Limited, The University Of Sheffield","Tuomas Knowles, Ulyana Shimanovich, Christopher Holland",2014-09-04,2015-09-04,2016-03-10,,https://patents.google.com/patent/WO2016034730A1/en,
GB-201518237-D0,Power inhaler device ,Univ Sheffield Hallam,,2015-10-15,2015-10-15,2015-12-02,,https://patents.google.com/patent/GB201518237D0/en,
GB-201507873-D0,Sports training ,Univ Sheffield Hallam,,2015-05-08,2015-05-08,2015-06-24,,https://patents.google.com/patent/GB201507873D0/en,
GB-2510193-A,Arch or semi-circle shaped net for sporting or other game such as badminton ,"Univ Sheffield Hallam, Badminton Ass Of England Ltd","John Howard Hart, Christina King",2013-01-29,2013-01-29,2014-07-30,,https://patents.google.com/patent/GB2510193A/en,
GB-201418325-D0,Powder inhaler device ,Univ Sheffield Hallam,,2014-10-16,2014-10-16,2014-12-03,,https://patents.google.com/patent/GB201418325D0/en,
GB-201408626-D0,Sports training ,Univ Sheffield Hallam,,2014-05-15,2014-05-15,2014-07-02,,https://patents.google.com/patent/GB201408626D0/en,
WO-2014064463-A1,Identification tag ,"Bae Systems Plc, The University Of Sheffield","James Christopher Gordon Matthews, Alan Tennant",2012-10-26,2013-10-25,2014-05-01,,https://patents.google.com/patent/WO2014064463A1/en,
WO-2020180922-A1,Programming emergent symmetries with saddle-splay elasticity ,"The Trustees Of The University Of Pennsylvania, Trustees Of Tufts College, Sheffield Hallam University","Shu Yang, Yu Xia, Timothy J. ATHERTON, Douglas J. CLEAVER, Andrew A. DEBENEDICTIS, Dae Seok KIM",2019-03-04,2020-03-04,2020-09-10,,https://patents.google.com/patent/WO2020180922A1/en,
GB-201619925-D0,Apparatus and method for stirring fluid in a container ,Univ Of Sheffield The,,2016-11-24,2016-11-24,2017-01-11,,https://patents.google.com/patent/GB201619925D0/en,
GB-202117236-D0,Prorsthetic training device ,Sheffield Hallam Univ,,2021-11-29,2021-11-29,2022-01-12,,https://patents.google.com/patent/GB202117236D0/en,
GB-201619990-D0,Photoactive perovskite ,Sheffield Hallam Univ,,2016-11-25,2016-11-25,2017-01-11,,https://patents.google.com/patent/GB201619990D0/en,
GB-201611540-D0,Photoactive polymer-perovskite composite materials ,Sheffield Hallam Univ,,2016-07-01,2016-07-01,2016-08-17,,https://patents.google.com/patent/GB201611540D0/en,
GB-202115166-D0,High voltage series mosfet switching circuit ,Sheffield Hallam Univ,,2021-10-21,2021-10-21,2021-12-08,,https://patents.google.com/patent/GB202115166D0/en,
