search URL:,https://patents.google.com/?assignee=Univ+Southampton&after=filing:20100101&language=ENGLISH
id,title,assignee,inventor/author,priority date,filing/creation date,publication date,grant date,result link,representative figure link
JP-2020016891-A,Hollow-core optical fibers ,"ユニバーシティ、オブ、サウサンプトンＵｎｉｖｅｒｓｉｔｙ Ｏｆ Ｓｏｕｔｈａｍｐｔｏｎ, Univ Of Southampton, ユニバーシティ、オブ、サウサンプトン","ポレティ、フランチェスコ, Poletti Francesco, アボコハミス モウサヴィ、セイエドモハマド, Abokhamis Mousavi Seyedmohammad, アボコハミス モウサヴィ、セイエドモハマド",2014-06-06,2019-09-05,2020-01-30,,https://patents.google.com/patent/JP2020016891A/en,
US-9578440-B2,"Method for controlling a speaker array to provide spatialized, localized, and binaural virtual surround sound ","The Regents Of The University Of California, University Of Southampton","Peter Otto, Suketu Kamdar, Toshiro Yamada, Filippo M. Fazi",2010-11-15,2011-11-15,2017-02-21,2017-02-21,https://patents.google.com/patent/US9578440B2/en,https://patentimages.storage.googleapis.com/76/5d/e8/2478b0ebaa1e74/US09578440-20170221-D00000.png
US-9029823-B2,"Phase change memory devices and methods comprising gallium, lanthanide and chalcogenide compounds ",University Of South Hampton,"Daniel William Hewak, Richard J. Curry, Arshad Khawar Mairaj, Robert E. Simpson",2005-12-20,2013-12-03,2015-05-12,2015-05-12,https://patents.google.com/patent/US9029823B2/en,https://patentimages.storage.googleapis.com/28/0f/28/c9d1254472080b/US09029823-20150512-D00000.png
US-9547187-B2,Electro-optical device comprising a ridge waveguide and a PN junction and method of manufacturing said device ,University Of Southampton,"David Thomson, Frederic Gardes, Graham Reed",2010-01-22,2015-01-02,2017-01-17,2017-01-17,https://patents.google.com/patent/US9547187B2/en,https://patentimages.storage.googleapis.com/fe/d8/a3/506a2eefdd2a7d/US09547187-20170117-D00000.png
US-10642942-B2,Method of mapping images of human disease and of designing or selecting a medical device using a surrogate model ,Neil W. BRESSLOFF,Neil W. BRESSLOFF,2014-02-14,2015-02-13,2020-05-05,2020-05-05,https://patents.google.com/patent/US10642942B2/en,https://patentimages.storage.googleapis.com/fe/53/b4/1348814e697adf/US10642942-20200505-D00000.png
US-2021346498-A1,Combined use of fc gamma riib (cd32b) and cd20 specific antibodies ,University Of Southampton,"Mark Cragg, Martin Glennie, Ali Roghanian, Stephen Beers, Peter Johnson, Sean Lim, Björn Frendéus, Ingrid Teige",2010-08-20,2021-06-25,2021-11-11,,https://patents.google.com/patent/US20210346498A1/en,https://patentimages.storage.googleapis.com/8c/27/98/ad87c650b666a9/US20210346498A1-20211111-D00001.png
US-10538764-B2,Reducing intron retention ,University Of Southampton,"Igor Vorechovsky, Jana Kralovicova",2014-06-16,2017-06-12,2020-01-21,2020-01-21,https://patents.google.com/patent/US10538764B2/en,https://patentimages.storage.googleapis.com/06/60/bf/784b73e83b02a8/US10538764-20200121-D00001.png
US-11173230-B2,Polymer-clay composite and organoclay ,University Of Southampton,"Richard Oreffo, Jonathan Dawson, David Gibbs, Jons Hilborn, Dmitri Ossipov",2014-04-24,2019-02-12,2021-11-16,2021-11-16,https://patents.google.com/patent/US11173230B2/en,https://patentimages.storage.googleapis.com/65/98/d8/ed9bc3a23bfb25/US11173230-20211116-D00000.png
US-11059898-B2,Modified antibodies containing modified IGG2 domains which elicit agonist or antagonistic properties and use thereof ,Cancer Research Technology Limited,"Martin J. Glennie, Ann White",2014-03-24,2015-03-24,2021-07-13,2021-07-13,https://patents.google.com/patent/US11059898B2/en,https://patentimages.storage.googleapis.com/39/6d/23/885a235033fb65/US11059898-20210713-D00001.png
US-9700258-B2,Apparatus for sensing and measuring pressure and shear components of a force at an interface between two surfaces ,University Of Southampton,Liudi Jiang,2012-10-31,2013-10-31,2017-07-11,2017-07-11,https://patents.google.com/patent/US9700258B2/en,https://patentimages.storage.googleapis.com/dd/cf/94/7cc7c9934ad034/US09700258-20170711-D00000.png
US-11215751-B2,Antiresonant hollow core preforms and optical fibres and methods of fabrication ,University Of Southampton,"Francesco Poletti, Gregory Teofil JASION, Natalie WHEELER, Thomas David BRADLEY, Mubassira B Syed Nawazuddin, John Hayes",2017-09-13,2018-09-11,2022-01-04,2022-01-04,https://patents.google.com/patent/US11215751B2/en,https://patentimages.storage.googleapis.com/6a/03/82/722e808b40906b/US11215751-20220104-D00000.png
EP-2396818-B1,Optical device with non-radiative energy transfer ,University Of Southampton,"Martin David Brian Charlton, Pavlos Lagoudakis, Soontorn Chanyawadee",2009-02-16,2010-02-16,2020-08-19,2020-08-19,https://patents.google.com/patent/EP2396818B1/en,https://patentimages.storage.googleapis.com/84/7d/68/fe6021ed417bad/imgf0001.png
US-9627839-B2,Optical fiber lasers ,University Of Southampton,"William Andrew Clarkson, Rafal Cieslak",2011-01-24,2011-05-13,2017-04-18,2017-04-18,https://patents.google.com/patent/US9627839B2/en,https://patentimages.storage.googleapis.com/fa/6d/3e/5f5712c30861c1/US09627839-20170418-D00000.png
US-2020247898-A1,Human immune therapies using a cd27 agonist alone or in combination with other immune modulators ,University Of Southampton,"Martin John Glennie, Alison Louise Tutt, Aymen AL-SHARNKHANI",2006-10-20,2020-02-05,2020-08-06,,https://patents.google.com/patent/US20200247898A1/en,https://patentimages.storage.googleapis.com/87/5b/10/17146b59a2708e/US20200247898A1-20200806-D00001.png
US-10941405-B2,Modulation of gene expression and screening for deregulated protein expression ,University Of Southampton,"Igor Vorechovsky, Jana Kralovicova",2015-10-09,2018-12-07,2021-03-09,2021-03-09,https://patents.google.com/patent/US10941405B2/en,https://patentimages.storage.googleapis.com/8d/5a/94/49ff67280d7e97/US10941405-20210309-D00001.png
US-8846883-B2,Oligonucleotide ligation ,University Of Southhampton,"Tom Brown, Afaf Helmy El-Sagheer",2011-08-16,2012-03-01,2014-09-30,2014-09-30,https://patents.google.com/patent/US8846883B2/en,https://patentimages.storage.googleapis.com/98/11/f5/fd328a338f669e/US08846883-20140930-D00000.png
US-9343638-B2,Electro-optic PN junction modulator formed with a self-aligned process ,University Of Southampton,"Frederic Gardes, David Thomson, Graham Reed",2010-02-17,2011-02-17,2016-05-17,2016-05-17,https://patents.google.com/patent/US9343638B2/en,https://patentimages.storage.googleapis.com/fc/e7/12/0c4e4140535a9c/US09343638-20160517-D00001.png
US-9069192-B2,Optical signal processing ,University Of Southampton,"Joseph Kakande, Francesca Parmigiani, Periklis Petropoulos, David John Richardson, Radan Slavik",2010-09-19,2011-09-16,2015-06-30,2015-06-30,https://patents.google.com/patent/US9069192B2/en,https://patentimages.storage.googleapis.com/c8/8b/f7/fa33dc7648ac7e/US09069192-20150630-D00000.png
US-8717659-B2,Tunable metamaterials and related devices ,University Of Southampton,"Nikolay Ivanovich Zheludev, Eric Plum, Jun-Yu Ou",2011-06-24,2011-06-24,2014-05-06,2014-05-06,https://patents.google.com/patent/US8717659B2/en,https://patentimages.storage.googleapis.com/84/bf/54/3465d2251f1354/US08717659-20140506-D00000.png
EP-2470310-B1,Cleaning apparatus and method. ,University Of Southampton,"Timothy Grant Leighton, Christopher James Bradshaw Vian, Peter Robert Birkin",2009-08-26,2010-08-26,2016-01-06,2016-01-06,https://patents.google.com/patent/EP2470310B1/en,https://patentimages.storage.googleapis.com/51/cf/d5/d00a5ac7f6300b/imgf0001.png
EP-2705393-B1,Space variant polarization converter ,University Of Southampton,"Martynas BERESNA, Peter Kazansky",2011-05-03,2012-05-03,2019-11-27,2019-11-27,https://patents.google.com/patent/EP2705393B1/en,https://patentimages.storage.googleapis.com/7b/b3/4f/c5e9a6782c559f/imgf0001.png
US-9494741-B2,Apparatus comprising at least one optical device optically coupled to at least one waveguide on an optical chip ,University Of Southampton,"Frederic Yannick Gardes, David John Thomson, Graham Trevor Reed, Harold Meng Hoon Chong, Scott Ashley Reynolds",2012-12-04,2013-12-03,2016-11-15,2016-11-15,https://patents.google.com/patent/US9494741B2/en,https://patentimages.storage.googleapis.com/54/ce/21/12ebb5c23bcfed/US09494741-20161115-D00000.png
US-2019224008-A1,A frame for an implantable medical device and a method of manufacturing a frame for an implantable medical device ,University Of Southampton,"Neil W. BRESSLOFF, Jonathan Bailey",2016-10-03,2017-10-03,2019-07-25,,https://patents.google.com/patent/US20190224008A1/en,https://patentimages.storage.googleapis.com/64/d4/e9/ac5326f2c99044/US20190224008A1-20190725-D00000.png
US-9594262-B2,"Optical devices, systems and methods ",University Of Southampton,"Nikolay Ivanovich Zheludev, Kevin Francis MacDonald, Jianfa Zhang, David John Richardson",2012-03-26,2013-03-12,2017-03-14,2017-03-14,https://patents.google.com/patent/US9594262B2/en,https://patentimages.storage.googleapis.com/42/6c/f1/5f3696eecf8301/US09594262-20170314-D00000.png
US-2020078401-A1,Compositions for cancer treatment and methods and uses for cancer treatment and prognosis ,"La Jolla Institute For Allergy And Immunology, University Of Southampton","Pandurangan Vijayanand, Christian OTTENSMEIER, Anusha Preethi GANESAN, James Clarke, Tilman SANCHEZ-ELSNER",2016-12-07,2017-12-07,2020-03-12,,https://patents.google.com/patent/US20200078401A1/en,https://patentimages.storage.googleapis.com/41/88/ed/567d123502f86d/US20200078401A1-20200312-D00000.png
EP-3047318-B1,Hollow-core photonic bandgap fibers ,University Of Southampton,"Eric Rodrigue Numkam FOKOUA, Francesco Poletti, David John Richardson",2013-09-20,2014-09-19,2020-07-15,2020-07-15,https://patents.google.com/patent/EP3047318B1/en,https://patentimages.storage.googleapis.com/6e/e8/a9/8fba74d10e3fff/imgf0001.png
WO-2017199026-A1,Electrode ,University Of Southampton,"Kai Yang, Christopher Thomas FREEMAN",2016-05-17,2017-05-17,2017-11-23,,https://patents.google.com/patent/WO2017199026A1/en,
EP-3430823-B1,Sound reproduction system ,University Of Southampton,"Filippo Maria Fazi, Marcos Felipe SIMÓN GÁLVEZ",2016-03-14,2017-03-14,2021-08-18,2021-08-18,https://patents.google.com/patent/EP3430823B1/en,https://patentimages.storage.googleapis.com/c8/b9/91/dcf5fbd8ff0d12/imgf0001.png
US-2020156987-A1,Method for fabricating an optical fibre preform ,University Of Southampton,"Natalie WHEELER, Peter SHARDLOW, Francesco Poletti",2017-07-05,2018-07-04,2020-05-21,,https://patents.google.com/patent/US20200156987A1/en,https://patentimages.storage.googleapis.com/31/df/2e/e68ee3ba4cf91d/US20200156987A1-20200521-D00000.png
JP-2021035375-A,Her2/neu cancer vaccines ,"アイコン ジェネティクス ゲーエムベーハー, Icon Genetics Gmbh, アイコン  ジェネティクス  ゲーエムベーハー, ユニヴァーシティ オブ サウサンプトンＵｎｉｖｅｒｓｉｔｙ ｏｆ Ｓｏｕｔｈａｍｐｔｏｎ, Univ Of Southampton, ユニヴァーシティ  オブ  サウサンプトン","サヴェリエヴァ、ナターリア, Savelyeva Natalia, ヤルチェウスキー、フランツィスカ, Jarczowski Franziska, カンヅィア、ロミー, Kandzia Romy, ニクスタット、アニヤ, Nickstadt Anja, ティーメ、フランク, Thieme Frank, クリミュク、ヴィクトール, Klimyuk Victor, グレバ、ユーリ, Gleba Yuri, − ミン、デュク ブイ, Bui-Minh Duc, −  ミン、デュク ブイ, ケイ． スティーブンソン、フリーダ, K Stevenson Freda, ケイ． スティーブンソン、フリーダ, チョトプラカイキアット、ワラユット, Chotprakaikiat Warayut",2013-03-11,2020-10-27,2021-03-04,,https://patents.google.com/patent/JP2021035375A/en,
EP-2480333-A2,Apparatus and method for the manipulation of objects using ultrasound ,"University Of Dundee, University Of Bristol, University Of Glasgow, University Of Southampton","Sandy Cochran, Bruce Drinkwater, Martyn Hill, David Cumming",2009-09-21,2010-09-21,2012-08-01,,https://patents.google.com/patent/EP2480333A2/en,
US-10537884-B2,Hierarchical aluminophosphates as catalysts for the Beckmann rearrangement ,"Advansix Resins & Chemicals Llc, University Of Southampton","Alan B. Levy, Robert Raja, Stephanie H. Newland, Scott R. Keenan, Simon R. Bare",2014-12-16,2018-10-16,2020-01-21,2020-01-21,https://patents.google.com/patent/US10537884B2/en,https://patentimages.storage.googleapis.com/23/e8/ab/b2fad45a4f1b77/US10537884-20200121-D00001.png
US-2014284932-A1,Turbine generator ,University Of Southampton,"Suleiman Mahmoud Sharkh, Alan Fraser, Michael Andrew Yuratich, Stephen Richard Turnock",2011-08-09,2012-08-09,2014-09-25,,https://patents.google.com/patent/US20140284932A1/en,https://patentimages.storage.googleapis.com/c0/d0/79/2ac005a3ef8e11/US20140284932A1-20140925-D00000.png
JP-2011144201-A,INTERFERON-beta FOR ANTI-VIRUS THERAPY FOR RESPIRATORY DISEASE ,"Univ Of Southampton, ユニバーシティ、オブ、サウサンプトン","Donna Elizabeth Davies, デビース，ドナ，エリザベス, Peter Alexander Blanch Wark, ウォーク，ピーター，アレクサンダー，ブランチ, Stephen Holgate, ホルゲート，スティーブン, Sebastian L Johnston, ジョンストン，セバスチャン，エル",2004-03-12,2011-04-20,2011-07-28,,https://patents.google.com/patent/JP2011144201A/en,https://patentimages.storage.googleapis.com/d6/2f/b1/b48bd7bf724546/2011144201-4.png
US-2020200969-A1,Optoelectronic Device and Method of Manufacturing Thereof ,University Of Southhampton,"Frederic Yannick Gardes, Katarzyna Monika GRABSKA",2017-06-09,2018-06-07,2020-06-25,,https://patents.google.com/patent/US20200200969A1/en,https://patentimages.storage.googleapis.com/39/8a/6c/2a806a47c88b68/US20200200969A1-20200625-D00000.png
WO-2020058682-A1,Impedance flow cytometry methods ,"University Of Southampton, The University Of Western Australia","Hywel Morgan, Daniel Spencer, Timothy John Jay Inglis",2018-09-17,2019-09-16,2020-03-26,,https://patents.google.com/patent/WO2020058682A1/en,
CN-111442788-A,Health monitoring method and system for overhead transmission line ,"南京晓庄学院, 南安普顿大学","陈勐勐, 阿里·马苏迪",2020-04-03,2020-04-03,2020-07-24,,https://patents.google.com/patent/CN111442788A/en,
WO-2020249964-A1,Method and apparatus for super-resolution optical imaging ,"University Of Southampton, Nanyang Technological University","Nikolay Ivanovich Zheludev, Guanghui YUAN, Nikitas Papasimakis, Vassily SAVINOV",2019-06-13,2020-06-12,2020-12-17,,https://patents.google.com/patent/WO2020249964A1/en,
GB-201201936-D0,Super-oscillatory lens device ,"Univ Southampton, Univ Bristol",,2012-02-03,2012-02-03,2012-03-21,,https://patents.google.com/patent/GB201201936D0/en,
BR-112013007289-A2,"process, process for producing a coated conductor and coated conduit ","Dow Chemical Co, Dow Global Technologies Llc, Gnosys Ik Ltd, Univ Southampton","Alan S Vaughan, Gary Stevens, Simon Sutton, Theo Geussens",2010-09-30,2011-09-23,2016-06-14,,https://patents.google.com/patent/BR112013007289A2/en,
WO-2014044997-A1,Apparatus for sensing at least one parameter in water ,University Of Southampton,"Hywel Morgan, Matthew Charles Mowlem, Xi Huang",2012-09-20,2013-09-19,2014-03-27,,https://patents.google.com/patent/WO2014044997A1/en,
US-2021190791-A1,Hif-1 and hif-2 inhibitors ,University Of Southampton,Ali Tavassoli,2016-01-27,2021-03-08,2021-06-24,,https://patents.google.com/patent/US20210190791A1/en,https://patentimages.storage.googleapis.com/09/39/4c/6db1d546af9792/US20210190791A1-20210624-D00000.png
US-2020003970-A1,"Grating couplers for a silicon on insulator waveguide, and methods of designing, fabricating and using the grating couplers ",University Of Southampton,"Riccardo Marchetti, Cosimo Lacava, Periklis Petropoulos, Paolo Minzioni, Graham T. Reed, Ilaria Cristiani",2018-06-29,2018-06-29,2020-01-02,,https://patents.google.com/patent/US20200003970A1/en,https://patentimages.storage.googleapis.com/55/f6/f2/5131186e0a6522/US20200003970A1-20200102-D00000.png
US-10571629-B1,Waveguide for an integrated photonic device ,University Of Southampton,"Harold Chong, Rafidah Petra, Graham Reed, Swe Zin Oo, Antulio Tarazona",2018-08-17,2018-08-17,2020-02-25,2020-02-25,https://patents.google.com/patent/US10571629B1/en,https://patentimages.storage.googleapis.com/f7/c5/3f/e0ee74a3fc2a6a/US10571629-20200225-D00000.png
WO-2016023762-A1,Fully parallel turbo decoding ,University Of Southampton,Robert MAUNDER,2014-08-13,2015-07-30,2016-02-18,,https://patents.google.com/patent/WO2016023762A1/en,
US-10394009-B2,Polarisation microscope ,University Of Southampton,"Edward Thomas Foss Rogers, Peter John Shand SMITH",2015-09-08,2016-09-07,2019-08-27,2019-08-27,https://patents.google.com/patent/US10394009B2/en,https://patentimages.storage.googleapis.com/56/a3/bf/22d301ec03dbc6/US10394009-20190827-D00000.png
US-10805720-B2,Audio signal processing apparatus and a sound emission apparatus ,"Huawei Technologies Co., Ltd., University Of Southampton","Simone Fontana, Yue Lang, Filippo FAZI, Mincheol Shin, Ferdinando OLIVERI",2015-08-13,2019-06-07,2020-10-13,2020-10-13,https://patents.google.com/patent/US10805720B2/en,https://patentimages.storage.googleapis.com/c4/d7/11/af0311d9d64051/US10805720-20201013-D00000.png
EP-4045081-A1,Cancer vaccine ,"University of Southampton, Cancer Research Malaysia","Natalia Savelyeva, Gareth Thomas, Christian OTTENSMEIER, Chuan Wang, Sok Ching Cheong, Kue Peng LIM",2019-10-18,2020-10-19,2022-08-24,,https://patents.google.com/patent/EP4045081A1/en,
WO-2020217052-A1,"Antiresonant hollow core fibre, preform therefor and method of fabrication ",University Of Southampton,Francesco Poletti,2019-04-24,2020-04-22,2020-10-29,,https://patents.google.com/patent/WO2020217052A1/en,
WO-2019215335-A1,Hollow cathode apparatus ,University Of Southampton,"Alexander Joey Nikolaos DAYKIN-ILIOPOULOS, Stephen Bernard GABRIEL, Igor GOLOSNOY",2018-05-11,2019-05-10,2019-11-14,,https://patents.google.com/patent/WO2019215335A1/en,
GB-201408841-D0,Nucleic acid processing ,Univ Southampton,,2014-05-19,2014-05-19,2014-07-02,,https://patents.google.com/patent/GB201408841D0/en,
WO-2022090381-A1,Atomic cooling and trapping methods and apparatus ,University Of Southampton,"Andrei-Aurel DRAGOMIR, Matthew David HIMSWORTH",2020-10-29,2021-10-28,2022-05-05,,https://patents.google.com/patent/WO2022090381A1/en,
CA-2868550-C,Process for producing polypropylene blends for thermoplastic insulation ,"Dow Global Technologies Llc, Simon Sutton, Theo E. Geussens, Alun VAUGHAN, Gary Stevens, University Of Southampton, Gnosys Global Ltd","Simon Sutton, Theo E. Geussens, Alun VAUGHAN, Gary Stevens",2012-03-29,2013-02-22,2020-04-07,2020-04-07,https://patents.google.com/patent/CA2868550C/en,
GB-201107129-D0,Laser with axially-symmetric beam profile ,Univ Southampton,,2011-04-28,2011-04-28,2011-06-08,,https://patents.google.com/patent/GB201107129D0/en,
CA-3075231-A1,Ph sensor and calibration method for the ph sensor ,"University Of Southampton, Hywel Morgan, Roel MINGELS","Hywel Morgan, Roel MINGELS",2017-09-13,2018-09-13,2019-03-21,,https://patents.google.com/patent/CA3075231A1/en,
US-2015249504-A1,Optical Transmitter ,University Of Southampton,"Radan Slavik, Joseph Kakande, David Richardson",2012-09-13,2013-09-13,2015-09-03,,https://patents.google.com/patent/US20150249504A1/en,https://patentimages.storage.googleapis.com/b6/c3/25/e2ba8faf69e486/US20150249504A1-20150903-D00000.png
US-2016236964-A1,Hollow-core photonic bandgap fibers and methods of manufacturing the same ,University Of Southampton,"Eric Rodrigue Numkam Fokoua, Francesco Poletti, David John Richardson, Yong Chen, Natalie Violet Wheeler, John Richard Hayes, Marco Petrovich",2013-09-20,2014-09-19,2016-08-18,,https://patents.google.com/patent/US20160236964A1/en,https://patentimages.storage.googleapis.com/ab/48/df/3d492e8853359d/US20160236964A1-20160818-D00000.png
WO-2019138005-A2,Novel combination and use of antibodies ,"Bioinvent International Ab, University Of Southampton","Björn FRENDÉUS, Ingrid Teige, Linda MÅRTENSSON, Mark Cragg, Stephen Beers, Ali Roghanian, Robert Oldham",2018-01-10,2019-01-10,2019-07-18,,https://patents.google.com/patent/WO2019138005A2/en,
US-2020089076-A1,Optical modulator ,"Rockley Photonics Limited, University Of Southampton","Guomin Yu, Aaron John Zilkie, Yi Zhang, David John Thomson",2017-03-24,2018-03-22,2020-03-19,,https://patents.google.com/patent/US20200089076A1/en,https://patentimages.storage.googleapis.com/bd/00/65/1709ea7530d241/US20200089076A1-20200319-D00000.png
US-2021311248-A1,Interferometric optical fibre sensors ,University Of Southampton,"Austin Taranta, Eric Numkam-Fokoua, Francesco Poletti, David Neil Payne",2018-08-06,2019-08-05,2021-10-07,,https://patents.google.com/patent/US20210311248A1/en,https://patentimages.storage.googleapis.com/67/aa/b3/9403a4a514b877/US20210311248A1-20211007-D00000.png
IL-289787-A,Antibody combinations for treatment of cancer in specific patients ,"Bioinvent Int Ab, Univ Southampton",,2019-07-17,2022-01-12,2022-03-01,,https://patents.google.com/patent/IL289787A/en,
NZ-705396-A,Apparatus for use for providing information on at least one muscle in a patient ,Univ Southampton,"Paul Hammond Chappell, Rodney Paul Lane",2012-07-27,2013-07-25,2016-09-30,,https://patents.google.com/patent/NZ705396A/en,
GB-2576190-A,Hollow core optical fibre ,Univ Southampton,"Teofil Jasion Gregory, Poletti Francesco",2018-08-08,2018-08-08,2020-02-12,,https://patents.google.com/patent/GB2576190A/en,
GB-201200186-D0,Magnetic field generator ,Univ Southampton,,2012-01-06,2012-01-06,2012-02-22,,https://patents.google.com/patent/GB201200186D0/en,
WO-2019122816-A1,Lateral flow diagnostic device ,University Of Southampton,"Robert William Eason, Collin Lawrence SONES, Ioannis Nikolaos Katis, Peijun HE",2017-12-22,2018-12-10,2019-06-27,,https://patents.google.com/patent/WO2019122816A1/en,
US-2017106367-A1,Fluid flow device with flow control and method for making the same ,University Of Southampton,"Collin Lawrence SONES, Robert William Eason, Ioannis Nikolaos KATIS",2014-05-12,2015-05-07,2017-04-20,,https://patents.google.com/patent/US20170106367A1/en,https://patentimages.storage.googleapis.com/74/95/b2/a195c830ff6e2c/US20170106367A1-20170420-D00000.png
CN-102439173-A,Predictive use of cpg methylation ,"南安普顿大学, 奥克兰大学服务公司, 农牧研究公司","K·M·戈弗雷, M·A·汉森, G·C·伯奇, K·A·利利克罗普, J·L·斯莱特-杰弗里斯, C·库珀, P·D·格拉克曼, A·M·谢泼德",2009-01-30,2010-01-29,2012-05-02,,https://patents.google.com/patent/CN102439173A/en,https://patentimages.storage.googleapis.com/d7/62/04/49803a6c3a322a/HDA0000093890940000061.png
US-2012015118-A1,Method and device for controlling the color of metals ,University Of Southampton,"Nikolay I. Zheludev, Kevin Francis MacDonald, Nikitas Papasimakis, Jianfa Zhang, Jun-Yu Ou",2010-07-13,2011-07-13,2012-01-19,,https://patents.google.com/patent/US20120015118A1/en,https://patentimages.storage.googleapis.com/b3/8d/60/22ae7c6f227495/US20120015118A1-20120119-D00000.png
US-2011261441-A1,Spectral Filter ,University Of Southampton,"Nikolay I. Zheludev, Eric Plum, Vassili A. Fedotov",2010-04-26,2011-04-25,2011-10-27,,https://patents.google.com/patent/US20110261441A1/en,https://patentimages.storage.googleapis.com/2a/06/bc/587bafc7a8340c/US20110261441A1-20111027-D00000.png
US-2018278244-A1,Flip-Flop ,"Arm Limited, University Of Southampton","Anand Savanth, James Edward Myers, Yunpeng CAI, Alexander Stewart Weddell, Tom Kazmierski",2016-10-27,2018-05-25,2018-09-27,,https://patents.google.com/patent/US20180278244A1/en,https://patentimages.storage.googleapis.com/e1/1b/2c/c562b1e8f45878/US20180278244A1-20180927-D00000.png
WO-2016005741-A1,Cell positioning and analysis device ,University Of Southampton,Jonathan West,2014-07-07,2015-07-07,2016-01-14,,https://patents.google.com/patent/WO2016005741A1/en,
EP-3752866-A1,"Nanostructured optical element, method for fabrication and uses thereof ",University of Southampton,"Rokas DREVINSKAS, Peter Kazansky, Ausra CERKAUSKAITE",2018-02-15,2019-02-13,2020-12-23,,https://patents.google.com/patent/EP3752866A1/en,
WO-2014170625-A1,Apparatus for electrically measuring individual particles flowing in a liquid ,University Of Southampton,"Daniel Christopher SPENCER, Hywel Morgan",2013-04-16,2014-04-15,2014-10-23,,https://patents.google.com/patent/WO2014170625A1/en,
WO-2015121684-A1,Sequestration of lithium ,University Of Southampton,"John Robert Owen, Nuria Garcia-Araez, Nora INTARANONT",2014-02-14,2015-02-16,2015-08-20,,https://patents.google.com/patent/WO2015121684A1/en,
GB-201508167-D0,Cleaning apparatus and method ,Univ Southampton,,2015-05-13,2015-05-13,2015-06-24,,https://patents.google.com/patent/GB201508167D0/en,
GB-201108139-D0,Nonlinear materials and related devices ,Univ Southampton,,2011-05-16,2011-05-16,2011-06-29,,https://patents.google.com/patent/GB201108139D0/en,
GB-2591194-A,Modulation of gene expression and screening for deregulated protein expression ,Univ Southampton,"Vorechovsky Igor, Kralovicova Jana",2015-10-09,2015-10-09,2021-07-21,,https://patents.google.com/patent/GB2591194A/en,
CN-106255833-A,MTR actuating device and using method ,洛德公司,"詹姆士·F·库恩, 基思·R·普塔克",2014-05-05,2014-11-05,2016-12-21,,https://patents.google.com/patent/CN106255833A/en,
WO-2020109768-A1,Method for fabricating nanostructured optical elements ,University Of Southampton,"Peter Kazansky, Masaaki Sakakura, Lei Wang",2018-11-26,2019-11-26,2020-06-04,,https://patents.google.com/patent/WO2020109768A1/en,
US-2022009028-A1,Method for fabricating nanostructured optical elements using polarised light ,University Of Southampton,"Peter Kazansky, Masaaki SAKAKURA, Lei Wang",2018-11-26,2019-11-26,2022-01-13,,https://patents.google.com/patent/US20220009028A1/en,https://patentimages.storage.googleapis.com/1b/5f/08/5ee8554f505b87/US20220009028A1-20220113-D00000.png
US-2022031870-A1,Metal complexes and fluorination thereof ,"Ge Healthcare Limited, University Of Southampton","Rajiv Bhalla, Gill REID, William Levason",2013-05-03,2021-08-05,2022-02-03,,https://patents.google.com/patent/US20220031870A1/en,https://patentimages.storage.googleapis.com/9a/b3/60/ecff14be7b8583/US20220031870A1-20220203-D00001.png
WO-2017014828-A3,Device and method for electrochemical detection ,"President And Fellows Of Harvard College, University Of Southampton","Maria-Nefeli TSALOGLOU, Alex Nemiroski, Dionysios CHRISTODULEAS, Gulden CAMCI-UNAL, John T. CONNELLY, Maria Teresa FERNANDEZ-ABEDUL, George M. Whitesides",2015-05-20,2016-05-16,2017-03-16,,https://patents.google.com/patent/WO2017014828A3/en,
US-2022050042-A1,Impedance flow cytometry apparatus ,University Of Southampton,"Hywel Morgan, Daniel Spencer",2018-09-17,2019-09-16,2022-02-17,,https://patents.google.com/patent/US20220050042A1/en,https://patentimages.storage.googleapis.com/d4/5e/18/534ddfecffb9bf/US20220050042A1-20220217-D00000.png
ES-2935894-T3,A method for electrically measuring the electrical properties of individual particles flowing in a liquid ,Univ Southampton,"Daniel Christopher Spencer, Hywel Morgan",2013-04-16,2014-04-15,2023-03-13,2023-03-13,https://patents.google.com/patent/ES2935894T3/en,
TW-201543424-A,Device to prevent a condition or disease associated with a lack of outdoor time ,"Univ Singapore, Univ Southampton","Seang Mei Saw, xin-quan Zhang, Suan Hui Pu",2014-03-31,2015-03-30,2015-11-16,,https://patents.google.com/patent/TW201543424A/en,
US-9007451-B2,Super-oscillatory lens apparatus and methods ,University Of Southampton,"Edward Thomas Foss Rogers, Nikolay Ivanovich Zheludev, John E Chad",2012-03-08,2012-03-08,2015-04-14,2015-04-14,https://patents.google.com/patent/US9007451B2/en,https://patentimages.storage.googleapis.com/af/d1/31/10b399e59f7649/US09007451-20150414-D00000.png
US-2019169306-A1,Cancer and b-cell related disease therapy ,University Of Southampton,"Martin John Glennie, Aymen Al-Shamkhani, Mark Steven Cragg, Sean Hua Lim",2016-07-29,2017-07-28,2019-06-06,,https://patents.google.com/patent/US20190169306A1/en,https://patentimages.storage.googleapis.com/e5/5e/41/fb38efe2001c95/US20190169306A1-20190606-D00000.png
EP-3137214-B1,Method for generating droplets ,University Of Southampton,Xize Niu,2014-04-30,2015-04-30,2020-08-19,2020-08-19,https://patents.google.com/patent/EP3137214B1/en,https://patentimages.storage.googleapis.com/e6/bb/91/c92cde75958b64/imgf0001.png
US-11504054-B2,Intra-uterine monitoring system ,University Of Southampton,"Hywel Morgan, Ying Cheong, Nick Macklon, Shilong Lu",2017-03-07,2017-03-07,2022-11-22,2022-11-22,https://patents.google.com/patent/US11504054B2/en,https://patentimages.storage.googleapis.com/f8/ec/9b/532bee712fb84c/US11504054-20221122-D00000.png
GB-2563364-A,Tunable laser ,"Rockley Photonics Ltd, Univ Southampton","Zilkie Aaron, John Thomson David, Yannick Gardes Frederic",2016-02-19,2017-02-17,2018-12-12,,https://patents.google.com/patent/GB2563364A/en,
US-2013128341-A1,Optical Amplifier System and Method ,"Chalmers University Of Technology, University College Cork, National University Of Ireland, University Of Southampton, National And Kapodestrian University Of Athens","Andrew Ellis, Stylianos Sygletos, Peter Andrekson, Antonio Bogris, David Richardson, Dimitris Syvridis",2009-12-03,2010-12-03,2013-05-23,,https://patents.google.com/patent/US20130128341A1/en,https://patentimages.storage.googleapis.com/df/56/e1/6c66464b7b5c36/US20130128341A1-20130523-D00000.png
US-10148051-B2,Modular electronic structures ,"University of Southampton, Research and Innovation Services","Reuben Wilcock, Thomas Redman",2015-12-23,2016-12-22,2018-12-04,2018-12-04,https://patents.google.com/patent/US10148051B2/en,https://patentimages.storage.googleapis.com/5e/cb/79/3f16be94aff93f/US10148051-20181204-D00000.png
EP-3662310-A1,Hollow core photonic bandgap optical fibres and methods of fabrication ,University of Southampton,"Gregory Teofil JASION, Francesco Poletti, Yong Chen, Eric Rodrigue Numakm FOKOUA, Thomas David BRADLEY",2017-08-02,2018-08-01,2020-06-10,,https://patents.google.com/patent/EP3662310A1/en,
US-2018120312-A1,Fluid flow device on a porous substrate and method for making the same ,University Of Southampton,"Collin Lawrence SONES, Robert William Eason",2015-05-07,2016-05-03,2018-05-03,,https://patents.google.com/patent/US20180120312A1/en,https://patentimages.storage.googleapis.com/a6/f9/83/e5f01d50c89228/US20180120312A1-20180503-D00000.png
US-2021033430-A1,Optical fiber sensing ,University Of Southampton,"Andrei Donko, Ali Masoudi, Martynas Beresna, Gilberto Brambilla",2018-02-20,2020-08-18,2021-02-04,,https://patents.google.com/patent/US20210033430A1/en,https://patentimages.storage.googleapis.com/e9/9d/8c/cd3bb7a270f134/US20210033430A1-20210204-D00000.png
WO-2018228848-A2,"Cleaning, healing and regeneration of tissue and wounds ",University Of Southampton,"Timothy LEIGHTON, David Voegeli, Christopher HARLING, Thomas SECKER, Craig DOLDER, Mengyang ZHU",2017-06-05,2018-06-04,2018-12-20,,https://patents.google.com/patent/WO2018228848A2/en,
JP-2017200906-A,Gas phase of oxime for producing lactam and liquid-phase catalyst beckmann rearrangement ,"ハネウェル・インターナショナル・インコーポレーテッドＨｏｎｅｙｗｅｌｌ Ｉｎｔｅｒｎａｔｉｏｎａｌ Ｉｎｃ．, Honeywell Internatl Inc, ハネウェル・インターナショナル・インコーポレーテッド, ユニバーシティー・オブ・サザンプトン, Univ Of Southampton","レヴィ，アラン・ビー, B Levy Alan, ラジャ，ロバート, Raja Robert, ポッター，マシュー・イー, E Potter Matthew",2011-10-28,2017-04-07,2017-11-09,,https://patents.google.com/patent/JP2017200906A/en,
WO-2014083044-A1,Gyroscopic system ,University Of Southampton,"Nicholas Charles TOWNSEND, Ramanand Ajit SHENOI",2012-11-30,2013-11-27,2014-06-05,,https://patents.google.com/patent/WO2014083044A1/en,
EP-2898316-A1,Apparatus for sensing at least one parameter in water ,University of Southhampton,"Hywel Morgan, Matthew Charles Mowlem, Xi Huang",2012-09-20,2013-09-19,2015-07-29,,https://patents.google.com/patent/EP2898316A1/en,
WO-2014044998-A1,Apparatus for sensing at least one parameter in water ,University Of Southampton,"Hywel Morgan, Matthew Charles MOWLEM, Xi Huang, Robin William PASCAL",2012-09-20,2013-09-19,2014-03-27,,https://patents.google.com/patent/WO2014044998A1/en,
US-9816962-B2,Apparatus with a self-cleaning electrode for sensing at least one parameter in water ,University Of Southampton,"Hywel Morgan, Matthew Charles Mowlem, Xi Huang, Robin William Pascal",2012-09-20,2013-09-19,2017-11-14,2017-11-14,https://patents.google.com/patent/US9816962B2/en,https://patentimages.storage.googleapis.com/fb/0f/44/3e5599f5539319/US09816962-20171114-D00000.png
AU-2018223899-A1,Methods for generating and screening compartmentalised peptide libraries ,University Of Southampton,"Martin Fischlechner, Catrin SOHRABI, Ali Tavassoli",2017-02-23,2018-02-22,2019-09-12,,https://patents.google.com/patent/AU2018223899A1/en,
US-2017248760-A1,Optical (de)multiplexers ,University Of Southampton,"Youfang Hu, Graham Reed, David Thomson",2014-09-19,2015-09-21,2017-08-31,,https://patents.google.com/patent/US20170248760A1/en,https://patentimages.storage.googleapis.com/2b/28/09/2af32e9662bd81/US20170248760A1-20170831-D00000.png
EP-2426483-A1,Hydrogen Sensors ,"University of Southhampton, Universite Paul Sabatier Toulouse III, Centre National De La Recherche Scientifique CNRS","Ashwin Rajiu Usgaocar, Cornelis Hendrik de Groot, Valerie Chavagnac, Cedric Boulart",2010-09-02,2010-09-02,2012-03-07,,https://patents.google.com/patent/EP2426483A1/en,https://patentimages.storage.googleapis.com/fd/dc/7c/228dd4bed586dd/imgf0001.png
US-11187518-B2,Method and apparatus for super-resolution optical metrology ,"University Of Southampton, Nanyang Technological University","Nikolay Ivanovich Zheludev, Guanghui Yuan",2019-11-07,2019-11-07,2021-11-30,2021-11-30,https://patents.google.com/patent/US11187518B2/en,https://patentimages.storage.googleapis.com/50/ac/e2/9842deefca1b80/US11187518-20211130-D00000.png
WO-2013093514-A3,Vaccines - peptides ,"Retroscreen Virology Ltd, University Of Southampton, The Chancellor, Masters And Scholars Of The University Of Oxford","Robert Lambkin-Williams, John Sidney Oxford, Thomas Wilkinson, Chris Li, Anthony Gilbert, Andrew Mcmichael, Xiao-Ning Xu",2011-12-23,2012-12-21,2013-08-15,,https://patents.google.com/patent/WO2013093514A3/en,
EP-3107558-B1,Treating infection ,"University of Southampton, University of Cape Town","Howard William CLARK, William HORSNELL",2014-02-19,2015-02-19,2020-04-01,2020-04-01,https://patents.google.com/patent/EP3107558B1/en,https://patentimages.storage.googleapis.com/3d/de/0c/e7b238de9d1e28/imgf0001.png
US-2020233248-A1,Liquid crystal spatial light modulator ,"Universite De Strasbourg, Centre National De La Recherche Scientifique, University Of Southampton","Thomas M. HEISER, Thomas M. REGRETTIER, Malgosia KACZMAREK",2017-08-17,2018-07-19,2020-07-23,,https://patents.google.com/patent/US20200233248A1/en,https://patentimages.storage.googleapis.com/1d/01/06/6ef933e7eaddd8/US20200233248A1-20200723-D00000.png
GB-201720342-D0,Apparatus and method for prevention and treatment pf marine biofouling ,Univ Southampton,,2017-12-06,2017-12-06,2018-01-17,,https://patents.google.com/patent/GB201720342D0/en,
GB-201201917-D0,Haptic device ,Univ Southampton,,2012-02-03,2012-02-03,2012-03-21,,https://patents.google.com/patent/GB201201917D0/en,
US-2015037790-A1,Cytosine variant detection ,The University Of Southampton,"Keith R. Fox, Tom Brown, Scott T. Kimber",2013-07-05,2014-07-07,2015-02-05,,https://patents.google.com/patent/US20150037790A1/en,https://patentimages.storage.googleapis.com/5e/ed/b9/4c80b6c8191115/US20150037790A1-20150205-D00001.png
US-9684194-B2,Method for making electro-optical device ,University Of Southampton,"Frederic Gardes, David Thomson, Graham Reed",2012-08-14,2014-09-02,2017-06-20,2017-06-20,https://patents.google.com/patent/US9684194B2/en,https://patentimages.storage.googleapis.com/40/00/4b/430614da3e9497/US09684194-20170620-D00000.png
EP-2433141-A2,Tissue analysis ,The University Of Southampton,"Benjamin Leo Nicholas, Karl James Staples, Thomas Michael Alan Wilkinson, Ratko Djukanovic",2009-05-21,2010-05-19,2012-03-28,,https://patents.google.com/patent/EP2433141A2/en,
WO-2010142943-A3,Process for reducing carbon dioxide emissions ,University Of Southampton,"John Munford, Richard Sanders",2009-06-10,2010-06-08,2011-03-17,,https://patents.google.com/patent/WO2010142943A3/en,
EP-3864693-A1,Method of achieving a functional electronic textile ,University Of Southampton,"Stephen Paul Beeby, John Michael TUDOR, Menglong LI",2018-10-11,2019-10-11,2021-08-18,,https://patents.google.com/patent/EP3864693A1/en,
WO-2018215804-A1,"Tunable cmos circuit, template matching module, neural spike recording system, and fuzzy logic gate ",University Of Southampton,"Alexantrou SERB, Themistoklis Prodromakis",2017-05-26,2018-05-29,2018-11-29,,https://patents.google.com/patent/WO2018215804A1/en,
EP-3661410-B1,Wearable antenna and intra-uterine monitoring system ,University Of Southampton,"Hywel Morgan, Shilong LU, Ying CHEONG",2017-08-01,2018-08-01,2022-02-23,2022-02-23,https://patents.google.com/patent/EP3661410B1/en,https://patentimages.storage.googleapis.com/ec/0e/ba/3b4f50c897730c/imgf0001.png
EP-3539131-B1,Method and system for detecting events in an input signal using volatile memristor state change ,University Of Southampton,"Isha GUPTA, Alexantrou SERB, Themistoklis Prodromakis",2016-11-11,2017-10-16,2021-03-24,2021-03-24,https://patents.google.com/patent/EP3539131B1/en,https://patentimages.storage.googleapis.com/43/a2/4b/baebd20b68f9f0/imgf0001.png
US-11256113-B2,Optical structure and method of fabricating an optical structure ,University Of Southampton,"Kapil Debnath, Graham Reed, Shinichi Saito",2016-08-11,2017-08-09,2022-02-22,2022-02-22,https://patents.google.com/patent/US11256113B2/en,https://patentimages.storage.googleapis.com/21/fd/9b/8470a4b1117341/US11256113-20220222-D00000.png
US-2013166077-A1,Apparatus and method of vibration control ,University Of Southampton,"Stephen John Elliott, Michele Zilletti, Paolo Gardonio",2010-03-19,2011-03-18,2013-06-27,,https://patents.google.com/patent/US20130166077A1/en,https://patentimages.storage.googleapis.com/76/56/1d/2c3f5620e04327/US20130166077A1-20130627-D00000.png
WO-2012035119-A1,Memory aid ,University Of Southampton,"Geoffrey Victor Merrett,  Dirk De Jager, Bashir Mohammed Ali Al-Hashimi, Wendy Hall, Nigel Richard Shadbolt",2010-09-15,2011-09-15,2012-03-22,,https://patents.google.com/patent/WO2012035119A1/en,
US-8779125-B2,Ammoximation process ,University Of Southampton,"Robert Raja, John Meurig Thomas",2007-07-03,2013-05-08,2014-07-15,2014-07-15,https://patents.google.com/patent/US8779125B2/en,
US-10736933-B2,Peptide-induced NK cell activation ,University Of Southampton,Salim Iqbal Khakoo,2015-11-10,2016-11-09,2020-08-11,2020-08-11,https://patents.google.com/patent/US10736933B2/en,https://patentimages.storage.googleapis.com/d4/a8/3b/94b5c7a6cad5a7/US10736933-20200811-D00001.png
US-2023093989-A1,Method and apparatus for obtaining chemical and/or material specific information of a sample using light scattered by rayleigh scattering and/or raman scattering ,University Of Southampton,"Sumeet Mahajan, Niall Hanrahan, Konstaninos BOURDAKOS, Simon Lane",2020-02-17,2021-02-16,2023-03-30,,https://patents.google.com/patent/US20230093989A1/en,https://patentimages.storage.googleapis.com/0b/ec/39/46dc58440b9938/US20230093989A1-20230330-D00002.png
US-11460638-B2,"Fused fibre couplers, and apparatuses and methods for the manufacture and use thereof ","University Of Southampton, Indian Institute Of Technology Madras","Shankar Pidishety, Balaji Srinivasan, Gilberto Brambilla",2016-06-03,2016-06-03,2022-10-04,2022-10-04,https://patents.google.com/patent/US11460638B2/en,https://patentimages.storage.googleapis.com/a3/2c/28/8706b32104a5cc/US11460638-20221004-D00000.png
GB-2518420-B,Hollow-core photonic bandgap fibers and methods of manufacturing the same ,Univ Southampton,"Rodrigue Numkam Fokoua Eric, Poletti Francesco, John Richardson David, Chen Yong, Violet Wheeler Natalie, Richard Hayes John, Petrovich Marco",2013-09-20,2013-09-20,2019-05-01,2019-05-01,https://patents.google.com/patent/GB2518420B/en,
CN-110115050-A,A kind of device and method for generating sound field ,"华为技术有限公司, 南安普顿大学","西蒙妮·方塔纳, 费迪南多·奥利弗里, 菲利波·法齐, 菲利普·内尔松",2016-06-30,2016-06-30,2019-08-09,,https://patents.google.com/patent/CN110115050A/en,
WO-2020216917-A1,Photonic chip and method of manufacture ,University Of Southampton,"David Thomson, Graham Reed, Wei Wei Zhang, Martin Ebert",2019-04-24,2020-04-24,2020-10-29,,https://patents.google.com/patent/WO2020216917A1/en,
EP-3463661-B1,Fluid flow device and method for making the same ,University Of Southampton,"Robert Eason, Collin SONES, Ioannis KATIS, Peijun HE",2016-06-02,2017-05-10,2021-11-24,2021-11-24,https://patents.google.com/patent/EP3463661B1/en,https://patentimages.storage.googleapis.com/2a/5d/a0/197936ba011138/imgf0001.png
GB-201014823-D0,Solar cell ,Univ Southampton,,2010-09-07,2010-09-07,2010-10-20,,https://patents.google.com/patent/GB201014823D0/en,
US-2022043203-A1,Photonic chip and method of manufacture ,University Of Southampton,"Graham Reed, David Thomson",2018-12-21,2019-12-19,2022-02-10,,https://patents.google.com/patent/US20220043203A1/en,https://patentimages.storage.googleapis.com/3a/01/84/25ab65f547adf0/US20220043203A1-20220210-D00000.png
US-9025152-B2,Microfluidic absorption cell ,University Of Southampton,"Cedric Florian Aymeric Floquet, Hywel Morgan, Vincent Joseph Sieben, Iain Rodney George Ogilvie, Matthew Charles Mowlem",2010-02-04,2011-02-04,2015-05-05,2015-05-05,https://patents.google.com/patent/US9025152B2/en,https://patentimages.storage.googleapis.com/33/61/62/b47451e20c1521/US09025152-20150505-D00000.png
US-2016369327-A1,Fluorophore-based oligonucleotide probes with a universal element ,"Lgc Limited, University Of Southampton","David French, Paul Debenham, Rebecca Howard, Tom Brown, James Richardson",2013-06-18,2014-06-18,2016-12-22,,https://patents.google.com/patent/US20160369327A1/en,https://patentimages.storage.googleapis.com/79/0f/19/4058db393a73a7/US20160369327A1-20161222-D00000.png
EP-2806901-B1,Radiofluorination method ,"GE Healthcare UK Limited, University Of Southampton","Rajiv Bhalla, Sajinder Kaur Luthra, Gill REID, William Levason",2012-01-23,2013-01-22,2016-03-30,2016-03-30,https://patents.google.com/patent/EP2806901B1/en,https://patentimages.storage.googleapis.com/48/a1/00/b9db48ab372c4c/imgf0001.png
WO-2012038690-A1,Optical signal processing ,University Of Southampton,"Joseph Kakande, Francesca Parmigiani, Periklis Petropoulos, David John Richardson, Radan Slavik",2010-09-22,2011-09-16,2012-03-29,,https://patents.google.com/patent/WO2012038690A1/en,
WO-2011042708-A3,Solar cell assembly ,University Of Southampton,"Pattareeya Kittidachachan, Tomas Markvart, Lefteris Danos",2009-10-09,2010-10-11,2011-12-15,,https://patents.google.com/patent/WO2011042708A3/en,
WO-2011110845-A2,Apparatus and method for measurement of hand joint movement ,University Of Southampton,"Cheryl Diane Metcalf, Scott Victor Notley",2010-03-09,2011-03-08,2011-09-15,,https://patents.google.com/patent/WO2011110845A2/en,
GB-2527779-A,Fluid flow device with flow control and method for making the same ,Univ Southampton,"Collin Lawrence Sones, Robert William Eason, Ioannis Nikolaos Katis",2014-07-01,2014-07-01,2016-01-06,,https://patents.google.com/patent/GB2527779A/en,
ES-2805047-T3,Peptide-induced NK cell activation ,Univ Southampton,Salim Iqbal Khakoo,2014-05-09,2015-05-08,2021-02-10,2021-02-10,https://patents.google.com/patent/ES2805047T3/en,
GB-2508399-A,Marine vehicle using a gyroscopic system to generate power for a propulsion system ,Univ Southampton,"Nicholas Charles Townsend, Ramanand Ajit Shenoi",2012-11-30,2012-11-30,2014-06-04,,https://patents.google.com/patent/GB2508399A/en,
WO-2021007569-A1,Intratumoral tfr cells curtail anti-pd-1 treatment efficacy ,"La Jolla Institute For Immunology, University Of Southampton","Pandurangan VIJAYANAND, Christian OTTENSMEIER, Simon ESCHWEILER",2019-07-11,2020-07-11,2021-01-14,,https://patents.google.com/patent/WO2021007569A1/en,
WO-2020178555-A1,Method and system for electro-optic modulation ,University Of Southampton,"Graham Trevor REED, Ke Li, Sheghao LIU, David John Thomson",2019-03-05,2020-02-26,2020-09-10,,https://patents.google.com/patent/WO2020178555A1/en,
GB-2479912-A,Flexible blades for water wheels and hydrostatic pressure machines ,Univ Southampton,Nick Linton,2010-04-28,2010-04-28,2011-11-02,,https://patents.google.com/patent/GB2479912A/en,
EP-2553750-B1,"Fuel cell, catalyst and methods ",University Of Southampton,"Alexandros Anastasopoulos, Brian Elliott Hayden",2010-03-26,2011-03-21,2014-04-30,2014-04-30,https://patents.google.com/patent/EP2553750B1/en,https://patentimages.storage.googleapis.com/06/f2/34/034242f4e2e6cf/imgf0001.png
WO-2019183610-A9,"Tissue resident memory cell profiles, and uses thereof ","La Jolla Institute For Allergy And Immunology, University Of Southampton","Pandurangan VIJAYANAND, Christian OTTENSMEIER, James Clarke, Tilman Sanchez-Elsner, Simon ESCHWEILER, Ferhat AY",2018-03-23,2019-03-22,2019-12-12,,https://patents.google.com/patent/WO2019183610A9/en,
WO-2019141627-A1,Methods to predict risk of and to stratify sarcopenia and nad deficiency ,"University Of Southampton, Agency For Science, Technology And Research","Jerome FEIGE, Keith Malcolm GODFREY, Neerja KARNANI, Eugenia Migliavacca",2018-01-17,2019-01-14,2019-07-25,,https://patents.google.com/patent/WO2019141627A1/en,
KR-20200079265-A,Use of NOX inhibitors for the treatment of cancer ,"겐쿄텍스 스위스 에스아, 유니버시티 오브 사우스햄튼","필립 비젤, 프레디 하이츠, 가레쓰 토마스, 크리스토퍼 한레이, 커스티 포드",2017-11-01,2018-11-01,2020-07-02,,https://patents.google.com/patent/KR20200079265A/en,https://patentimages.storage.googleapis.com/4a/a5/71/f1b6fb146e4b63/pct00021.png
US-2019307874-A1,Meningococcal infection and modified neisseria lactamica ,University Of Southampton,"Jay Robert Laver, Robert Charles Read",2015-12-15,2016-12-15,2019-10-10,,https://patents.google.com/patent/US20190307874A1/en,https://patentimages.storage.googleapis.com/85/1c/5b/a682afc9b0e043/US20190307874A1-20191010-D00000.png
EP-3630610-A1,Ice protection system ,"University Of Southampton, Ultra Electronics Limited","Ian Stothers, Tim WATERS",2017-06-01,2018-05-31,2020-04-08,,https://patents.google.com/patent/EP3630610A1/en,
US-2016062239-A1,Method for fabricating at least one aperture with shaped sidewalls in a layer of a light sensitive photopolymer ,University Of Southampton,"Hywel Morgan, Sumit Kalsi, Maurits de Planque, Kian Shen Kiang",2014-05-19,2015-05-15,2016-03-03,,https://patents.google.com/patent/US20160062239A1/en,https://patentimages.storage.googleapis.com/21/a0/53/17432544c12d54/US20160062239A1-20160303-D00001.png
GB-201810517-D0,Electrically insulating h-BN composite material ,"Gnosys Global Ltd, Univ Southampton",,2018-06-27,2018-06-27,2018-08-15,,https://patents.google.com/patent/GB201810517D0/en,
WO-2018234833-A1,Plant or seed coating ,University Of Southampton,"Lindy HOLDEN-DYE, Vincent O'CONNOR, Peter Urwin",2017-06-23,2018-06-25,2018-12-27,,https://patents.google.com/patent/WO2018234833A1/en,
EP-3602153-A1,Erasable optical coupler ,University Of Southampton,"Xia Chen, Milan Milosevic, Graham Trevor REED, David John Thomson",2017-03-24,2018-03-14,2020-02-05,,https://patents.google.com/patent/EP3602153A1/en,
GB-201307843-D0,Haplotype detection ,Univ Southampton,,2013-05-01,2013-05-01,2013-06-12,,https://patents.google.com/patent/GB201307843D0/en,
GB-201719576-D0,"Magnetic field sensors, methods of detecting a magnetic field, and related magnetically responsive light propagating components and optical devices ",Univ Southampton,,2017-11-24,2017-11-24,2018-01-10,,https://patents.google.com/patent/GB201719576D0/en,
WO-2018073566-A1,Method and system for detecting an event and determine information about it (like its strength) using resistve state changes of a memristor ,University Of Southampton,"Isha GUPTA, Alexantrou SERB, Themistoklis Prodromakis",2016-10-18,2017-10-16,2018-04-26,,https://patents.google.com/patent/WO2018073566A1/en,
WO-2013093512-A3,Vaccine - screening method ,"Retroscreen Virology Ltd, University Of Southampton","Robert Lambkin-Williams, John Sidney Oxford, Thomas Wilkinson",2011-12-23,2012-12-21,2013-11-14,,https://patents.google.com/patent/WO2013093512A3/en,
GB-201216861-D0,Apparatus for sensing at least one parameter in water ,Univ Southampton,,2012-09-20,2012-09-20,2012-11-07,,https://patents.google.com/patent/GB201216861D0/en,
US-2017139133-A1,Optical fibre assembly and method of making an optical fibre assembly ,University Of Southampton,"Christopher Holmes, Peter George Robin Smith, James Christopher Gates, Lewis Glynn Carpenter",2014-06-18,2015-06-17,2017-05-18,,https://patents.google.com/patent/US20170139133A1/en,https://patentimages.storage.googleapis.com/ba/47/f0/c1899467a80e8b/US20170139133A1-20170518-D00000.png
US-2017175294-A1,Melt-growth of single-crystal alloy semiconductor structures and semiconductor assemblies incorporating such structures ,University Of Southampton,"Frederic Yannick Gardes, Graham Trevor Reed, Callum George Johns",2014-06-06,2015-06-05,2017-06-22,,https://patents.google.com/patent/US20170175294A1/en,https://patentimages.storage.googleapis.com/e9/bf/96/455f5c61415491/US20170175294A1-20170622-D00000.png
WO-2017109477-A2,Protein ,"University Of Southampton, Spiber Technologies Ab","Professor Howard William CLARK, Alastair Samuel WATSON, Jens Madsen, Jan Johansson, Anna Rising, Nina Kronqvist, Kerstin Nordling",2015-12-22,2016-12-21,2017-06-29,,https://patents.google.com/patent/WO2017109477A2/en,
CN-102227404-B,Ammoximation process ,南安普敦大学,"罗伯特·拉贾, A·J·帕特森",2009-01-07,2010-01-06,2014-03-26,2014-03-26,https://patents.google.com/patent/CN102227404B/en,https://patentimages.storage.googleapis.com/6c/c4/c6/f8e89a5e113e73/HPA00001385358000021.png
GB-201813894-D0,Hollow-core photonic bandgap fibers and methods of manufacturing the same ,Univ Southampton,,2013-09-20,2013-09-20,2018-10-10,,https://patents.google.com/patent/GB201813894D0/en,
US-2022033464-A1,Methods and compositons for modulations of immune response ,"La Jolla Institute For Immunology, University Of Southampton","Pandurangan Vijayanand, Ferhat AY, Divya Singh, Anusha Preethi GANESAN, Bharat PANWAR, Christian OTTENSMEIER",2018-08-24,2019-08-23,2022-02-03,,https://patents.google.com/patent/US20220033464A1/en,https://patentimages.storage.googleapis.com/d3/18/4b/42dbb8e4dfbc3b/US20220033464A1-20220203-D00000.png
GB-2595936-B,Gas phase Raman instrument for the detection of gaseous species using a hollow core fibre ,"Is Instruments Ltd, Univ Southampton","James Foster Michael, Storey Jonathan, Brooks William, Violet Wheeler Natalie, Colin Partridge Matthew",2020-06-12,2020-06-12,2023-03-29,2023-03-29,https://patents.google.com/patent/GB2595936B/en,
WO-2021032947-A1,Method and composition ,University Of Southampton,"Jin YAO, Brian Hayden",2019-08-16,2020-08-07,2021-02-25,,https://patents.google.com/patent/WO2021032947A1/en,
WO-2012032358-A1,Immunogenic composition comprising neisseria menigitidis macrophage infectivity potentiator protein ,University Of Southampton,"John Edward Heckels, Myron Christodoulides",2010-09-09,2011-09-09,2012-03-15,,https://patents.google.com/patent/WO2012032358A1/en,
GB-201110212-D0,Optical signal processing ,Univ Southampton,,2011-06-16,2011-06-16,2011-08-03,,https://patents.google.com/patent/GB201110212D0/en,
US-2014280639-A1,"Methods, Systems, and Devices for Analyzing Social Media Content ","University Of Southampton, Edelman , Inc.","Jonny Bentwood, Jonathan Hargreaves, Ramine Tinati, Wendy Hall, Leslie Carr",2013-03-15,2013-11-11,2014-09-18,,https://patents.google.com/patent/US20140280639A1/en,https://patentimages.storage.googleapis.com/d2/bb/18/c28ef67347e2dc/US20140280639A1-20140918-D00000.png
WO-2015067952-A1,Phenotype prediction by determining the methylation status of genes ,"University Of Southampton, Agency For Science, Technology And Research","Keith Malcolm GODFREY, Karen Ann LILLYCROP, Joanna Dawn HOLBROOK, Mark Adrian HANSON, Cyrus Cooper",2013-11-06,2014-11-06,2015-05-14,,https://patents.google.com/patent/WO2015067952A1/en,
US-2013164315-A1,Vaccines - Screening Method ,"University Of Southampton, Retroscreen Virology","Robert Lambkin-Williams, John S. Oxford, Thomas Wilkinson",2011-12-23,2011-12-23,2013-06-27,,https://patents.google.com/patent/US20130164315A1/en,https://patentimages.storage.googleapis.com/2d/fe/a4/b1b67003367c73/US20130164315A1-20130627-D00000.png
WO-2019063994-A1,Penile compression device ,University Of Southampton,"Miranda FADER, Daniel Lawrence Bader, Joseph Matthew Hendrik LEMMENS",2017-09-26,2018-09-26,2019-04-04,,https://patents.google.com/patent/WO2019063994A1/en,
GB-2561811-A,Optical device ,"Rockley Photonics Ltd, Univ Southampton","Zilkie Aaron, Yannick Gardes Frederic, Mastronardi Lorenzo",2017-01-25,2017-01-25,2018-10-31,,https://patents.google.com/patent/GB2561811A/en,
WO-2017077307-A1,Therapy and pharmaceutical composition ,University Of Southampton,"Philip Alan GALE, Ethan Nam Wei HOWE, Wim Van ROSSOM",2015-11-06,2016-11-03,2017-05-11,,https://patents.google.com/patent/WO2017077307A1/en,
WO-2011033291-A1,Processing of object detection signals ,University Of Southampton,Peter Graham Challenor,2009-09-15,2010-09-13,2011-03-24,,https://patents.google.com/patent/WO2011033291A1/en,
US-2015079118-A1,MicroRNA Treatment for Asthma ,University Of Southampton,"Peter Hugo HOWARTH, Tilman SANCHEZ-ELSNER, Hitasha RUPANI",2013-09-19,2014-09-18,2015-03-19,,https://patents.google.com/patent/US20150079118A1/en,https://patentimages.storage.googleapis.com/7f/95/37/c849592a54ac13/US20150079118A1-20150319-D00001.png
GB-2540744-B,Photonic Digital-to-Analogue Converter ,"Ew Simulation Tech Ltd, Univ Southampton","Kim Joonyoung, Slavik Radan, J Richardson David, Chester-Parsons John",2015-07-16,2015-07-16,2017-08-30,2017-08-30,https://patents.google.com/patent/GB2540744B/en,
WO-2015185750-A1,Melt-growth of single-crystal alloy semiconductor structures and semiconductor assemblies incorporating such structures ,University Of Southampton,"Frederic Yannick GARDES, Graham Trevor REED, Callum George LITTLEJOHNS",2014-06-06,2015-06-05,2015-12-10,,https://patents.google.com/patent/WO2015185750A1/en,
WO-2015030677-A2,A method of predicting one or more neuro-developmental phenotypes of a subject ,"University Of Southampton, Agency For Science Technology And Research","Karen Ann LILLYCROP, Keith Malcolm GODFREY, Joanna Dawn HOLBROOK",2013-08-27,2014-08-27,2015-03-05,,https://patents.google.com/patent/WO2015030677A2/en,
GB-2503002-B,A wearable pack comprising a portable shelter ,Southampton Solent Univ,David Hartley Michael,2012-06-13,2012-06-13,2016-05-25,2016-05-25,https://patents.google.com/patent/GB2503002B/en,
GB-202213773-D0,Apparatus and method for monitoring disease ,"Univ Southampton, Univ Hospital Southampton Nhs Foundation Trust",,2022-09-21,2022-09-21,2022-11-02,,https://patents.google.com/patent/GB202213773D0/en,
GB-201012855-D0,Apparatus and method for the manipulation of objects using ultrasound ,"Univ Dundee, Univ Southampton, Univ Glasgow, Univ Bristol",,2010-07-30,2010-07-30,2010-09-15,,https://patents.google.com/patent/GB201012855D0/en,
JP-2022058627-A,Intra-uterine monitoring system ,"ユニヴァーシティ・オブ・サウザンプトン, Univ Of Southampton","ハイウェル モーガン, Morgan Hywel, イン チェオン, Ying Cheong, ニック マクロン, Macklon Nick, シーロン ルー, Shilong Lu",2022-01-14,2022-01-14,2022-04-12,,https://patents.google.com/patent/JP2022058627A/en,https://patentimages.storage.googleapis.com/b1/77/6f/4836286f0aa732/2022058627000002.png
WO-2022053572-A1,Hydroxy-pyridinaldoxime scaffolds ,"Centre National De La Recherche Scientifique, Etat Français, Service De Santé Des Armées Représenté Par Le Délégué Général De L'armement, Université De Strasbourg, University Of Southampton","Rachid Baati, Richard Brown, José DIAS, Alex MARYAN-INSTONE, Florian Nachon, Jagadeesh YERRI, Camille VOROS",2020-09-11,2021-09-09,2022-03-17,,https://patents.google.com/patent/WO2022053572A1/en,
TW-202228783-A,Drugs conjugated with hexose phosphate and methods of making and using same ,"美國密西西比州立大學, 英國南安普敦大學","柱元 朴, 根碩 徐, 李昇瑞",2020-10-01,2021-10-01,2022-08-01,,https://patents.google.com/patent/TW202228783A/en,https://patentimages.storage.googleapis.com/13/02/f4/48ddf29d6c7c40/110136699-A0304-14-0001-1.png
EP-3599844-A1,Anti-adam33 oligonucleotides and related methods ,"University of Massachusetts, University Of Southampton","Jonathan Watts, Hans Michael HAITCHI, Hannah PENDERGRAFF",2017-06-07,2018-06-06,2020-02-05,,https://patents.google.com/patent/EP3599844A1/en,
US-2022255297-A1,An optoelectronic semiconductor device ,"University Of Southampton, University College London","Frederic Gardes, Alwyn John Seeds, Huiyun Liu, Siming Chen",2019-07-26,2020-07-27,2022-08-11,,https://patents.google.com/patent/US20220255297A1/en,https://patentimages.storage.googleapis.com/7c/7c/23/ebda4f3854408e/US20220255297A1-20220811-D00000.png
US-2020206319-A1,Method for preventing or treating sexually transmitted infections ,"University Of Cape Town, University Of Southampton","Georgia Schäfer, William Gordon Charles Horsnell, Howard William Clark",2017-07-17,2018-07-17,2020-07-02,,https://patents.google.com/patent/US20200206319A1/en,https://patentimages.storage.googleapis.com/d1/5d/cb/5460795420a40c/US20200206319A1-20200702-D00000.png
WO-2023285817-A1,Steerable optical reflector and optical switch ,"University Of Southampton, University Of Bristol","Frederic Gardes, George Kanellos",2021-07-15,2022-07-13,2023-01-19,,https://patents.google.com/patent/WO2023285817A1/en,
WO-2022245285-A2,Method of detecting photons and photon detector arrangement ,"Nanyang Technological University, University Of Southampton","Anton VETLUGIN, Cesare Soci, Nikolay Ivanovich Zheludev",2021-05-17,2022-05-13,2022-11-24,,https://patents.google.com/patent/WO2022245285A2/en,
SG-11202113104X-A,"Optical fiber, lighting apparatus having the same, and method for forming the same ","Univ Nanyang Tech, Univ Southampton","Seongwoo Yoo, David Payne",2019-08-30,2020-08-27,2021-12-30,,https://patents.google.com/patent/SG11202113104XA/en,
IL-209530-A0,Total plasma fvi i /fvi ia levels as indicators of pre--eclampsia of pregnant females ,"Univ Southampton, Univ Minas Gerais",,2008-05-23,2010-11-23,2011-01-31,,https://patents.google.com/patent/IL209530A0/en,
GB-201122299-D0,Vaccines-peptides ,"Retroscreen Virology Ltd, Univ Oxford, Univ Southampton",,2011-12-23,2011-12-23,2012-02-01,,https://patents.google.com/patent/GB201122299D0/en,
WO-2015185940-A1,Ion implantation in amorphous chalcogenides ,"University Of Surrey, University Of Southampton","Richard Curry, Daniel Hewak, Jin YAO",2014-06-06,2015-06-05,2015-12-10,,https://patents.google.com/patent/WO2015185940A1/en,
US-11480515-B2,Method and apparatus for characterizing an object ,"University Of Southampton, Nanyang Technological University","Nikolay Ivanovich Zheludev, Nikitas Papasimakis, Jun-Yu Ou, Tanchao PU, Sergei KURDIUMOV, Eng Aik CHAN, Carolina RENDÓN-BARRAZA",2020-06-12,2020-06-12,2022-10-25,2022-10-25,https://patents.google.com/patent/US11480515B2/en,https://patentimages.storage.googleapis.com/db/c6/3a/2b72b8b5087e45/US11480515-20221025-D00000.png
SG-10202104009W-A,Device for confining surface phonon-polaritons and method for forming the same ,"Univ Nanyang Tech, Univ Southampton","Dubrovkin Alexander, Bo Qiang, Qijie Wang, Ivanovich Zheludev Nikolay",2020-04-27,2021-04-20,2021-11-29,,https://patents.google.com/patent/SG10202104009WA/en,
GB-201110721-D0,Polymer composition and use thereof ,Univ Southampton,,2011-06-24,2011-06-24,2011-08-10,,https://patents.google.com/patent/GB201110721D0/en,
GB-201122297-D0,Vaccine - screening method ,"Retroscreen Virology Ltd, Univ Southampton",,2011-12-23,2011-12-23,2012-02-01,,https://patents.google.com/patent/GB201122297D0/en,
GB-201211154-D0,Composition ,Univ Southampton,,2012-06-22,2012-06-22,2012-08-08,,https://patents.google.com/patent/GB201211154D0/en,
GB-201300369-D0,Biomarker panel for prostate cancer ,Univ Southampton,,2013-01-09,2013-01-09,2013-02-20,,https://patents.google.com/patent/GB201300369D0/en,
GB-201500335-D0,Biomarker panel for prostate cancer ,Univ Southampton,,2015-01-09,2015-01-09,2015-02-25,,https://patents.google.com/patent/GB201500335D0/en,
GB-201510017-D0,Activity assay ,Univ Southampton,,2015-06-09,2015-06-09,2015-07-22,,https://patents.google.com/patent/GB201510017D0/en,
GB-202004021-D0,Rapid screen for antibiotic resistance and treatment regimen ,"Sec Dep For Health And Social Care, Univ Southampton",,2020-03-19,2020-03-19,2020-05-06,,https://patents.google.com/patent/GB202004021D0/en,
GB-2562971-B,Hollow-core photonic bandgap fibers ,Univ Southampton,"Rodrigue Numkam Fokoua Eric, Poletti Francesco, John Richardson David",2013-09-20,2013-09-20,2019-04-17,2019-04-17,https://patents.google.com/patent/GB2562971B/en,
GB-201405264-D0,Modified antibodies containing lgG2 Domains which possess agonist or antagonistic properties and therapeutic use thereof ,Univ Southampton,,2014-03-24,2014-03-24,2014-05-07,,https://patents.google.com/patent/GB201405264D0/en,
GB-202206241-D0,Tandem FC proteins ,Univ Southampton,,2022-04-28,2022-04-28,2022-06-15,,https://patents.google.com/patent/GB202206241D0/en,
GB-202204597-D0,Energy harvesting device ,Univ Southampton,,2021-05-28,2022-03-30,2022-05-11,,https://patents.google.com/patent/GB202204597D0/en,
GB-202201785-D0,Optical time domain reflectometry for hollow core optical fibres ,Univ Southampton,,2022-02-11,2022-02-11,2022-03-30,,https://patents.google.com/patent/GB202201785D0/en,
WO-2022162198-A1,A capacitor resonator modulator ,University Of Southampton,"Weiwei Zhang, Graham Reed, David Thomson, Martin Ebert, Shin Saito",2021-01-29,2022-01-28,2022-08-04,,https://patents.google.com/patent/WO2022162198A1/en,
GB-202117705-D0,Multi-excitation raman spectroscopy method and apparatus ,Univ Southampton,,2021-12-08,2021-12-08,2022-01-19,,https://patents.google.com/patent/GB202117705D0/en,
GB-202112722-D0,Device for controlling the dose of electromagetic radiation to surface subject to movement ,Univ Southampton,,2021-09-07,2021-09-07,2021-10-20,,https://patents.google.com/patent/GB202112722D0/en,
GB-202112368-D0,Optical reflector and optical switch ,Univ Southampton,,2021-08-31,2021-08-31,2021-10-13,,https://patents.google.com/patent/GB202112368D0/en,
GB-202104545-D0,Hybrid fiber waveguide with antiresonant and omnidirectional multilayer structure for enhanced light guidance ,Univ Southampton,,2021-03-30,2021-03-30,2021-05-12,,https://patents.google.com/patent/GB202104545D0/en,
GB-202100394-D0,Optical beam transformer ,Univ Southampton,,2021-01-12,2021-01-12,2021-02-24,,https://patents.google.com/patent/GB202100394D0/en,
GB-202012615-D0,Method and apparatus for inactivation of infectious agents ,Univ Southampton,,2020-08-13,2020-08-13,2020-09-30,,https://patents.google.com/patent/GB202012615D0/en,
GB-202210361-D0,Hollow core optical fibre drawing method with modifies drawdown ,Univ Southampton,,2022-07-14,2022-07-14,2022-08-31,,https://patents.google.com/patent/GB202210361D0/en,
GB-202210360-D0,Hollow core optical fiber drawing method with modified preform ,Univ Southampton,,2022-07-14,2022-07-14,2022-08-31,,https://patents.google.com/patent/GB202210360D0/en,
GB-202212184-D0,Compounds ,Univ Southampton,,2022-08-22,2022-08-22,2022-10-05,,https://patents.google.com/patent/GB202212184D0/en,
GB-202006385-D0,Rapid point-of-care diagnostic assay for Covid-19 ,Univ Southampton,,2020-04-30,2020-04-30,2020-06-17,,https://patents.google.com/patent/GB202006385D0/en,
GB-201918687-D0,Optical beam transformer ,Univ Southampton,,2019-12-18,2019-12-18,2020-01-29,,https://patents.google.com/patent/GB201918687D0/en,
GB-201916549-D0,Planar integrated optics embedded in advanced laminated composites ,Univ Southampton,,2019-11-14,2019-11-14,2020-01-01,,https://patents.google.com/patent/GB201916549D0/en,
GB-201914537-D0,Transcript analysis ,Univ Southampton,,2019-10-08,2019-10-08,2019-11-20,,https://patents.google.com/patent/GB201914537D0/en,
CN-112771063-A,Fluorinated bile acid derivatives ,"Nzp英国有限公司, 南安普顿大学","A·C·韦茅斯-威尔逊, G·帕克, B·J·P·林克劳, D·基德-辛克莱, K·A·沃森",2018-07-30,2019-07-30,2021-05-07,,https://patents.google.com/patent/CN112771063A/en,https://patentimages.storage.googleapis.com/02/f2/7f/f6372b8f12eba9/HDA0002918574710000011.png
GB-202213075-D0,Device for controlling the dose of electro-magnetic radiation to surfaces subject to movement ,Univ Southampton,,2022-09-07,2022-09-07,2022-10-19,,https://patents.google.com/patent/GB202213075D0/en,
WO-2019102204-A1,Biomarker and uses thereof ,University Of Southampton,"Paul ELKINGTON, Spiro GARBIS, Diana GARAY BAQUERO, Christopher WOELK, Cory White",2017-11-24,2018-11-23,2019-05-31,,https://patents.google.com/patent/WO2019102204A1/en,
GB-201901882-D0,Cartilage tissue ,Univ Southampton,,2019-02-11,2019-02-11,2019-04-03,,https://patents.google.com/patent/GB201901882D0/en,
GB-202018469-D0,Electric heating system for heating a fluid flow ,Univ Southampton,,2020-11-24,2020-11-24,2021-01-06,,https://patents.google.com/patent/GB202018469D0/en,
GB-202215749-D0,Biomarkers ,Univ Southampton,,2022-10-24,2022-10-24,2022-12-07,,https://patents.google.com/patent/GB202215749D0/en,
GB-201901827-D0,Cartilage tissue ,Univ Southampton,,2019-02-08,2019-02-08,2019-04-03,,https://patents.google.com/patent/GB201901827D0/en,
GB-202300823-D0,Hollow core optical fibre with yield tolerant microstructure ,Univ Southampton,,2023-01-19,2023-01-19,2023-03-08,,https://patents.google.com/patent/GB202300823D0/en,
GB-201820743-D0,Optical beam transformer ,Univ Southampton,,2018-12-19,2018-12-19,2019-01-30,,https://patents.google.com/patent/GB201820743D0/en,
WO-2022123210-A1,Reference electrode & ion selective membrane ,University Of Southampton,"Roeland Hubertus Gerardus MINGELS, Hywel Morgan",2020-12-07,2021-11-25,2022-06-16,,https://patents.google.com/patent/WO2022123210A1/en,
GB-201001362-D0,A sensor for erosion detection and mounting ,Univ Southampton,,2010-01-28,2010-01-28,2010-03-17,,https://patents.google.com/patent/GB201001362D0/en,
GB-201002754-D0,Rayleigh wave exciter ,Univ Southampton,,2010-02-18,2010-02-18,2010-04-07,,https://patents.google.com/patent/GB201002754D0/en,
GB-202301076-D0,Spectrometer and method of making a spectrometer ,Univ Southampton,,2023-01-25,2023-01-25,2023-03-08,,https://patents.google.com/patent/GB202301076D0/en,
GB-202008127-D0,Sterlisation of endoscopes ,Univ Southampton,,2020-05-29,2020-05-29,2020-07-15,,https://patents.google.com/patent/GB202008127D0/en,
GB-201801580-D0,Microfluidic device and method for determining cellelectrical barrier properties ,Univ Southampton,,2018-01-31,2018-01-31,2018-03-14,,https://patents.google.com/patent/GB201801580D0/en,
GB-201917289-D0,Method and apparatus for optical pulse sequence generation ,Univ Southampton,,2019-11-27,2019-11-27,2020-01-08,,https://patents.google.com/patent/GB201917289D0/en,
GB-201913690-D0,Molecular phenotype classification ,Univ Southampton,,2019-09-23,2019-09-23,2019-11-06,,https://patents.google.com/patent/GB201913690D0/en,
US-9822052-B2,Nanoparticle catalysts for conversion of cyclohexanol to cyclohexanone ,"Advansix Resins & Chemicals Llc, University Of Southampton","Alan B. Levy, Scott R. Keenan, Robert Raja, Arran M. Gill, Matthew E. Potter, Sivan A. Van Aswegen",2015-10-01,2016-09-29,2017-11-21,2017-11-21,https://patents.google.com/patent/US9822052B2/en,https://patentimages.storage.googleapis.com/bc/4d/91/bd6f5b92425f37/US09822052-20171121-D00001.png
GB-202013282-D0,Optical modulator ,"Rockley Photonics Ltd, Univ Southampton",,2019-08-26,2020-08-25,2020-10-07,,https://patents.google.com/patent/GB202013282D0/en,
KR-20220154686-A,LILRB3 Antibody Molecules and Uses Thereof ,"바이오인벤트 인터내셔날 에이비, 유니버시티 오브 사우스앰톤","비요른 프렌데우스, 알리 로가니안, 마크 크랙",2020-02-12,2021-02-12,2022-11-22,,https://patents.google.com/patent/KR20220154686A/en,https://patentimages.storage.googleapis.com/d5/6d/c8/044e4606f7750c/pct00004.png
GB-201913533-D0,Optical thin films and fabrication thereof ,Univ Southampton,,2019-09-19,2019-09-19,2019-11-06,,https://patents.google.com/patent/GB201913533D0/en,
WO-2019211628-A1,"Detector for detecting neural spike signals, neural spike recording system, and method of using a detector ",University Of Southampton,"Themistoklis Prodromakis, Alexantrou SERB",2018-05-04,2019-05-03,2019-11-07,,https://patents.google.com/patent/WO2019211628A1/en,
CN-113330020-A,2-fluoro bile acids for the treatment of neurodegenerative diseases ,"Nzp英国有限公司, 南安普顿大学","A·C·韦茅斯-威尔逊, B·J·P·林克劳, G·帕克尔, J·瓦茨, H·莫蒂博伊斯, O·班德曼, C·黑斯廷斯",2018-12-20,2019-12-20,2021-08-31,,https://patents.google.com/patent/CN113330020A/en,https://patentimages.storage.googleapis.com/1f/e6/cb/3ccf2d68d044c2/HDA0003125029830000061.png
GB-201907382-D0,"Computer-implemented method for creating encoded data for use in a cognitive computing system, as well as cognitive processing unit and cognitive computing ",Univ Southampton,,2019-05-24,2019-05-24,2019-07-10,,https://patents.google.com/patent/GB201907382D0/en,
GB-201018604-D0,Use of CD1d ligands and hydrolases thereof ,Univ Southampton,,2010-11-04,2010-11-04,2010-12-22,,https://patents.google.com/patent/GB201018604D0/en,
WO-2020188254-A1,Solid-state ph sensor and calibration method ,University Of Southampton,"Hywel Morgan, Roeland Hubertus Gerardus MINGELS",2019-03-18,2020-03-12,2020-09-24,,https://patents.google.com/patent/WO2020188254A1/en,
GB-201903877-D0,Peptide-induced nk cell activation ,Univ Southampton,,2019-03-21,2019-03-21,2019-05-08,,https://patents.google.com/patent/GB201903877D0/en,
GB-201815369-D0,Structured gels ,Univ Southampton,,2018-09-20,2018-09-20,2018-11-07,,https://patents.google.com/patent/GB201815369D0/en,
WO-2019048860-A1,Stent with streamlined side holes ,University Of Southampton,"Ali MOSAYYEBI, Dario CARUGO, Costantino MANES",2017-09-06,2018-09-06,2019-03-14,,https://patents.google.com/patent/WO2019048860A1/en,
GB-2546966-B,Trimming optical device structures ,Univ Southampton,"John Thomson David, Trevor Reed Graham, Topley Robert",2016-01-21,2016-01-21,2021-08-04,2021-08-04,https://patents.google.com/patent/GB2546966B/en,
WO-2014016544-A2,A process for the electrochemical deposition of a semiconductor material ,University Of Southampton,"Gillian REID, Philip Nigel Bartlett, Andrew Lee HECTOR",2012-07-27,2013-07-24,2014-01-30,,https://patents.google.com/patent/WO2014016544A2/en,
GB-2584877-B,Method for fabrication of ridge waveguides ,Univ Southampton,"Glynn Carpenter Lewis, Adam Berry Sam, Barry Edmund Gawith Corin, George Robin Smith Peter",2019-06-19,2019-06-19,2023-02-08,2023-02-08,https://patents.google.com/patent/GB2584877B/en,
GB-201002850-D0,Laser Device ,Univ Southampton,,2010-02-19,2010-02-19,2010-04-07,,https://patents.google.com/patent/GB201002850D0/en,
GB-201912337-D0,Method of forming birefringent structures in an optical element ,Univ Southampton,,2019-08-28,2019-08-28,2019-10-09,,https://patents.google.com/patent/GB201912337D0/en,
GB-201011150-D0,Antibody modulation ,Univ Southampton,,2010-07-02,2010-07-02,2010-08-18,,https://patents.google.com/patent/GB201011150D0/en,
GB-201012118-D0,Impact and erosion resistant coatings combined with auxetic foams for high impact resistance applications ,Univ Southampton,,2010-07-19,2010-07-19,2010-09-01,,https://patents.google.com/patent/GB201012118D0/en,
GB-201118102-D0,Compound ,Univ Southampton,,2011-10-20,2011-10-20,2011-11-30,,https://patents.google.com/patent/GB201118102D0/en,
WO-2014013214-A1,An alkyltelluroether precursor for use in the single source chemical vapour deposition of a metal telluride ,University Of Southampton,"Gillian REID, William Levason, Cornelis Hendrik de Groot",2012-07-17,2013-07-16,2014-01-23,,https://patents.google.com/patent/WO2014013214A1/en,
US-2021265798-A1,Method of optical pulse delivery to multiple locations on a substrate ,University Of Southampton,"Masaaki SAKAKURA, Yanhao Yu, Peter Kazansky, Lei Wang",2020-02-26,2021-02-22,2021-08-26,,https://patents.google.com/patent/US20210265798A1/en,https://patentimages.storage.googleapis.com/a7/9c/22/e1b9f1d8d5d488/US20210265798A1-20210826-D00000.png
US-2021265797-A1,Method of pulsed laser irradiation with reduced thermal damage ,University Of Southampton,"Masaaki SAKAKURA, Yanhao Yu, Peter Kazansky, Lei Wang",2020-02-26,2021-02-22,2021-08-26,,https://patents.google.com/patent/US20210265797A1/en,https://patentimages.storage.googleapis.com/06/ff/b7/b8a88926a7b744/US20210265797A1-20210826-D00000.png
GB-201400373-D0,Biomarker panel for prostate cancer ,Univ Southampton,,2014-01-09,2014-01-09,2014-02-26,,https://patents.google.com/patent/GB201400373D0/en,
US-2022260363-A1,Real-time through-thickness and in-plane strain monitoring in carbon fibre reinforced polymer composites using planar optical bragg gratings ,University Of Southampton,"Christopher Holmes, Janice BARTON, Daniel Bull",2021-02-17,2021-02-17,2022-08-18,,https://patents.google.com/patent/US20220260363A1/en,https://patentimages.storage.googleapis.com/05/65/c3/85562d954dcab9/US20220260363A1-20220818-D00000.png
US-2022193143-A1,Cartilage tissue ,University Of Southampton,"Franchesca D HOUGHTON, Rahul S TARE, Lauren A GRIFFITH",2019-02-08,2020-02-07,2022-06-23,,https://patents.google.com/patent/US20220193143A1/en,https://patentimages.storage.googleapis.com/08/aa/8d/4f1c52c0187e01/US20220193143A1-20220623-D00000.png
GB-202201809-D0,Apparatus for use in four wave mixing and method for configuring a phase adjusting means therein to suppress unwanted idlers ,Univ Southampton,,2022-02-11,2022-02-11,2022-03-30,,https://patents.google.com/patent/GB202201809D0/en,
US-2019322998-A1,One pot assembly ,University Of Southampton,Ali Tavassoli,2017-04-27,2017-04-27,2019-10-24,,https://patents.google.com/patent/US20190322998A1/en,https://patentimages.storage.googleapis.com/4b/2c/91/9cd8933ff2f634/US20190322998A1-20191024-D00001.png
GB-2562688-B,Methods of manufacturing hollow-core photonic bandgap fibers. ,Univ Southampton,"Rodrigue Numkam Fokoua Eric, Poletti Francesco, John Richardson David, Chen Yong, Violet Wheeler Natalie, Richard Hayes John, Petrovich Marco",2013-09-20,2013-09-20,2019-06-19,2019-06-19,https://patents.google.com/patent/GB2562688B/en,
GB-2563758-B,Hollow-core photonic bandgap fibers ,Univ Southampton,"Rodrigue Numkam Fokoua Eric, Poletti Francesco, John Richardson David",2013-09-20,2013-09-20,2019-09-04,2019-09-04,https://patents.google.com/patent/GB2563758B/en,
WO-2023031600-A1,Hybrid electrolyte ,University Of Southampton,"Vivek Jayavalli PADMANABHAN, Nina Catherine MEDDINGS, Nuria GARCIA-ARAEZ GARCIA DEL VALLE",2021-09-02,2022-08-31,2023-03-09,,https://patents.google.com/patent/WO2023031600A1/en,
GB-201010976-D0,Antibody modulation ,Univ Southampton,,2010-06-30,2010-06-30,2010-08-11,,https://patents.google.com/patent/GB201010976D0/en,
WO-2022256628-A1,Suppressive t cell populations and methods of cancer immunotherapy ,"La Jolla Institute For Immunology, University Of Southampton","Pandurangan VIJAYANAND, Christian OTTENSMEIER, Simon ESCHWEILER, Mitchell Kronenberg",2021-06-04,2022-06-03,2022-12-08,,https://patents.google.com/patent/WO2022256628A1/en,
WO-2022248276-A1,Regenerative shock absorber ,University Of Southampton,Mohamed TORBATI,2021-05-28,2022-05-16,2022-12-01,,https://patents.google.com/patent/WO2022248276A1/en,
WO-2022248277-A1,Energy harvesting device ,University Of Southampton,Mohamed TORBATI,2021-05-28,2022-05-16,2022-12-01,,https://patents.google.com/patent/WO2022248277A1/en,
GB-2609524-A,Regenerative shock absorber ,Univ Southampton,Torbati Mohamed,2021-05-28,2022-03-30,2023-02-08,,https://patents.google.com/patent/GB2609524A/en,
GB-201405275-D0,Modified antibodies containing lgG2 Domains which possess agonist or antagonistic properties and therapeutic use thereof ,Univ Southampton,,2014-03-25,2014-03-25,2014-05-07,,https://patents.google.com/patent/GB201405275D0/en,
GB-201408264-D0,Peptide-induced NK cell activation ,Univ Southampton,,2014-05-09,2014-05-09,2014-06-25,,https://patents.google.com/patent/GB201408264D0/en,
GB-201408303-D0,Fluid flow device with flow control and method for making the same ,Univ Southampton,,2014-05-12,2014-05-12,2014-06-25,,https://patents.google.com/patent/GB201408303D0/en,
GB-201411884-D0,Cancer therapy ,Univ Southampton,,2014-07-03,2014-07-03,2014-08-20,,https://patents.google.com/patent/GB201411884D0/en,
WO-2022189508-A1,Novel combinations of antibodies and uses thereof ,"Bioinvent International Ab, University Of Southampton","Björn FRENDÉUS, Linda MÅRTENSSON, Ingrid Teige, Mark Cragg, Robert Oldham, Stephen Beers, Ali Roghanian",2021-03-09,2022-03-09,2022-09-15,,https://patents.google.com/patent/WO2022189508A1/en,
WO-2022185063-A1,A catheter ,University Of Southampton,"Neil Warren BRESSLOFF, Nick CURZEN, Oguz Can EREN",2021-03-04,2022-03-03,2022-09-09,,https://patents.google.com/patent/WO2022185063A1/en,
US-2016074540-A1,Metal complexes and their fluorination ,"Ge Healthcare Limited, University Of Southampton","Rajiv Bhalla, Gill REID, William Levason",2013-05-03,2014-05-02,2016-03-17,,https://patents.google.com/patent/US20160074540A1/en,
GB-201415406-D0,A PCB integrated reference electrode ,Univ Southampton,,2014-08-29,2014-08-29,2014-10-15,,https://patents.google.com/patent/GB201415406D0/en,
GB-201415404-D0,A microfluidic chip connector assembly ,Univ Southampton,,2014-08-29,2014-08-29,2014-10-15,,https://patents.google.com/patent/GB201415404D0/en,
GB-201415405-D0,A sensor for use in analysing biomolecules ,Univ Southampton,,2014-08-29,2014-08-29,2014-10-15,,https://patents.google.com/patent/GB201415405D0/en,
GB-2562689-B,Hollow-core photonic bandgap fibers ,Univ Southampton,"Rodrigue Numkam Fokoua Eric, Poletti Francesco, John Richardson David",2013-09-20,2013-09-20,2019-05-29,2019-05-29,https://patents.google.com/patent/GB2562689B/en,
GB-202208752-D0,Display apparatus ,Univ Southampton,,2022-06-15,2022-06-15,2022-07-27,,https://patents.google.com/patent/GB202208752D0/en,
GB-201421412-D0,Inverter ,Univ Southampton,,2014-12-02,2014-12-02,2015-01-14,,https://patents.google.com/patent/GB201421412D0/en,
WO-2022180410-A1,Peptides binding to hypoxia inducible factors and their use ,University Of Southampton,Ali Tavassoli,2021-02-25,2022-02-25,2022-09-01,,https://patents.google.com/patent/WO2022180410A1/en,
GB-201502122-D0,Peptide-induced NK cell activation ,Univ Southampton,,2015-02-09,2015-02-09,2015-03-25,,https://patents.google.com/patent/GB201502122D0/en,
GB-201509303-D0,Compound ,Univ Southampton,,2015-05-29,2015-05-29,2015-07-15,,https://patents.google.com/patent/GB201509303D0/en,
GB-201509712-D0,Electrodeposition process ,Univ Southampton,,2015-06-04,2015-06-04,2015-07-22,,https://patents.google.com/patent/GB201509712D0/en,
GB-2541723-A,Apparatus for enabling an electrical conductor to pass through a wall of a pressure vessel without compromising the vessel's pressure integrity ,Univ Southampton,"Alibouri Mehrdad, Christopher Smith David",2015-08-27,2015-08-27,2017-03-01,,https://patents.google.com/patent/GB2541723A/en,
WO-2022167786-A1,Methods of optical detection and optical detection apparatus ,University Of Southampton,"Gilberto Brambilla, Ali MASOUDI",2021-02-03,2022-02-02,2022-08-11,,https://patents.google.com/patent/WO2022167786A1/en,
GB-201101440-D0,A sensor for erosion detection and monitoring ,Univ Southampton,,2011-01-28,2011-01-28,2011-03-16,,https://patents.google.com/patent/GB201101440D0/en,
GB-201004791-D0,Identification and characterization of arylstibonic acid dna n6 adenine methyltransferase inhibitors ,Univ Southampton,,2010-03-23,2010-03-23,2010-05-05,,https://patents.google.com/patent/GB201004791D0/en,
GB-2559100-A,Modulation of gene expression and screening for deregulated protein expression ,Univ Southampton,"Vorechovsky Igor, Kralovicova Jana",2016-08-31,2016-08-31,2018-08-01,,https://patents.google.com/patent/GB2559100A/en,
GB-201010940-D0,Miniaturised high sensitivity separation resolution for capillary electrophoresis by dynamic control of the eof ,Univ Southampton,,2010-06-29,2010-06-29,2010-08-11,,https://patents.google.com/patent/GB201010940D0/en,
GB-201600329-D0,Biomarker panel for prostate cancer ,Univ Southampton,,2016-01-08,2016-01-08,2016-02-24,,https://patents.google.com/patent/GB201600329D0/en,
WO-2016087877-A1,An optical device ,University Of Southampton,"Martin D CHARLTON, Mael BROSSARD, Pavlos Lagoudakis",2014-12-05,2015-12-04,2016-06-09,,https://patents.google.com/patent/WO2016087877A1/en,
GB-201603609-D0,"Transmitter, communications network method ",Univ Southampton,,2016-03-02,2016-03-02,2016-04-13,,https://patents.google.com/patent/GB201603609D0/en,
GB-201605352-D0,Method and apparatus for producing magnetization of nuclear spin ,Univ Southampton,,2016-03-30,2016-03-30,2016-05-11,,https://patents.google.com/patent/GB201605352D0/en,
WO-2016142687-A1,Nucleic acid analysis involving surface-anchored nucleic acid probes ,University Of Southampton,"Philip Nigel Bartlett, Tom Brown, Evanthia Papadopoulou, Nittaya Gale",2015-03-06,2016-03-07,2016-09-15,,https://patents.google.com/patent/WO2016142687A1/en,
GB-201607842-D0,Apparatus and a method for the production of glass insulated microwire ,Univ Southampton,,2016-05-04,2016-05-04,2016-06-22,,https://patents.google.com/patent/GB201607842D0/en,
GB-201615780-D0,Infrared optical material ,Univ Southampton,,2016-09-16,2016-09-16,2016-11-02,,https://patents.google.com/patent/GB201615780D0/en,
WO-2022106825-A1,Compositions ,University Of Southampton,"Ali Tavassoli, Andrew T BALL",2020-11-19,2021-11-18,2022-05-27,,https://patents.google.com/patent/WO2022106825A1/en,
GB-201621024-D0,Theraperutic agent screen ,Univ Southampton,,2016-12-10,2016-12-10,2017-01-25,,https://patents.google.com/patent/GB201621024D0/en,
EP-4067735-A1,Optical fiber with corrugations ,"Saudi Arabian Oil Company, University Of Southampton","Hesham SAKR, Hans Christian Hansen MULVAD, Shaif-Ul Alam, Lin Xu, Callum SMITH, John Hayes, David Richardson, Francesco Poletti, Damian Pablo SAN ROMAN ALERIGI, Sameeh Issa Batarseh",2021-04-01,2022-04-01,2022-10-05,,https://patents.google.com/patent/EP4067735A1/en,https://patentimages.storage.googleapis.com/fa/5b/85/f374799ae9bff5/imgf0001.png
GB-201700289-D0,Biomarker panel for prostate cancer ,Univ Southampton,,2017-01-09,2017-01-09,2017-02-22,,https://patents.google.com/patent/GB201700289D0/en,
GB-201704668-D0,Method and apparatus for producing magnetization of nuclear spin ,Univ Southampton,,2017-03-24,2017-03-24,2017-05-10,,https://patents.google.com/patent/GB201704668D0/en,
WO-2017153723-A1,Cochlear implant ,University Of Southampton,"Stephen John Elliott, Guangjian NI, Carl Anton VERSCHUUR",2016-03-08,2017-03-03,2017-09-14,,https://patents.google.com/patent/WO2017153723A1/en,
GB-201710181-D0,Method and apparatus arranged to transfer a hyperpolarized sample ,Univ Southampton,,2017-06-26,2017-06-26,2017-08-09,,https://patents.google.com/patent/GB201710181D0/en,
GB-201711806-D0,Creation of model to detect cirrhosis in primary care using standard tests (CIRRUS) ,Univ Southampton,,2017-07-21,2017-07-21,2017-09-06,,https://patents.google.com/patent/GB201711806D0/en,
GB-2565128-A,Fan-in/Fan-out device ,"Fujikura Ltd, Nippon Telegraph & Telephone, Univ Southampton","Takenaga Katsuhiro, Sasaki Yusuke, Mizuno Takayuki, Miyamoto Yutaka, Richardson David, Jung Yong-Min",2017-08-03,2017-08-03,2019-02-06,,https://patents.google.com/patent/GB2565128A/en,
GB-201721694-D0,Optical beam transformer ,Univ Southampton,,2017-12-22,2017-12-22,2018-02-07,,https://patents.google.com/patent/GB201721694D0/en,
GB-201800395-D0,Novel combination and use of antibodies ,"Bioinvent Int Ab, Univ Southampton",,2018-01-10,2018-01-10,2018-02-21,,https://patents.google.com/patent/GB201800395D0/en,
GB-201800461-D0,Novel combination and use of antibodies ,"Biolnvent Int Ab, Univ Southampton",,2018-01-11,2018-01-11,2018-02-28,,https://patents.google.com/patent/GB201800461D0/en,
GB-2571429-B,Optical modulator ,"Rockley Photonics Ltd, Univ Southampton","Yu Guomin, John Zilkie Aaron, Zhang Yi, Thomson David",2017-03-24,2017-03-24,2020-10-14,2020-10-14,https://patents.google.com/patent/GB2571429B/en,
WO-2021239243-A1,Mems actuation device and method ,"Huawei Technologies Co., Ltd., University Of Southampton","Falk-Martin HOFFMANN, Filippo Maria Fazi, Neil White, Keith Holland, Nick Harris, Simone Fontana, Peter GROSCHE",2020-05-29,2020-05-29,2021-12-02,,https://patents.google.com/patent/WO2021239243A1/en,
GB-201809970-D0,Ligase dimer inhibitors ,Univ Southampton,,2018-06-18,2018-06-18,2018-08-01,,https://patents.google.com/patent/GB201809970D0/en,
GB-2591813-A,Apparatus and method ,"Advanced Risc Mach Ltd, Univ Southampton","Anand Kumar Savanth Parameshwarappa, Stewart Weddell Alexander, James Walker Matthew, Wang Wei, Edward Myers James",2020-02-10,2020-02-10,2021-08-11,,https://patents.google.com/patent/GB2591813A/en,
GB-201811260-D0,Crc-aided logarithmic stack decoding of polar codes for ultra low latency communication in 3gpp new radio ,Univ Southampton,,2018-07-10,2018-07-10,2018-08-29,,https://patents.google.com/patent/GB201811260D0/en,
WO-2021123701-A1,Composition and methods ,University Of Southampton,"Robert Raja, Daniel Stewart",2019-12-17,2019-12-17,2021-06-24,,https://patents.google.com/patent/WO2021123701A1/en,
EP-4067952-A3,Nested anti-resonant nodeless optical fiber and subsurface system using the same ,"Saudi Arabian Oil Company, University Of Southampton","Hesham SAKR, Hans Christian Hansen MULVAD, Shaif-Ul Alam, Lin Xu, Callum SMITH, John Hayes, David Richardson, Francesco Poletti, Damian Pablo SAN ROMAN ALERIGI, Sameeh Issa Batarseh",2021-04-01,2022-03-31,2023-01-11,,https://patents.google.com/patent/EP4067952A3/en,
WO-2022053783-A1,Hollow core optical waveguides and methods for modification thereof ,University Of Southampton,"Natalie WHEELER, Peter HORAK, Francesco Poletti, Thomas Kelly, Matthew PARTRIDGE",2020-09-14,2021-09-02,2022-03-17,,https://patents.google.com/patent/WO2022053783A1/en,
GB-201013406-D0,Light localization and imaging apparatus ,Univ Southampton,,2010-08-10,2010-08-10,2010-09-22,,https://patents.google.com/patent/GB201013406D0/en,
GB-201812285-D0,High efficiency hybrid strongly coupled longitudinal-transverse phonon - polaritons ,Univ Southampton,,2018-07-27,2018-07-27,2018-09-12,,https://patents.google.com/patent/GB201812285D0/en,
GB-201812895-D0,Scaffold ,Univ Southampton,,2018-08-08,2018-08-08,2018-09-19,,https://patents.google.com/patent/GB201812895D0/en,
GB-201216860-D0,Apparatus for sensing at least one parameter in water ,Univ Southampton,,2012-08-20,2012-08-20,2012-11-07,,https://patents.google.com/patent/GB201216860D0/en,
US-2017052146-A1,Methods and apparatus for introducing a sample into a separation channel for electrophoresis ,University Of Southampton,"Xize Niu, Sammer-ul Hassan",2014-04-30,2015-04-28,2017-02-23,,https://patents.google.com/patent/US20170052146A1/en,https://patentimages.storage.googleapis.com/f4/16/a0/1ad3bf3192a724/US20170052146A1-20170223-D00000.png
CA-3164788-A1,Peptide ,"University Of Southampton, Ali Tavassoli",Ali Tavassoli,2019-12-18,2020-12-17,2021-06-24,,https://patents.google.com/patent/CA3164788A1/en,
KR-20130053831-A,Method and apparatus for creating personal sound zone ,"삼성전자주식회사, 유니버시티 오브 사우스앰톤","임형준, 김영태, 조던 취어, 스티브 엘리엇",2011-11-16,2011-11-16,2013-05-24,,https://patents.google.com/patent/KR20130053831A/en,https://patentimages.storage.googleapis.com/51/7e/47/82485bda019c51/pat00032.png
GB-201201407-D0,A sensor for erosion detection and monitoring ,Univ Southampton,,2012-01-27,2012-01-27,2012-03-14,,https://patents.google.com/patent/GB201201407D0/en,
GB-201119022-D0,Use of CD1d ligands and hydrolases thereof ,Univ Southampton,,2011-11-04,2011-11-04,2011-12-14,,https://patents.google.com/patent/GB201119022D0/en,
GB-201612106-D0,Activity assay ,Univ Of Southampton The,,2016-07-12,2016-07-12,2016-08-24,,https://patents.google.com/patent/GB201612106D0/en,
GB-202217658-D0,Radiation shield ,Univ Hospital Southampton Nhs Foundation Trust,,2022-11-25,2022-11-25,2023-01-11,,https://patents.google.com/patent/GB202217658D0/en,
GB-202204592-D0,Gas conservation apparatus ,Univ Hospital Southampton Nhs Foundation Trust,,2022-03-30,2022-03-30,2022-05-11,,https://patents.google.com/patent/GB202204592D0/en,
WO-2020165270-A1,Device comprising piezoelectrically active layer and method for producing such device ,The University Of Southampton,"Louise Diane Farrand, Mark John Goulding, Charles OPOKU, Nicholas Rose, Marcus NEWTON, Martyn Hill",2019-02-12,2020-02-12,2020-08-20,,https://patents.google.com/patent/WO2020165270A1/en,
GB-201908637-D0,Non-destructive testing method and apparatus ,Southampton Solent Univ,,2019-06-17,2019-06-17,2019-07-31,,https://patents.google.com/patent/GB201908637D0/en,
WO-2023052760-A1,Pulsed optical source ,University Of Southampton,"Peter George Robin Smith, Rex Hugh Seton BANNERMAN, Devin Hugh SMITH",2021-09-29,2022-09-28,2023-04-06,,https://patents.google.com/patent/WO2023052760A1/en,
GB-202302888-D0,Spinal implants ,Univ Of Southampton,,2023-02-28,2023-02-28,2023-04-12,,https://patents.google.com/patent/GB202302888D0/en,
WO-2018202680-A1,Method and device for measuring intracranial fluid pressure ,"Marchbanks Measurement Systems Limited, University Hospital Southampton Nhs Foundation Trust","Diederik BULTERS, Tony BIRCH, Robert James MARCHBANKS",2017-05-05,2018-05-02,2018-11-08,,https://patents.google.com/patent/WO2018202680A1/en,
